Date,Product_Category,Product,Region,Customer_Type,Units_Sold,Unit_Price,Revenue,Profit
2022-01-01,Clothing,Jeans,South,Direct,70,477.21,31734.46,13542.06
2022-01-01,Electronics,Laptop,West,Retail,80,151.73,13352.24,5896.68
2022-01-01,Sports,Tennis Racket,Central,Wholesale,82,311.06,25506.92,7317.33
2022-01-01,Clothing,T-Shirt,South,Direct,89,448.66,37934.2,7833.39
2022-01-01,Electronics,Tablet,South,Wholesale,87,59.81,4943.3,1635.63
2022-01-01,Electronics,Tablet,West,Retail,71,159.3,12441.33,4766.17
2022-01-01,Electronics,Headphones,Central,Wholesale,80,407.83,32626.4,6289.98
2022-01-01,Beauty,Face Serum,East,Retail,93,311.66,28984.38,12091.51
2022-01-01,Sports,Yoga Mat,North,Retail,29,262.66,9140.57,2236.66
2022-01-01,Home & Garden,Garden Tools,West,Direct,27,452.42,13436.87,4063.08
2022-01-01,Beauty,Face Serum,East,Wholesale,29,344.45,9989.05,4386.93
2022-01-01,Sports,Running Shoes,North,Wholesale,16,450.14,8642.69,3205.1
2022-01-01,Clothing,T-Shirt,Central,Retail,65,263.01,17095.65,5735.06
2022-01-01,Sports,Dumbbell Set,South,Wholesale,1,370.18,351.67,150.35
2022-01-02,Clothing,T-Shirt,South,Direct,48,317.14,14461.58,5223.1
2022-01-02,Clothing,T-Shirt,East,Retail,1,493.64,493.64,194.95
2022-01-02,Electronics,Smartwatch,South,Retail,22,363.97,7606.97,2229.08
2022-01-02,Electronics,Smartwatch,West,Direct,1,466.17,512.79,95.15
2022-01-02,Clothing,Jacket,North,Direct,11,334.32,4413.02,743.4
2022-01-02,Sports,Bike Helmet,North,Wholesale,30,56.69,2040.84,798.8
2022-01-02,Home & Garden,Office Chair,South,Direct,33,66.64,2089.16,937.32
2022-01-02,Home & Garden,Bedding Set,West,Wholesale,56,307.21,18924.14,3585.72
2022-01-02,Clothing,Jacket,Central,Direct,39,358.06,13964.34,2444.72
2022-01-02,Sports,Yoga Mat,North,Wholesale,86,153.26,15816.43,6849.59
2022-01-02,Home & Garden,Bedding Set,West,Wholesale,86,203.47,19248.26,4817.53
2022-01-02,Home & Garden,Garden Tools,South,Direct,34,284.01,9173.52,3079.29
2022-01-03,Home & Garden,Bedding Set,Central,Retail,95,237.09,22523.55,3559.89
2022-01-03,Clothing,Jacket,North,Retail,15,17.3,311.4,68.2
2022-01-03,Beauty,Face Serum,North,Retail,16,133.54,2563.97,697.04
2022-01-03,Beauty,Skin Care Kit,West,Retail,7,326.84,2516.67,997.55
2022-01-03,Sports,Yoga Mat,Central,Wholesale,77,146.02,11243.54,4831.44
2022-01-03,Sports,Bike Helmet,Central,Retail,32,319.5,10224.0,3404.35
2022-01-03,Electronics,Laptop,East,Direct,4,229.21,916.84,356.29
2022-01-03,Sports,Yoga Mat,West,Wholesale,82,59.31,5349.76,1811.85
2022-01-03,Home & Garden,Bedding Set,North,Retail,95,341.49,38929.86,6946.42
2022-01-03,Home & Garden,Office Chair,East,Direct,23,410.21,9434.83,3311.96
2022-01-03,Beauty,Skin Care Kit,North,Retail,27,251.36,8144.06,1439.05
2022-01-03,Clothing,T-Shirt,North,Direct,42,128.3,6466.32,2574.19
2022-01-03,Home & Garden,Lamp,South,Wholesale,9,117.41,1003.86,311.64
2022-01-03,Clothing,Dress,North,Wholesale,7,15.05,126.42,27.14
2022-01-03,Electronics,Laptop,Central,Wholesale,95,220.62,20958.9,7404.31
2022-01-04,Clothing,Sneakers,North,Wholesale,67,430.01,34572.8,12959.06
2022-01-04,Sports,Dumbbell Set,South,Retail,23,459.64,10043.13,2348.5
2022-01-04,Beauty,Skin Care Kit,North,Retail,20,437.88,10509.12,4265.75
2022-01-04,Clothing,Jeans,North,Wholesale,27,348.11,11278.76,3650.86
2022-01-04,Beauty,Face Serum,South,Wholesale,9,280.99,2402.46,735.9
2022-01-04,Home & Garden,Office Chair,Central,Direct,53,416.77,22088.81,4439.56
2022-01-04,Sports,Dumbbell Set,East,Direct,28,194.22,5438.16,2292.36
2022-01-04,Clothing,Sneakers,Central,Retail,34,167.51,5695.34,1339.4
2022-01-04,Electronics,Tablet,Central,Direct,76,233.49,17745.24,4148.89
2022-01-04,Home & Garden,Cookware Set,West,Wholesale,45,64.42,3188.79,506.44
2022-01-04,Sports,Yoga Mat,West,Direct,96,115.6,12207.36,2585.89
2022-01-04,Sports,Dumbbell Set,East,Direct,95,346.25,32893.75,7801.7
2022-01-04,Beauty,Hair Dryer,North,Direct,2,148.54,356.5,60.73
2022-01-04,Beauty,Fragrance,West,Wholesale,75,19.21,1584.83,488.31
2022-01-04,Sports,Tennis Racket,North,Retail,66,442.89,35076.89,5607.58
2022-01-04,Sports,Dumbbell Set,East,Direct,95,346.25,32893.75,7801.7
2022-01-05,Home & Garden,Office Chair,Central,Wholesale,25,232.83,5820.75,1578.51
2022-01-05,Beauty,Makeup Palette,North,Direct,58,406.24,28274.3,6179.93
2022-01-05,Beauty,Hair Dryer,North,Retail,18,158.69,3427.7,991.22
2022-01-05,Electronics,Smartphone,North,Wholesale,87,75.0,7830.0,2812.23
2022-01-05,Beauty,Hair Dryer,South,Retail,12,283.63,3233.38,1378.76
2022-01-05,Sports,Bike Helmet,Central,Direct,34,357.57,12157.38,4024.84
2022-01-05,Clothing,T-Shirt,West,Direct,34,190.48,7123.95,3201.05
2022-01-05,Home & Garden,Garden Tools,Central,Retail,24,54.79,1314.96,403.4
2022-01-05,Electronics,Headphones,North,Wholesale,15,496.77,8941.86,2985.17
2022-01-05,Home & Garden,Cookware Set,South,Direct,26,294.72,7279.58,2022.48
2022-01-05,Electronics,Tablet,Central,Direct,66,48.78,3219.48,684.29
2022-01-05,Electronics,Laptop,North,Retail,66,241.08,19093.54,6796.19
2022-01-05,Electronics,Smartwatch,South,Direct,3,365.04,1040.36,356.23
2022-01-05,Clothing,Dress,West,Retail,26,363.7,10401.82,3154.64
2022-01-05,Clothing,T-Shirt,North,Wholesale,7,299.22,2513.45,903.7
2022-01-05,Beauty,Hair Dryer,North,Direct,60,393.23,28312.56,5303.69
2022-01-05,Electronics,Laptop,North,Direct,9,268.89,2904.01,
2022-01-05,Beauty,Hair Dryer,North,Retail,18,158.69,3427.7,991.22
2022-01-06,Beauty,Hair Dryer,North,Direct,59,253.84,17971.87,5384.24
2022-01-06,Home & Garden,Office Chair,North,Direct,26,226.62,7070.54,2176.32
2022-01-06,Clothing,Sneakers,North,Wholesale,42,435.56,21952.22,3748.84
2022-01-06,Beauty,Hair Dryer,West,Direct,56,489.66,30163.06,12812.18
2022-01-06,Home & Garden,Bedding Set,North,Direct,12,475.32,6844.61,1482.94
2022-01-06,Electronics,Headphones,Central,Wholesale,15,213.0,3195.0,960.42
2022-01-06,Beauty,Fragrance,West,Wholesale,49,306.02,16494.48,4823.84
2022-01-06,Electronics,Smartphone,North,Retail,27,106.3,3444.12,826.6
2022-01-06,Home & Garden,Garden Tools,Central,Direct,74,496.3,36726.2,5729.45
2022-01-06,Beauty,Face Serum,North,Wholesale,38,83.44,3804.86,1605.47
2022-01-06,Sports,Running Shoes,North,Wholesale,91,373.87,40826.6,16909.29
2022-01-06,Sports,Running Shoes,Central,Wholesale,88,130.04,11443.52,2996.93
2022-01-06,Home & Garden,Lamp,West,Direct,6,217.89,1438.07,
2022-01-06,Sports,Dumbbell Set,South,Wholesale,80,339.15,25775.4,10202.4
2022-01-06,Home & Garden,Lamp,Central,Retail,82,466.09,38219.38,9516.2
2022-01-06,Clothing,Jacket,North,Wholesale,13,483.76,7546.66,2845.96
2022-01-06,Clothing,T-Shirt,Central,Wholesale,55,68.65,3775.75,1658.94
2022-01-06,Beauty,Makeup Palette,Central,Retail,41,161.08,6604.28,2073.48
2022-01-06,Clothing,Jeans,North,Retail,14,97.33,1635.14,327.28
2022-01-07,Clothing,Sneakers,East,Wholesale,81,162.34,13149.54,5874.53
2022-01-07,Home & Garden,Cookware Set,North,Direct,22,244.42,6452.69,1401.01
2022-01-07,Electronics,Tablet,East,Retail,63,408.35,25726.05,10860.63
2022-01-07,Home & Garden,Lamp,East,Retail,20,100.11,2002.2,583.8
2022-01-07,Home & Garden,Cookware Set,South,Wholesale,53,114.0,5739.9,1434.11
2022-01-07,Clothing,Jeans,Central,Direct,25,31.93,798.25,345.37
2022-01-07,Sports,Yoga Mat,North,Retail,64,40.56,3115.01,486.58
2022-01-07,Clothing,T-Shirt,West,Wholesale,78,71.92,6170.74,1661.83
2022-01-07,Home & Garden,Cookware Set,West,Wholesale,74,205.54,16730.96,5968.49
2022-01-07,Sports,Bike Helmet,West,Wholesale,31,33.94,1157.35,456.01
2022-01-07,Home & Garden,Bedding Set,South,Direct,82,462.96,36064.58,15585.21
2022-01-08,Beauty,Face Serum,West,Direct,33,102.62,3725.11,1351.26
2022-01-08,Beauty,Makeup Palette,South,Retail,3,441.02,1256.91,218.97
2022-01-08,Electronics,Headphones,North,Direct,79,103.19,9782.41,3907.28
2022-01-08,Electronics,Smartwatch,Central,Retail,20,211.25,4225.0,1791.12
2022-01-08,Beauty,Hair Dryer,East,Retail,48,303.75,14580.0,3844.67
2022-01-08,Home & Garden,Lamp,North,Wholesale,76,98.36,8970.43,3842.05
2022-01-08,Electronics,Tablet,North,Direct,70,238.89,20066.76,4156.49
2022-01-08,Sports,Dumbbell Set,South,Wholesale,35,224.44,7462.63,1298.48
2022-01-08,Clothing,Dress,Central,Wholesale,24,260.28,6246.72,1821.03
2022-01-08,Electronics,Smartphone,Central,Retail,30,167.75,5032.5,1838.7
2022-01-08,Electronics,Smartphone,North,Retail,71,477.18,40655.74,8419.41
2022-01-08,Clothing,Dress,West,Wholesale,51,491.57,27577.08,5980.98
2022-01-08,Electronics,Tablet,Central,Wholesale,99,137.17,13579.83,5653.12
2022-01-08,Sports,Tennis Racket,North,Direct,91,486.27,53100.68,9150.0
2022-01-08,Electronics,Headphones,Central,Retail,24,64.37,1544.88,675.02
2022-01-08,Beauty,Makeup Palette,West,Retail,4,450.77,1983.39,848.12
2022-01-08,Electronics,Tablet,West,Retail,12,168.89,2229.35,402.8
2022-01-08,Beauty,Makeup Palette,East,Wholesale,39,123.19,4804.41,1947.78
2022-01-08,Sports,Bike Helmet,North,Wholesale,58,408.29,28416.98,7834.24
2022-01-08,Clothing,Jeans,East,Direct,20,354.37,7087.4,1482.98
2022-01-08,Sports,Running Shoes,East,Retail,46,348.89,16048.94,4368.72
2022-01-09,Clothing,T-Shirt,East,Direct,78,178.02,13885.56,3619.26
2022-01-09,Sports,Dumbbell Set,North,Retail,42,353.63,17822.95,6039.16
2022-01-09,Home & Garden,Office Chair,North,Retail,89,191.77,20481.04,5935.11
2022-01-09,Beauty,Face Serum,Central,Direct,35,58.88,2060.8,406.61
2022-01-09,Sports,Running Shoes,South,Wholesale,29,178.78,4925.39,1410.29
2022-01-09,Beauty,Face Serum,East,Direct,9,10.91,98.19,23.51
2022-01-09,Sports,Dumbbell Set,North,Direct,63,379.5,28690.2,9480.45
2022-01-09,Home & Garden,Bedding Set,South,Wholesale,53,31.44,1583.0,243.8
2022-01-09,Electronics,Tablet,South,Direct,86,132.91,10858.75,4642.9
2022-01-09,Sports,Running Shoes,South,Direct,28,225.16,5989.26,1087.95
2022-01-09,Clothing,Sneakers,South,Retail,73,175.82,12193.12,2711.41
2022-01-09,Home & Garden,Office Chair,Central,Retail,83,358.9,29788.7,7639.99
2022-01-09,Clothing,Jacket,East,Retail,71,298.5,21193.5,4802.02
2022-01-09,Home & Garden,Lamp,South,Direct,34,429.36,13868.33,4068.29
2022-01-09,Sports,Tennis Racket,North,Direct,84,174.12,17551.3,5328.51
2022-01-09,Clothing,Sneakers,West,Direct,69,107.85,8185.82,3036.53
2022-01-09,Clothing,T-Shirt,Central,Wholesale,40,321.48,12859.2,2404.04
2022-01-09,Beauty,Face Serum,West,Wholesale,69,211.11,16023.25,5608.55
2022-01-10,Clothing,Jacket,East,Retail,19,469.91,8928.29,2945.36
2022-01-10,Beauty,Makeup Palette,East,Direct,26,363.18,9442.68,2600.15
2022-01-10,Beauty,Makeup Palette,South,Direct,28,237.17,6308.72,2837.27
2022-01-10,Electronics,Smartwatch,Central,Wholesale,69,334.83,23103.27,10361.13
2022-01-10,Electronics,Smartwatch,East,Retail,92,221.96,20420.32,4998.54
2022-01-10,Electronics,Laptop,North,Direct,25,344.6,10338.0,3861.32
2022-01-10,Home & Garden,Cookware Set,West,Direct,97,434.17,46325.94,20706.37
2022-01-10,Sports,Yoga Mat,West,Wholesale,56,114.37,7045.19,3080.48
2022-01-10,Electronics,Tablet,West,Direct,79,447.05,38848.65,12224.77
2022-01-10,Clothing,Jacket,East,Wholesale,51,384.46,19607.46,8643.58
2022-01-10,Sports,Running Shoes,Central,Direct,88,82.68,7275.84,2833.81
2022-01-10,Clothing,Dress,West,Wholesale,21,444.32,10263.79,2923.28
2022-01-10,Clothing,Jeans,South,Direct,84,144.81,11555.84,3825.95
2022-01-10,Home & Garden,Bedding Set,East,Retail,45,86.71,3901.95,1470.4
2022-01-11,Home & Garden,Garden Tools,East,Retail,19,435.74,8279.06,1802.6
2022-01-11,Beauty,Fragrance,West,Direct,46,457.17,23132.8,7427.83
2022-01-11,Electronics,Headphones,North,Retail,63,470.43,35564.51,14447.48
2022-01-11,Electronics,Headphones,North,Direct,83,429.93,42821.03,18800.38
2022-01-11,Clothing,Jacket,Central,Direct,6,202.66,1215.96,435.26
2022-01-11,Home & Garden,Garden Tools,South,Retail,71,194.9,13146.0,4315.85
2022-01-11,Electronics,Tablet,West,Wholesale,45,206.83,10238.09,1812.94
2022-01-11,Clothing,Sneakers,South,Retail,75,468.63,33389.89,11224.54
2022-01-11,Clothing,Jacket,Central,Retail,61,353.74,21578.14,7608.83
2022-01-11,Beauty,Makeup Palette,West,Retail,67,219.34,16165.36,6237.28
2022-01-11,Sports,Dumbbell Set,East,Wholesale,25,440.8,11020.0,2125.41
2022-01-12,Clothing,Jeans,Central,Retail,9,232.79,2095.11,545.98
2022-01-12,Clothing,Jeans,South,Wholesale,70,62.17,4134.31,882.98
2022-01-12,Clothing,Sneakers,West,Direct,19,339.4,7093.46,2682.57
2022-01-12,Beauty,Hair Dryer,South,Wholesale,49,217.27,10113.92,4000.82
2022-01-12,Electronics,Smartphone,West,Retail,66,163.07,11838.88,2005.84
2022-01-12,Sports,Dumbbell Set,North,Retail,36,473.18,20441.38,5130.13
2022-01-12,Electronics,Tablet,West,Retail,22,275.43,6665.41,
2022-01-12,Sports,Bike Helmet,East,Direct,16,118.2,1891.2,526.57
2022-01-12,Clothing,Jacket,East,Retail,73,307.23,22427.79,6581.98
2022-01-12,Electronics,Smartwatch,North,Retail,14,205.03,3444.5,805.55
2022-01-12,Home & Garden,Lamp,South,Wholesale,23,260.04,5681.87,1686.15
2022-01-12,Beauty,Hair Dryer,West,Direct,10,160.36,1763.96,309.38
2022-01-12,Beauty,Fragrance,East,Retail,44,269.07,11839.08,2630.42
2022-01-12,Home & Garden,Garden Tools,North,Retail,39,404.71,18940.43,3821.93
2022-01-12,Electronics,Laptop,North,Wholesale,70,180.85,15191.4,3885.39
2022-01-12,Clothing,Dress,Central,Retail,84,285.65,23994.6,6562.29
2022-01-12,Beauty,Hair Dryer,North,Wholesale,38,267.28,12187.97,4996.36
2022-01-12,Clothing,T-Shirt,North,Direct,60,164.25,11826.0,5044.1
2022-01-12,Sports,Bike Helmet,Central,Direct,1,184.06,184.06,47.35
2022-01-13,Beauty,Makeup Palette,West,Retail,3,13.24,43.69,13.78
2022-01-13,Sports,Bike Helmet,West,Wholesale,34,81.12,3033.89,1247.18
2022-01-13,Electronics,Smartphone,East,Wholesale,23,17.35,399.05,138.15
2022-01-13,Clothing,Sneakers,South,Wholesale,57,327.47,17732.5,3808.77
2022-01-13,Home & Garden,Lamp,Central,Direct,97,20.13,1952.61,715.78
2022-01-13,Home & Garden,Cookware Set,West,Wholesale,63,206.1,14282.73,5269.66
2022-01-13,Electronics,Smartwatch,South,Wholesale,99,432.41,40668.16,16867.87
2022-01-13,Clothing,Jeans,South,Direct,70,132.85,8834.52,3220.89
2022-01-13,Sports,Yoga Mat,Central,Retail,37,470.09,17393.33,5034.62
2022-01-13,Electronics,Smartphone,West,Wholesale,62,451.1,30765.02,5822.33
2022-01-13,Home & Garden,Office Chair,North,Direct,87,448.99,46874.56,17190.25
2022-01-13,Home & Garden,Bedding Set,West,Direct,96,32.39,3420.38,1513.35
2022-01-13,Electronics,Smartwatch,North,Retail,84,239.21,24112.37,8259.72
2022-01-13,Clothing,Sneakers,Central,Retail,82,382.92,31399.44,9336.06
2022-01-13,Home & Garden,Cookware Set,West,Direct,2,43.99,96.78,36.95
2022-01-13,Home & Garden,Lamp,Central,Wholesale,9,148.73,1338.57,408.59
2022-01-13,Sports,Running Shoes,East,Direct,64,451.18,28875.52,11856.6
2022-01-13,Electronics,Headphones,East,Retail,79,388.74,30710.46,9713.54
2022-01-13,Clothing,Jacket,North,Retail,2,338.42,812.21,174.93
2022-01-13,Sports,Dumbbell Set,South,Wholesale,65,404.83,24998.25,4643.23
2022-01-13,Beauty,Makeup Palette,West,Wholesale,29,73.93,2358.37,507.3
2022-01-14,Home & Garden,Garden Tools,North,Direct,48,458.75,26424.0,7949.34
2022-01-14,Beauty,Fragrance,North,Retail,87,72.0,7516.8,2542.11
2022-01-14,Clothing,Jacket,Central,Wholesale,3,198.38,595.14,247.54
2022-01-14,Sports,Bike Helmet,North,Retail,81,344.93,33527.2,14236.83
2022-01-14,Home & Garden,Cookware Set,West,Wholesale,21,178.79,4130.05,896.67
2022-01-14,Electronics,Headphones,Central,Retail,36,360.34,12972.24,3506.29
2022-01-14,Beauty,Hair Dryer,South,Wholesale,74,468.45,32932.03,5810.69
2022-01-14,Sports,Yoga Mat,South,Direct,24,88.53,2018.48,327.04
2022-01-14,Sports,Tennis Racket,West,Retail,22,182.08,4406.34,1776.84
2022-01-14,Clothing,Dress,South,Retail,96,346.87,31634.54,10158.92
2022-01-14,Electronics,Tablet,North,Retail,5,174.35,1046.1,311.58
2022-01-14,Sports,Yoga Mat,East,Wholesale,74,392.17,29020.58,6090.78
2022-01-15,Electronics,Laptop,Central,Direct,31,357.79,11091.49,2697.73
2022-01-15,Electronics,Tablet,Central,Wholesale,19,435.69,8278.11,3278.46
2022-01-15,Beauty,Makeup Palette,South,Direct,76,242.01,17473.12,5046.74
2022-01-15,Clothing,Jeans,South,Wholesale,26,54.78,1353.07,374.13
2022-01-15,Home & Garden,Bedding Set,West,Direct,39,494.05,21194.75,9370.3
2022-01-15,Sports,Tennis Racket,South,Retail,94,125.0,11162.5,2721.43
2022-01-15,Beauty,Skin Care Kit,South,Wholesale,62,341.73,20127.9,7583.13
2022-01-15,Beauty,Hair Dryer,East,Wholesale,72,30.07,2165.04,896.22
2022-01-15,Beauty,Face Serum,South,Wholesale,16,163.88,2490.98,960.63
2022-01-15,Clothing,Jeans,South,Retail,87,273.85,22633.7,9875.6
2022-01-15,Sports,Bike Helmet,East,Retail,52,452.98,23554.96,
2022-01-15,Clothing,Dress,Central,Wholesale,25,179.81,4495.25,1675.65
2022-01-15,Sports,Bike Helmet,North,Direct,81,351.67,34182.32,12005.08
2022-01-15,Sports,Yoga Mat,East,Retail,5,24.36,121.8,36.33
2022-01-15,Sports,Yoga Mat,South,Wholesale,66,251.63,15777.2,5196.29
2022-01-15,Home & Garden,Cookware Set,North,Wholesale,28,219.41,7372.18,1831.49
2022-01-15,Home & Garden,Bedding Set,West,Direct,7,393.83,3032.49,548.11
2022-01-15,Clothing,Sneakers,Central,Direct,19,15.58,296.02,105.06
2022-01-15,Sports,Bike Helmet,West,Retail,86,32.78,3100.99,631.59
2022-01-15,Electronics,Laptop,West,Retail,6,198.23,1308.32,233.89
2022-01-15,Clothing,Sneakers,Central,Retail,90,178.87,16098.3,2632.56
2022-01-15,Electronics,Smartwatch,West,Direct,56,433.94,26730.7,11071.69
2022-01-15,Beauty,Skin Care Kit,East,Direct,59,103.73,6120.07,1704.56
2022-01-15,Electronics,Smartphone,South,Retail,92,366.95,32071.43,9933.63
2022-01-15,Clothing,T-Shirt,North,Retail,69,434.16,35948.45,15138.74
2022-01-15,Clothing,T-Shirt,East,Direct,78,401.92,31349.76,11588.08
2022-01-16,Sports,Dumbbell Set,North,Retail,7,329.55,2768.22,864.17
2022-01-16,Beauty,Fragrance,West,Retail,27,436.04,12950.39,3236.16
2022-01-16,Home & Garden,Office Chair,West,Wholesale,94,14.02,1449.67,256.68
2022-01-16,Clothing,T-Shirt,West,Wholesale,96,496.38,52417.73,11608.85
2022-01-16,Beauty,Face Serum,Central,Direct,52,88.06,4579.12,1520.63
2022-01-16,Sports,Dumbbell Set,Central,Wholesale,72,417.21,30039.12,6189.01
2022-01-16,Clothing,Sneakers,South,Direct,40,172.2,6543.6,1168.52
2022-01-16,Sports,Bike Helmet,Central,Wholesale,53,93.71,4966.63,899.78
2022-01-16,Home & Garden,Garden Tools,South,Wholesale,67,307.79,19590.83,6131.28
2022-01-16,Electronics,Smartphone,East,Wholesale,29,11.86,343.94,136.1
2022-01-16,Clothing,Jacket,West,Direct,56,433.69,26715.3,
2022-01-16,Beauty,Makeup Palette,Central,Direct,24,394.75,9474.0,2925.61
2022-01-16,Beauty,Face Serum,West,Wholesale,71,165.08,12892.75,3430.91
2022-01-16,Clothing,Dress,East,Direct,70,125.84,8808.8,2799.93
2022-01-16,Beauty,Skin Care Kit,East,Retail,93,359.63,33445.59,13101.61
2022-01-16,Sports,Yoga Mat,South,Retail,18,466.35,7974.59,2434.78
2022-01-16,Electronics,Laptop,Central,Direct,24,296.78,7122.72,2286.89
2022-01-16,Beauty,Hair Dryer,West,Direct,30,488.81,16130.73,7125.55
2022-01-17,Beauty,Hair Dryer,West,Retail,69,482.83,36646.8,14421.74
2022-01-17,Sports,Running Shoes,North,Direct,17,76.21,1554.68,322.19
2022-01-17,Electronics,Smartphone,South,Direct,94,482.96,43128.33,8755.94
2022-01-17,Home & Garden,Garden Tools,North,Direct,46,305.38,16856.98,6570.77
2022-01-17,Beauty,Makeup Palette,Central,Retail,31,105.44,3268.64,1254.16
2022-01-17,Sports,Bike Helmet,North,Wholesale,45,169.89,9174.06,2126.27
2022-01-17,Beauty,Skin Care Kit,South,Direct,46,292.79,12794.92,4560.48
2022-01-17,Beauty,Hair Dryer,East,Wholesale,14,39.62,554.68,202.49
2022-01-17,Home & Garden,Lamp,Central,Retail,54,240.31,12976.74,2394.13
2022-01-17,Beauty,Makeup Palette,East,Retail,97,92.95,9016.15,2549.11
2022-01-17,Clothing,Jacket,Central,Wholesale,3,84.93,254.79,110.16
2022-01-17,Electronics,Smartphone,South,Wholesale,28,374.32,9956.91,2826.51
2022-01-17,Home & Garden,Cookware Set,Central,Wholesale,26,349.04,9075.04,3155.43
2022-01-17,Electronics,Tablet,East,Direct,74,66.36,4910.64,887.16
2022-01-17,Sports,Tennis Racket,East,Retail,65,157.7,10250.5,4164.6
2022-01-17,Sports,Dumbbell Set,West,Direct,54,122.88,7299.07,
2022-01-17,Sports,Dumbbell Set,East,Retail,11,156.89,1725.79,295.58
2022-01-17,Sports,Tennis Racket,Central,Wholesale,24,226.53,5436.72,2399.63
2022-01-17,Sports,Tennis Racket,East,Direct,83,498.39,41366.37,7473.41
2022-01-17,Sports,Yoga Mat,South,Direct,24,306.08,6978.62,2606.57
2022-01-17,Home & Garden,Bedding Set,East,Retail,1,358.74,358.74,93.69
2022-01-18,Clothing,Jacket,South,Wholesale,47,11.4,509.01,228.12
2022-01-18,Clothing,Jacket,North,Direct,58,102.16,7110.34,2284.42
2022-01-18,Beauty,Hair Dryer,South,Direct,20,302.2,5741.8,1508.22
2022-01-18,Home & Garden,Cookware Set,North,Wholesale,1,107.29,128.75,49.17
2022-01-18,Beauty,Makeup Palette,West,Direct,27,267.31,7939.11,3242.12
2022-01-18,Clothing,Jeans,West,Direct,44,489.2,23677.28,7715.24
2022-01-18,Clothing,Dress,South,Wholesale,64,217.18,13204.54,3112.73
2022-01-18,Clothing,Jacket,East,Wholesale,93,205.54,19115.22,7077.7
2022-01-18,Electronics,Smartwatch,South,Direct,4,160.45,609.71,108.26
2022-01-18,Electronics,Smartwatch,East,Wholesale,36,277.67,9996.12,3100.58
2022-01-18,Home & Garden,Cookware Set,North,Retail,20,415.16,9963.84,3641.17
2022-01-19,Clothing,Jeans,North,Direct,42,380.86,19195.34,5937.31
2022-01-19,Sports,Bike Helmet,East,Retail,16,490.53,7848.48,2931.97
2022-01-19,Clothing,T-Shirt,South,Retail,14,480.91,6396.1,2265.51
2022-01-19,Home & Garden,Cookware Set,South,Direct,49,461.47,21481.43,4431.06
2022-01-19,Clothing,Jeans,North,Direct,16,185.75,3566.4,875.04
2022-01-19,Home & Garden,Bedding Set,South,Wholesale,10,336.2,3193.9,527.18
2022-01-19,Sports,Bike Helmet,South,Retail,75,228.43,16275.64,5962.06
2022-01-19,Sports,Dumbbell Set,North,Retail,65,143.28,11175.84,3448.19
2022-01-19,Beauty,Makeup Palette,North,Retail,33,291.09,11527.16,4848.25
2022-01-19,Home & Garden,Lamp,Central,Retail,99,494.72,48977.28,12610.62
2022-01-19,Sports,Bike Helmet,South,Retail,82,61.43,4785.4,2101.22
2022-01-19,Home & Garden,Lamp,South,Retail,20,146.82,2789.58,593.7
2022-01-19,Home & Garden,Bedding Set,North,Wholesale,16,217.63,4178.5,1301.69
2022-01-20,Clothing,Sneakers,North,Wholesale,74,474.62,42146.26,7711.44
2022-01-20,Home & Garden,Bedding Set,North,Direct,82,257.92,25379.33,9392.82
2022-01-20,Electronics,Headphones,North,Wholesale,53,320.44,20379.98,8643.57
2022-01-20,Electronics,Headphones,Central,Retail,4,435.49,1741.96,496.76
2022-01-20,Home & Garden,Garden Tools,Central,Wholesale,42,378.61,15901.62,2529.27
2022-01-20,Beauty,Fragrance,East,Retail,33,305.99,10097.67,4498.45
2022-01-20,Home & Garden,Lamp,South,Retail,52,207.19,10235.19,2988.94
2022-01-20,Clothing,Jacket,West,Retail,72,142.91,11318.47,2311.02
2022-01-20,Home & Garden,Bedding Set,East,Wholesale,84,13.81,1160.04,257.65
2022-01-20,Clothing,T-Shirt,North,Wholesale,91,207.32,22639.34,4376.82
2022-01-20,Beauty,Hair Dryer,West,Direct,89,34.98,3424.54,640.81
2022-01-20,Clothing,T-Shirt,Central,Retail,83,188.54,15648.82,3703.98
2022-01-21,Clothing,Sneakers,West,Wholesale,10,401.61,4417.71,706.94
2022-01-21,Electronics,Headphones,East,Wholesale,25,227.84,5696.0,1232.93
2022-01-21,Electronics,Tablet,West,Direct,61,195.89,13144.22,2643.79
2022-01-21,Electronics,Headphones,North,Wholesale,50,290.11,17406.6,4488.4
2022-01-21,Home & Garden,Garden Tools,Central,Retail,28,463.84,12987.52,5058.52
2022-01-21,Home & Garden,Cookware Set,East,Direct,10,275.98,2759.8,832.23
2022-01-21,Sports,Yoga Mat,North,Direct,72,223.69,19326.82,7889.64
2022-01-21,Sports,Running Shoes,North,Retail,19,65.15,1485.42,
2022-01-21,Electronics,Smartphone,South,Wholesale,85,41.75,3371.31,1509.84
2022-01-21,Electronics,Tablet,Central,Direct,93,252.67,23498.31,3969.26
2022-01-21,Clothing,Sneakers,West,Retail,89,480.58,47048.78,18958.05
2022-01-21,Clothing,Jeans,North,Retail,85,294.15,30003.3,8180.83
2022-01-21,Beauty,Makeup Palette,South,Wholesale,73,478.98,33217.26,6231.6
2022-01-21,Electronics,Smartwatch,East,Direct,60,27.79,1667.4,274.85
2022-01-21,Electronics,Laptop,North,Direct,35,317.19,13321.98,5751.95
2022-01-21,Home & Garden,Office Chair,Central,Retail,87,262.38,22827.06,9394.87
2022-01-22,Sports,Dumbbell Set,West,Direct,16,131.47,2313.87,391.53
2022-01-22,Sports,Dumbbell Set,West,Retail,17,63.77,1192.5,217.47
2022-01-22,Electronics,Smartwatch,Central,Wholesale,43,73.32,3152.76,983.44
2022-01-22,Beauty,Fragrance,North,Direct,95,57.78,6586.92,2227.45
2022-01-22,Beauty,Skin Care Kit,North,Direct,29,438.84,15271.63,4225.27
2022-01-22,Beauty,Makeup Palette,East,Retail,44,345.54,15203.76,2965.02
2022-01-22,Sports,Dumbbell Set,South,Wholesale,35,389.66,12956.19,2645.62
2022-01-22,Beauty,Hair Dryer,West,Direct,78,488.81,41939.9,16777.52
2022-01-22,Electronics,Laptop,Central,Retail,7,35.79,250.53,58.33
2022-01-22,Sports,Tennis Racket,East,Retail,75,466.7,35002.5,13132.74
2022-01-22,Beauty,Fragrance,West,Direct,82,18.77,1693.05,639.68
2022-01-22,Home & Garden,Garden Tools,South,Direct,25,276.77,6573.29,2599.38
2022-01-22,Home & Garden,Lamp,West,Wholesale,32,67.67,2381.98,990.11
2022-01-22,Sports,Bike Helmet,East,Direct,94,221.58,20828.52,9005.67
2022-01-22,Electronics,Smartwatch,North,Wholesale,95,251.64,28686.96,9165.96
2022-01-22,Clothing,Dress,East,Wholesale,72,291.72,21003.84,4101.87
2022-01-23,Sports,Bike Helmet,South,Retail,76,89.01,6426.52,2570.67
2022-01-23,Beauty,Face Serum,East,Wholesale,77,391.37,30135.49,6737.96
2022-01-23,Beauty,Face Serum,North,Retail,52,172.9,10788.96,4304.99
2022-01-23,Electronics,Tablet,West,Retail,93,429.55,43942.97,19165.01
2022-01-23,Clothing,Jeans,Central,Wholesale,37,357.0,13209.0,5272.22
2022-01-23,Sports,Dumbbell Set,Central,Retail,50,300.65,15032.5,6324.45
2022-01-23,Beauty,Hair Dryer,East,Direct,3,230.39,691.17,146.02
2022-01-23,Clothing,Sneakers,Central,Direct,54,459.03,24787.62,10874.45
2022-01-23,Electronics,Smartwatch,Central,Retail,73,112.19,8189.87,2157.39
2022-01-23,Electronics,Laptop,East,Direct,41,396.58,16259.78,6080.94
2022-01-23,Sports,Running Shoes,South,Direct,25,86.67,2058.41,496.03
2022-01-23,Sports,Tennis Racket,West,Wholesale,91,497.51,49800.75,7829.37
2022-01-24,Clothing,T-Shirt,Central,Retail,60,254.39,15263.4,3702.32
2022-01-24,Sports,Running Shoes,North,Direct,36,50.65,2188.08,422.59
2022-01-24,Clothing,Dress,East,Wholesale,73,221.45,16165.85,7254.39
2022-01-24,Beauty,Hair Dryer,North,Retail,64,161.11,12373.25,2968.91
2022-01-24,Clothing,Jeans,West,Direct,10,288.98,3178.78,1332.03
2022-01-24,Sports,Running Shoes,North,Direct,34,197.56,8060.45,1228.4
2022-01-24,Clothing,Sneakers,Central,Wholesale,45,409.75,18438.75,7247.02
2022-01-24,Home & Garden,Garden Tools,West,Wholesale,68,299.12,22374.18,9095.19
2022-01-24,Beauty,Fragrance,West,Direct,92,93.25,9436.9,1968.66
2022-01-24,Beauty,Fragrance,Central,Retail,75,15.5,1162.5,284.28
2022-01-24,Home & Garden,Bedding Set,South,Retail,82,316.6,24663.14,4793.55
2022-01-24,Beauty,Hair Dryer,East,Wholesale,58,242.83,14084.14,4102.28
2022-01-24,Beauty,Makeup Palette,South,Direct,16,44.17,671.38,255.77
2022-01-25,Sports,Bike Helmet,North,Wholesale,88,354.32,37416.19,7500.34
2022-01-25,Beauty,Face Serum,North,Direct,15,361.98,6515.64,1549.69
2022-01-25,Electronics,Smartphone,South,Direct,88,115.73,9675.03,4250.29
2022-01-25,Beauty,Hair Dryer,South,Direct,54,144.55,7415.41,2198.35
2022-01-25,Beauty,Skin Care Kit,West,Wholesale,18,451.75,8944.65,2086.22
2022-01-25,Home & Garden,Office Chair,West,Direct,21,289.04,6676.82,2218.35
2022-01-25,Home & Garden,Lamp,Central,Retail,87,128.94,11217.78,4794.78
2022-01-25,Beauty,Face Serum,West,Direct,82,345.04,31122.61,6746.48
2022-01-25,Clothing,T-Shirt,West,Retail,79,142.94,12421.49,3478.47
2022-01-25,Sports,Bike Helmet,East,Wholesale,27,475.21,12830.67,4041.04
2022-01-25,Sports,Running Shoes,South,Retail,65,374.76,23141.43,8900.94
2022-01-25,Beauty,Fragrance,Central,Retail,88,314.3,27658.4,9285.66
2022-01-25,Clothing,Sneakers,East,Wholesale,70,78.3,5481.0,1365.82
2022-01-25,Clothing,T-Shirt,Central,Wholesale,14,280.87,3932.18,1200.2
2022-01-25,Home & Garden,Office Chair,South,Wholesale,30,168.91,4813.94,1179.77
2022-01-26,Sports,Running Shoes,Central,Wholesale,92,63.07,5802.44,1260.4
2022-01-26,Clothing,T-Shirt,West,Retail,29,427.54,13638.53,3272.62
2022-01-26,Electronics,Tablet,South,Direct,15,217.49,3099.23,1148.24
2022-01-26,Beauty,Fragrance,West,Retail,98,320.11,34507.86,11320.87
2022-01-26,Clothing,Jacket,North,Wholesale,20,196.52,4716.48,1036.41
2022-01-26,Sports,Yoga Mat,North,Direct,24,34.14,983.23,285.75
2022-01-26,Beauty,Hair Dryer,Central,Direct,13,469.79,6107.27,2331.07
2022-01-26,Home & Garden,Office Chair,Central,Retail,97,395.42,38355.74,8199.7
2022-01-26,Electronics,Laptop,West,Retail,81,415.3,37003.23,10412.0
2022-01-26,Beauty,Face Serum,South,Direct,33,232.09,7276.02,2039.47
2022-01-26,Sports,Bike Helmet,Central,Retail,33,477.67,15763.11,6928.9
2022-01-27,Electronics,Headphones,West,Direct,93,419.36,42900.53,18340.45
2022-01-27,Home & Garden,Cookware Set,South,Wholesale,57,70.32,3807.83,1654.14
2022-01-27,Sports,Running Shoes,South,Direct,41,417.58,16264.74,4269.64
2022-01-27,Beauty,Hair Dryer,West,Wholesale,2,274.16,603.15,101.64
2022-01-27,Electronics,Smartphone,East,Direct,31,137.26,4255.06,1081.02
2022-01-27,Sports,Tennis Racket,West,Direct,66,326.58,23709.71,9904.43
2022-01-27,Electronics,Smartwatch,West,Wholesale,40,361.06,15886.64,5494.77
2022-01-27,Clothing,Sneakers,East,Direct,20,302.85,6057.0,1008.78
2022-01-27,Clothing,Dress,West,Direct,2,425.15,935.33,175.79
2022-01-27,Sports,Running Shoes,South,Direct,67,139.99,8910.36,2598.39
2022-01-27,Electronics,Headphones,Central,Retail,68,238.85,16241.8,3966.81
2022-01-27,Electronics,Headphones,West,Retail,11,457.03,5530.06,1277.26
2022-01-27,Electronics,Smartwatch,East,Retail,58,451.82,26205.56,6335.56
2022-01-27,Electronics,Smartwatch,North,Direct,54,472.66,30628.37,10414.22
2022-01-27,Beauty,Face Serum,West,Wholesale,26,235.43,6733.3,2138.56
2022-01-27,Electronics,Smartwatch,West,Wholesale,66,158.22,11486.77,3384.53
2022-01-27,Beauty,Fragrance,West,Direct,8,299.97,2639.74,985.46
2022-01-27,Electronics,Headphones,West,Wholesale,68,492.95,36872.66,9206.05
2022-01-27,Electronics,Laptop,North,Direct,56,324.02,21774.14,7208.33
2022-01-27,Home & Garden,Office Chair,Central,Retail,29,72.97,2116.13,424.76
2022-01-28,Sports,Bike Helmet,North,Direct,43,334.99,17285.48,5826.08
2022-01-28,Sports,Tennis Racket,West,Wholesale,56,391.23,24099.77,4438.51
2022-01-28,Sports,Bike Helmet,North,Direct,85,415.89,42420.78,17925.87
2022-01-28,Sports,Running Shoes,Central,Retail,34,45.37,1542.58,650.42
2022-01-28,Sports,Dumbbell Set,North,Direct,91,267.09,29166.23,11705.06
2022-01-28,Clothing,Jeans,West,Retail,19,102.56,2143.5,535.86
2022-01-28,Sports,Running Shoes,North,Direct,44,286.32,15117.7,4873.83
2022-01-28,Clothing,Dress,Central,Retail,11,95.45,1049.95,323.72
2022-01-28,Home & Garden,Bedding Set,West,Wholesale,8,258.59,2275.59,790.06
2022-01-28,Sports,Bike Helmet,East,Direct,51,346.64,17678.64,3707.21
2022-01-29,Sports,Tennis Racket,East,Wholesale,59,343.98,20294.82,8502.66
2022-01-29,Sports,Running Shoes,West,Direct,60,216.05,14259.3,3893.9
2022-01-29,Beauty,Fragrance,South,Wholesale,57,329.5,17842.42,6289.19
2022-01-29,Electronics,Tablet,West,Direct,15,473.29,7809.29,1419.22
2022-01-29,Beauty,Skin Care Kit,West,Wholesale,52,465.0,26598.0,9815.57
2022-01-29,Home & Garden,Bedding Set,North,Retail,34,197.18,8044.94,1531.55
2022-01-29,Clothing,Jeans,South,Retail,68,117.68,7602.13,2671.2
2022-01-29,Electronics,Headphones,North,Direct,14,253.22,4254.1,1578.58
2022-01-29,Beauty,Hair Dryer,South,Wholesale,93,90.04,7955.03,1999.54
2022-01-29,Home & Garden,Garden Tools,North,Retail,25,447.19,13415.7,2133.37
2022-01-29,Sports,Running Shoes,North,Wholesale,68,229.24,18705.98,5314.29
2022-01-29,Sports,Tennis Racket,Central,Wholesale,16,374.51,5992.16,2101.1
2022-01-29,Home & Garden,Garden Tools,East,Direct,33,228.83,7551.39,1482.34
2022-01-29,Clothing,Jacket,North,Retail,28,245.36,8244.1,2415.37
2022-01-29,Clothing,Jacket,West,Direct,60,286.63,18917.58,2938.33
2022-01-29,Clothing,Jacket,South,Wholesale,89,157.69,13332.69,3020.8
2022-01-29,Sports,Tennis Racket,East,Wholesale,74,286.53,21203.22,6950.61
2022-01-30,Clothing,Dress,Central,Retail,44,422.84,18604.96,5936.57
2022-01-30,Electronics,Headphones,West,Retail,35,477.45,18381.83,4967.23
2022-01-30,Home & Garden,Garden Tools,Central,Wholesale,42,23.95,1005.9,158.68
2022-01-30,Sports,Running Shoes,East,Direct,7,308.7,2160.9,696.97
2022-01-30,Electronics,Headphones,Central,Retail,84,106.4,8937.6,2579.14
2022-01-30,Electronics,Headphones,Central,Direct,29,366.3,10622.7,3862.16
2022-01-30,Electronics,Laptop,West,Wholesale,52,442.64,25319.01,4476.42
2022-01-30,Clothing,Dress,East,Direct,15,34.89,523.35,142.05
2022-01-30,Electronics,Headphones,South,Direct,50,478.76,22741.1,8085.53
2022-01-30,Electronics,Laptop,East,Wholesale,26,174.04,4525.04,1770.32
2022-01-30,Sports,Tennis Racket,North,Retail,58,153.26,10666.9,3331.98
2022-01-30,Electronics,Headphones,South,Retail,58,349.95,19282.24,5917.88
2022-01-30,Home & Garden,Lamp,East,Retail,34,244.78,8322.52,1700.24
2022-01-30,Beauty,Skin Care Kit,West,Retail,77,489.52,41462.34,8678.81
2022-01-30,Clothing,T-Shirt,South,Wholesale,63,93.45,5592.98,2242.84
2022-01-30,Electronics,Smartwatch,East,Direct,16,305.14,4882.24,1539.04
2022-01-30,Beauty,Hair Dryer,West,Direct,49,185.75,10011.93,1965.99
2022-01-30,Home & Garden,Cookware Set,South,Retail,61,18.06,1046.58,320.78
2022-01-30,Sports,Tennis Racket,East,Direct,29,64.49,1870.21,520.17
2022-01-30,Electronics,Laptop,South,Direct,92,52.77,4612.1,
2022-01-31,Beauty,Skin Care Kit,North,Direct,24,112.26,3233.09,510.73
2022-01-31,Home & Garden,Bedding Set,West,Retail,91,220.45,22067.05,4989.98
2022-01-31,Electronics,Smartwatch,West,Direct,60,222.65,14694.9,2709.51
2022-01-31,Electronics,Tablet,West,Direct,82,180.46,16277.49,6996.83
2022-01-31,Beauty,Makeup Palette,East,Retail,47,391.89,18418.83,6525.43
2022-01-31,Home & Garden,Cookware Set,South,Direct,51,456.04,22095.14,4888.93
2022-01-31,Beauty,Fragrance,East,Direct,57,74.7,4257.9,1324.12
2022-01-31,Beauty,Makeup Palette,South,Wholesale,5,238.67,1133.68,394.2
2022-01-31,Sports,Bike Helmet,East,Wholesale,6,142.18,853.08,331.59
2022-01-31,Beauty,Hair Dryer,Central,Retail,6,162.79,976.74,431.44
2022-01-31,Beauty,Skin Care Kit,Central,Wholesale,8,126.22,1009.76,235.85
2022-01-31,Home & Garden,Cookware Set,Central,Retail,95,41.08,3902.6,769.06
2022-01-31,Electronics,Headphones,East,Direct,37,425.0,15725.0,5177.55
2022-01-31,Beauty,Skin Care Kit,North,Direct,24,112.26,3233.09,510.73
2022-02-01,Home & Garden,Bedding Set,Central,Retail,51,321.35,16388.85,3067.37
2022-02-01,Electronics,Laptop,North,Retail,86,348.53,35968.3,14706.2
2022-02-01,Beauty,Makeup Palette,South,Wholesale,32,99.48,3024.19,724.21
2022-02-01,Clothing,Jacket,East,Direct,90,323.93,29153.7,5029.93
2022-02-01,Home & Garden,Office Chair,North,Retail,16,416.14,7989.89,3165.89
2022-02-01,Electronics,Smartwatch,South,Retail,45,53.45,2284.99,965.1
2022-02-01,Electronics,Smartwatch,Central,Direct,98,384.07,37638.86,16214.61
2022-02-01,Sports,Dumbbell Set,North,Retail,31,28.68,1066.9,392.85
2022-02-01,Electronics,Smartwatch,North,Direct,76,401.72,36636.86,14495.66
2022-02-01,Electronics,Smartwatch,North,Retail,4,382.38,1835.42,725.24
2022-02-01,Sports,Tennis Racket,North,Retail,28,20.89,701.9,138.25
2022-02-01,Clothing,Jacket,South,Wholesale,87,252.36,20857.55,4295.68
2022-02-02,Beauty,Fragrance,East,Wholesale,99,390.24,38633.76,8449.76
2022-02-02,Clothing,Jeans,North,Retail,84,495.92,49988.74,17244.53
2022-02-02,Home & Garden,Lamp,East,Wholesale,70,277.84,19448.8,8475.28
2022-02-02,Beauty,Skin Care Kit,Central,Direct,48,17.94,861.12,242.11
2022-02-02,Beauty,Makeup Palette,North,Retail,42,482.78,24332.11,4513.13
2022-02-02,Electronics,Smartphone,Central,Retail,75,410.34,30775.5,10681.33
2022-02-02,Beauty,Makeup Palette,West,Direct,30,308.7,10187.1,1815.62
2022-02-02,Sports,Running Shoes,West,Wholesale,80,323.17,28438.96,11862.52
2022-02-02,Clothing,Dress,North,Retail,10,115.51,1386.12,394.54
2022-02-02,Electronics,Headphones,Central,Wholesale,94,113.06,10627.64,3881.72
2022-02-02,Clothing,Jeans,North,Direct,12,78.28,1127.23,393.55
2022-02-02,Clothing,Dress,East,Wholesale,37,477.98,17685.26,6548.46
2022-02-02,Beauty,Skin Care Kit,North,Retail,96,495.83,57119.62,10770.6
2022-02-03,Sports,Dumbbell Set,Central,Direct,93,383.18,35635.74,6625.61
2022-02-03,Home & Garden,Bedding Set,South,Wholesale,49,85.83,3995.39,1283.98
2022-02-03,Electronics,Headphones,South,Retail,76,466.68,33694.3,5218.48
2022-02-03,Home & Garden,Office Chair,East,Wholesale,57,119.11,6789.27,1038.98
2022-02-03,Sports,Yoga Mat,South,Wholesale,62,78.91,4647.8,2046.0
2022-02-03,Home & Garden,Office Chair,North,Retail,72,69.55,6009.12,2270.08
2022-02-03,Electronics,Smartphone,South,Direct,78,137.61,10196.9,3334.13
2022-02-03,Sports,Bike Helmet,North,Wholesale,22,312.79,8257.66,2265.33
2022-02-03,Clothing,Jeans,South,Retail,52,43.98,2172.61,545.62
2022-02-03,Electronics,Smartwatch,Central,Wholesale,38,283.62,10777.56,2924.11
2022-02-03,Electronics,Laptop,West,Retail,14,473.3,7288.82,1716.65
2022-02-03,Sports,Running Shoes,West,Direct,18,321.82,6372.04,2476.43
2022-02-03,Electronics,Laptop,North,Retail,91,233.99,25551.71,6409.8
2022-02-03,Home & Garden,Office Chair,South,Retail,19,194.83,3516.68,618.04
2022-02-03,Beauty,Face Serum,Central,Retail,8,108.79,870.32,295.4
2022-02-04,Sports,Dumbbell Set,North,Wholesale,31,110.98,4128.46,744.23
2022-02-04,Electronics,Tablet,West,Retail,99,487.74,53114.89,11905.63
2022-02-04,Home & Garden,Garden Tools,North,Wholesale,30,319.46,11500.56,4099.04
2022-02-04,Clothing,Sneakers,West,Retail,21,467.07,10789.32,4016.42
2022-02-04,Electronics,Headphones,West,Wholesale,74,397.38,32346.73,7469.28
2022-02-04,Beauty,Face Serum,East,Retail,19,330.94,6287.86,1416.62
2022-02-04,Clothing,Dress,Central,Direct,56,178.2,9979.2,2514.57
2022-02-04,Clothing,Jacket,Central,Wholesale,73,193.9,14154.7,3838.38
2022-02-04,Sports,Tennis Racket,East,Retail,61,190.27,11606.47,1826.29
2022-02-04,Home & Garden,Cookware Set,North,Retail,12,233.47,3361.97,1343.92
2022-02-04,Electronics,Headphones,South,Direct,55,465.34,24314.01,4124.36
2022-02-04,Beauty,Face Serum,North,Retail,89,267.32,28549.78,12389.06
2022-02-04,Clothing,T-Shirt,North,Retail,4,133.17,639.22,117.14
2022-02-04,Clothing,Sneakers,Central,Wholesale,14,381.7,5343.8,1015.97
2022-02-04,Clothing,T-Shirt,South,Direct,25,230.25,5468.44,2301.17
2022-02-04,Beauty,Hair Dryer,South,Retail,39,410.34,15203.1,6769.43
2022-02-05,Clothing,T-Shirt,East,Direct,11,203.45,2237.95,909.01
2022-02-05,Home & Garden,Garden Tools,West,Wholesale,58,480.31,30643.78,4598.37
2022-02-05,Clothing,T-Shirt,East,Direct,48,100.4,4819.2,1536.1
2022-02-05,Electronics,Laptop,East,Direct,20,225.92,4518.4,918.96
2022-02-05,Sports,Running Shoes,West,Direct,23,170.04,4302.01,1724.34
2022-02-05,Electronics,Laptop,Central,Retail,61,89.38,5452.18,2254.24
2022-02-05,Home & Garden,Office Chair,Central,Direct,5,146.95,734.75,229.73
2022-02-05,Electronics,Tablet,Central,Wholesale,47,35.66,1676.02,441.69
2022-02-05,Sports,Bike Helmet,South,Wholesale,86,307.66,25135.82,9579.87
2022-02-05,Electronics,Tablet,North,Wholesale,20,126.55,3037.2,974.47
2022-02-05,Beauty,Fragrance,West,Direct,31,111.08,3787.83,1702.96
2022-02-05,Sports,Running Shoes,South,Direct,92,235.68,20598.43,5912.23
2022-02-05,Electronics,Headphones,South,Direct,9,394.03,3368.96,573.83
2022-02-05,Clothing,T-Shirt,Central,Retail,19,415.0,7885.0,1376.45
2022-02-05,Sports,Dumbbell Set,West,Wholesale,57,456.09,28596.84,11489.62
2022-02-05,Home & Garden,Office Chair,North,Direct,50,153.29,9197.4,1834.55
2022-02-05,Electronics,Laptop,North,Direct,86,69.47,7169.3,1128.86
2022-02-06,Electronics,Headphones,West,Retail,41,427.91,19298.74,5457.04
2022-02-06,Beauty,Makeup Palette,North,Wholesale,25,82.82,2484.6,544.02
2022-02-06,Clothing,T-Shirt,North,Wholesale,73,453.12,39693.31,14326.4
2022-02-06,Clothing,Jacket,Central,Wholesale,64,108.39,6936.96,2119.02
2022-02-06,Sports,Yoga Mat,West,Retail,71,43.3,3381.73,710.29
2022-02-06,Home & Garden,Garden Tools,North,Wholesale,17,167.16,3410.06,1033.96
2022-02-06,Clothing,Jacket,Central,Direct,14,341.29,4778.06,1962.15
2022-02-06,Home & Garden,Garden Tools,South,Wholesale,87,166.61,13770.32,3232.23
2022-02-06,Electronics,Headphones,North,Direct,12,302.45,4355.28,1779.35
2022-02-06,Clothing,Jacket,North,Direct,28,338.92,11387.71,
2022-02-06,Electronics,Headphones,Central,Direct,81,206.4,16718.4,3911.42
2022-02-06,Electronics,Smartwatch,Central,Wholesale,26,92.0,2392.0,1073.01
2022-02-06,Sports,Tennis Racket,East,Wholesale,71,441.85,31371.35,6852.62
2022-02-06,Sports,Running Shoes,East,Direct,32,238.1,7619.2,2792.49
2022-02-06,Home & Garden,Cookware Set,South,Direct,2,12.58,23.9,4.94
2022-02-06,Clothing,Sneakers,East,Wholesale,54,23.17,1251.18,436.66
2022-02-06,Clothing,Dress,East,Retail,96,251.19,24114.24,8434.44
2022-02-07,Home & Garden,Garden Tools,West,Direct,99,90.52,9857.63,1660.42
2022-02-07,Sports,Tennis Racket,East,Wholesale,38,425.23,16158.74,5347.09
2022-02-07,Sports,Running Shoes,East,Wholesale,55,388.85,21386.75,6214.33
2022-02-07,Beauty,Fragrance,West,Retail,37,192.7,7842.89,
2022-02-07,Beauty,Makeup Palette,West,Direct,86,123.27,11661.34,3330.8
2022-02-07,Home & Garden,Bedding Set,West,Direct,37,370.65,15085.45,4500.5
2022-02-07,Beauty,Skin Care Kit,East,Direct,65,108.04,7022.6,1570.39
2022-02-07,Electronics,Smartphone,East,Wholesale,39,263.25,10266.75,3341.12
2022-02-07,Home & Garden,Office Chair,North,Direct,89,229.04,24461.47,7810.93
2022-02-07,Sports,Tennis Racket,North,Wholesale,68,432.11,35260.18,11312.2
2022-02-07,Home & Garden,Garden Tools,East,Wholesale,61,475.48,29004.28,5788.29
2022-02-07,Clothing,Dress,Central,Wholesale,2,57.52,115.04,
2022-02-07,Beauty,Skin Care Kit,East,Retail,42,118.56,4979.52,796.94
2022-02-07,Electronics,Laptop,East,Retail,63,37.77,2379.51,610.46
2022-02-08,Electronics,Headphones,East,Wholesale,84,210.06,17645.04,3386.67
2022-02-08,Sports,Running Shoes,West,Retail,84,247.94,22909.66,7621.78
2022-02-08,Sports,Bike Helmet,West,Direct,55,483.01,29222.11,7743.71
2022-02-08,Home & Garden,Office Chair,Central,Retail,39,95.76,3734.64,979.46
2022-02-08,Beauty,Hair Dryer,West,Direct,70,292.41,22515.57,3603.36
2022-02-08,Sports,Bike Helmet,East,Retail,96,205.68,19745.28,
2022-02-08,Clothing,T-Shirt,West,Direct,9,40.34,399.37,89.92
2022-02-08,Beauty,Hair Dryer,South,Wholesale,1,495.6,470.82,93.7
2022-02-08,Beauty,Hair Dryer,Central,Wholesale,3,477.01,1431.03,269.12
2022-02-08,Electronics,Headphones,West,Wholesale,37,41.56,1691.49,387.43
2022-02-08,Electronics,Headphones,North,Wholesale,68,80.35,6556.56,1939.14
2022-02-08,Sports,Tennis Racket,North,Retail,44,345.42,18238.18,5919.18
2022-02-08,Electronics,Headphones,South,Wholesale,89,41.4,3500.37,635.36
2022-02-08,Electronics,Headphones,East,Wholesale,24,373.96,8975.04,2017.97
2022-02-08,Home & Garden,Cookware Set,South,Retail,42,321.96,12846.2,2714.27
2022-02-08,Sports,Dumbbell Set,North,Direct,6,405.21,2917.51,723.69
2022-02-08,Beauty,Skin Care Kit,East,Wholesale,39,62.08,2421.12,629.79
2022-02-08,Home & Garden,Cookware Set,East,Direct,65,206.58,13427.7,3162.4
2022-02-09,Home & Garden,Bedding Set,South,Wholesale,80,308.24,23426.24,8388.9
2022-02-09,Beauty,Face Serum,Central,Direct,69,267.36,18447.84,7614.07
2022-02-09,Beauty,Face Serum,Central,Direct,39,25.66,1000.74,232.05
2022-02-09,Clothing,T-Shirt,Central,Direct,48,120.26,5772.48,2243.55
2022-02-09,Beauty,Makeup Palette,South,Wholesale,6,146.09,832.71,243.96
2022-02-09,Beauty,Fragrance,South,Wholesale,14,383.52,5100.82,812.99
2022-02-09,Clothing,Jeans,Central,Direct,52,371.52,19319.04,3456.76
2022-02-09,Home & Garden,Lamp,Central,Direct,98,309.85,30365.3,13358.32
2022-02-09,Beauty,Face Serum,West,Wholesale,27,438.37,13019.59,2320.65
2022-02-09,Beauty,Hair Dryer,North,Wholesale,78,350.32,32789.95,13142.69
2022-02-09,Sports,Tennis Racket,South,Direct,98,480.31,44716.86,19577.9
2022-02-09,Clothing,Dress,West,Retail,27,18.42,547.07,194.14
2022-02-09,Clothing,T-Shirt,Central,Wholesale,66,489.04,32276.64,5558.38
2022-02-09,Sports,Tennis Racket,West,Wholesale,63,98.13,6800.41,1639.78
2022-02-09,Beauty,Face Serum,Central,Retail,75,84.25,6318.75,1928.51
2022-02-09,Beauty,Makeup Palette,South,Retail,15,435.3,6203.02,2629.12
2022-02-10,Electronics,Tablet,Central,Direct,76,88.95,6760.2,2290.78
2022-02-10,Beauty,Makeup Palette,East,Direct,18,146.28,2633.04,903.34
2022-02-10,Home & Garden,Office Chair,Central,Direct,49,367.5,18007.5,5686.1
2022-02-10,Sports,Running Shoes,North,Retail,18,466.96,10086.34,1531.89
2022-02-10,Clothing,T-Shirt,Central,Wholesale,84,218.97,18393.48,2876.79
2022-02-10,Clothing,T-Shirt,Central,Wholesale,2,142.5,285.0,42.98
2022-02-10,Electronics,Laptop,South,Wholesale,78,277.1,20533.11,6164.32
2022-02-10,Sports,Tennis Racket,East,Direct,96,152.02,14593.92,2613.2
2022-02-10,Beauty,Makeup Palette,South,Direct,23,38.87,849.31,279.82
2022-02-10,Electronics,Headphones,East,Wholesale,52,393.63,20468.76,7309.01
2022-02-10,Home & Garden,Bedding Set,East,Wholesale,17,67.22,1142.74,428.03
2022-02-10,Home & Garden,Garden Tools,East,Wholesale,93,339.77,31598.61,6013.43
2022-02-10,Sports,Dumbbell Set,West,Retail,61,412.93,27707.6,8773.24
2022-02-10,Home & Garden,Lamp,South,Wholesale,78,253.25,18765.83,2823.39
2022-02-10,Sports,Yoga Mat,East,Direct,77,200.06,15404.62,6448.28
2022-02-11,Clothing,Dress,West,Retail,44,347.68,16827.71,6217.71
2022-02-11,Beauty,Fragrance,West,Retail,98,187.01,20159.68,4767.39
2022-02-11,Sports,Yoga Mat,East,Retail,91,107.25,9759.75,2019.0
2022-02-11,Beauty,Hair Dryer,Central,Wholesale,85,155.8,13243.0,5543.49
2022-02-11,Clothing,Dress,South,Retail,68,417.38,26962.75,6393.41
2022-02-11,Clothing,Dress,North,Direct,2,390.76,937.82,227.35
2022-02-11,Sports,Running Shoes,West,Direct,52,387.14,22144.41,6023.63
2022-02-11,Sports,Bike Helmet,Central,Retail,45,11.71,526.95,224.39
2022-02-11,Home & Garden,Garden Tools,Central,Wholesale,33,12.72,419.76,69.14
2022-02-11,Clothing,Sneakers,Central,Direct,63,382.14,24074.82,8062.3
2022-02-11,Sports,Bike Helmet,South,Direct,94,354.12,31622.92,10526.1
2022-02-11,Clothing,Jacket,North,Retail,72,70.94,6129.22,2173.34
2022-02-11,Clothing,T-Shirt,East,Retail,77,341.99,26333.23,8995.09
2022-02-11,Beauty,Fragrance,Central,Retail,3,465.59,1396.77,536.27
2022-02-11,Electronics,Smartphone,East,Direct,92,176.9,16274.8,2805.63
2022-02-11,Electronics,Smartwatch,West,Direct,2,326.67,718.67,247.45
2022-02-11,Beauty,Face Serum,Central,Wholesale,57,342.62,19529.34,7163.51
2022-02-12,Beauty,Face Serum,West,Wholesale,60,294.36,19427.76,8475.74
2022-02-12,Clothing,Jacket,East,Wholesale,57,264.22,15060.54,3299.06
2022-02-12,Home & Garden,Bedding Set,East,Retail,99,345.19,34173.81,5691.12
2022-02-12,Sports,Dumbbell Set,Central,Wholesale,99,208.79,20670.21,4246.69
2022-02-12,Electronics,Laptop,West,Retail,52,61.21,3501.21,1484.46
2022-02-12,Home & Garden,Lamp,West,Wholesale,69,351.38,26669.74,5824.29
2022-02-12,Clothing,Jeans,Central,Direct,69,290.88,20070.72,6301.93
2022-02-12,Clothing,Jacket,North,Direct,27,274.86,8905.46,2352.85
2022-02-12,Beauty,Face Serum,Central,Retail,25,94.49,2362.25,848.52
2022-02-12,Clothing,Jeans,Central,Direct,98,477.75,46819.5,8310.93
2022-02-12,Sports,Yoga Mat,West,Wholesale,24,479.65,12662.76,3794.98
2022-02-12,Beauty,Skin Care Kit,West,Retail,1,19.5,21.45,3.72
2022-02-12,Electronics,Headphones,West,Retail,77,17.26,1461.92,326.01
2022-02-12,Sports,Running Shoes,West,Direct,8,189.46,1667.25,657.55
2022-02-12,Beauty,Skin Care Kit,East,Wholesale,56,296.06,16579.36,5407.81
2022-02-12,Sports,Yoga Mat,North,Direct,18,264.26,5708.02,1686.17
2022-02-12,Beauty,Fragrance,West,Retail,85,347.88,32526.78,10544.34
2022-02-12,Electronics,Smartwatch,North,Retail,56,171.93,11553.7,3185.32
2022-02-12,Beauty,Fragrance,Central,Wholesale,35,404.97,14173.95,3536.48
2022-02-12,Beauty,Fragrance,West,Retail,97,493.24,52628.71,19225.18
2022-02-12,Beauty,Hair Dryer,Central,Direct,7,245.01,1715.07,258.03
2022-02-12,Home & Garden,Cookware Set,Central,Direct,85,371.7,31594.5,7347.6
2022-02-13,Home & Garden,Bedding Set,East,Wholesale,21,61.38,1288.98,532.13
2022-02-13,Electronics,Laptop,Central,Retail,14,255.73,3580.22,1386.99
2022-02-13,Electronics,Laptop,South,Retail,55,392.35,20500.29,3185.55
2022-02-13,Sports,Running Shoes,West,Direct,41,182.61,8235.71,1358.74
2022-02-13,Beauty,Skin Care Kit,East,Direct,33,376.1,12411.3,4867.49
2022-02-13,Home & Garden,Office Chair,West,Retail,50,88.49,4866.95,945.49
2022-02-13,Beauty,Hair Dryer,North,Direct,33,434.85,17220.06,6546.48
2022-02-13,Electronics,Smartphone,South,Wholesale,68,429.56,27749.58,10899.93
2022-02-13,Sports,Bike Helmet,Central,Retail,42,317.34,13328.28,2626.31
2022-02-13,Beauty,Makeup Palette,East,Retail,68,397.2,27009.6,8749.88
2022-02-13,Clothing,T-Shirt,North,Direct,99,294.64,35003.23,12657.68
2022-02-13,Beauty,Makeup Palette,West,Wholesale,49,189.68,10223.75,3878.18
2022-02-13,Beauty,Face Serum,East,Retail,54,373.2,20152.8,3545.63
2022-02-13,Clothing,Dress,West,Retail,69,387.48,29409.73,10194.41
2022-02-13,Clothing,Dress,South,Wholesale,78,435.04,32236.46,13438.73
2022-02-14,Home & Garden,Garden Tools,West,Retail,98,108.98,11748.04,4302.5
2022-02-14,Sports,Yoga Mat,North,Retail,2,384.09,921.82,316.5
2022-02-14,Electronics,Laptop,East,Direct,24,219.43,5266.32,1970.97
2022-02-14,Home & Garden,Office Chair,West,Retail,7,412.2,3173.94,605.74
2022-02-14,Sports,Tennis Racket,North,Wholesale,89,94.94,10139.59,4138.23
2022-02-14,Electronics,Tablet,East,Wholesale,11,333.05,3663.55,1119.57
2022-02-14,Beauty,Skin Care Kit,North,Retail,14,191.02,3209.14,678.36
2022-02-14,Sports,Yoga Mat,East,Wholesale,58,127.21,7378.18,2953.57
2022-02-14,Home & Garden,Bedding Set,East,Wholesale,10,129.98,1299.8,493.16
2022-02-14,Beauty,Hair Dryer,South,Direct,18,144.75,2475.22,443.68
2022-02-14,Sports,Bike Helmet,West,Wholesale,38,245.16,10247.69,2669.64
2022-02-14,Electronics,Smartwatch,Central,Wholesale,10,353.81,3538.1,965.68
2022-02-14,Electronics,Laptop,East,Retail,61,183.36,11184.96,3515.38
2022-02-14,Sports,Running Shoes,West,Direct,20,76.52,1683.44,742.62
2022-02-14,Beauty,Makeup Palette,Central,Wholesale,94,410.94,38628.36,11663.79
2022-02-14,Sports,Running Shoes,West,Wholesale,51,43.13,2419.59,819.81
2022-02-15,Beauty,Face Serum,North,Direct,50,450.76,27045.6,5599.08
2022-02-15,Sports,Running Shoes,West,Wholesale,38,314.74,13156.13,2606.15
2022-02-15,Home & Garden,Bedding Set,West,Direct,6,258.5,1706.1,495.1
2022-02-15,Electronics,Laptop,Central,Direct,50,361.39,18069.5,5298.88
2022-02-15,Beauty,Hair Dryer,South,Wholesale,3,291.92,831.97,268.34
2022-02-15,Electronics,Headphones,West,Retail,31,222.65,7592.37,1157.9
2022-02-15,Beauty,Skin Care Kit,Central,Direct,82,235.55,19315.1,3451.53
2022-02-15,Sports,Bike Helmet,West,Direct,56,196.05,12076.68,3184.13
2022-02-15,Clothing,Sneakers,South,Wholesale,75,301.81,21503.96,9484.37
2022-02-15,Home & Garden,Cookware Set,East,Wholesale,27,81.61,2203.47,759.53
2022-02-15,Sports,Running Shoes,Central,Direct,98,227.13,22258.74,6593.4
2022-02-15,Beauty,Hair Dryer,West,Wholesale,86,436.07,41252.22,12334.61
2022-02-15,Clothing,Sneakers,South,Direct,8,143.39,1089.76,168.72
2022-02-15,Sports,Dumbbell Set,Central,Wholesale,10,379.64,3796.4,1580.34
2022-02-15,Clothing,Dress,West,Retail,69,310.94,23600.35,10307.92
2022-02-15,Electronics,Tablet,North,Direct,91,21.43,2340.16,633.13
2022-02-15,Sports,Yoga Mat,West,Wholesale,62,312.67,21324.09,6477.01
2022-02-15,Electronics,Laptop,West,Retail,24,78.8,2080.32,820.2
2022-02-15,Electronics,Laptop,West,Wholesale,57,16.96,1063.39,354.25
2022-02-16,Beauty,Hair Dryer,Central,Direct,47,292.9,13766.3,4974.75
2022-02-16,Home & Garden,Office Chair,South,Retail,78,259.47,19226.73,5768.47
2022-02-16,Home & Garden,Garden Tools,East,Retail,55,371.88,20453.4,3650.92
2022-02-16,Sports,Running Shoes,Central,Retail,86,483.93,41617.98,13711.86
2022-02-16,Beauty,Makeup Palette,East,Direct,73,33.39,2437.47,421.58
2022-02-16,Home & Garden,Cookware Set,East,Retail,44,299.82,13192.08,4419.2
2022-02-16,Sports,Bike Helmet,North,Retail,36,367.52,15876.86,6655.57
2022-02-16,Electronics,Tablet,West,Wholesale,27,289.86,8608.84,2874.54
2022-02-16,Clothing,Jacket,South,Wholesale,24,18.38,419.06,149.63
2022-02-16,Home & Garden,Garden Tools,East,Direct,20,194.43,3888.6,1678.58
2022-02-16,Home & Garden,Bedding Set,North,Wholesale,11,218.24,2880.77,738.33
2022-02-16,Sports,Yoga Mat,Central,Wholesale,81,219.67,17793.27,5248.26
2022-02-16,Home & Garden,Cookware Set,West,Retail,40,118.96,5234.24,2110.7
2022-02-16,Sports,Dumbbell Set,South,Retail,78,360.38,26704.16,11700.9
2022-02-16,Home & Garden,Garden Tools,North,Direct,17,222.51,4539.2,1652.47
2022-02-16,Sports,Yoga Mat,East,Retail,68,192.63,13098.84,5016.42
2022-02-16,Beauty,Face Serum,North,Direct,30,365.44,13155.84,3557.41
2022-02-16,Beauty,Hair Dryer,South,Retail,57,488.53,26453.9,11172.04
2022-02-17,Electronics,Tablet,South,Retail,89,444.9,37616.29,11008.41
2022-02-17,Home & Garden,Garden Tools,Central,Direct,55,488.72,26879.6,6003.96
2022-02-17,Electronics,Smartphone,South,Direct,64,468.44,28481.15,7934.87
2022-02-17,Beauty,Makeup Palette,West,Wholesale,10,172.39,1896.29,798.11
2022-02-17,Sports,Running Shoes,South,Wholesale,65,382.36,23610.73,8331.66
2022-02-17,Clothing,Dress,North,Retail,43,10.72,553.15,238.88
2022-02-17,Sports,Tennis Racket,North,Retail,13,480.83,7500.95,2788.46
2022-02-17,Clothing,Dress,Central,Retail,62,376.25,23327.5,9259.83
2022-02-17,Clothing,Jacket,Central,Direct,76,38.51,2926.76,467.39
2022-02-17,Clothing,Jacket,Central,Retail,17,181.69,3088.73,992.83
2022-02-17,Home & Garden,Bedding Set,North,Wholesale,7,412.15,3462.06,712.43
2022-02-17,Home & Garden,Bedding Set,South,Direct,2,370.91,704.73,315.41
2022-02-17,Electronics,Smartphone,South,Wholesale,78,200.6,14864.46,
2022-02-17,Beauty,Skin Care Kit,South,Wholesale,63,73.25,4384.01,1004.77
2022-02-17,Electronics,Laptop,Central,Wholesale,81,420.77,34082.37,9655.0
2022-02-17,Beauty,Face Serum,North,Direct,90,72.94,7877.52,1975.75
2022-02-17,Beauty,Face Serum,West,Retail,68,429.28,32110.14,7977.96
2022-02-17,Sports,Yoga Mat,South,Wholesale,97,348.66,32129.02,11379.59
2022-02-18,Beauty,Hair Dryer,West,Wholesale,39,132.98,5704.84,2325.01
2022-02-18,Home & Garden,Office Chair,West,Retail,48,485.65,25642.32,9767.8
2022-02-18,Electronics,Smartphone,West,Direct,89,350.04,34268.92,11367.16
2022-02-18,Home & Garden,Garden Tools,South,Wholesale,83,472.27,37238.49,12172.88
2022-02-18,Electronics,Smartphone,South,Wholesale,76,73.94,5338.47,1865.54
2022-02-18,Beauty,Skin Care Kit,West,Retail,68,489.23,36594.4,7319.13
2022-02-18,Home & Garden,Bedding Set,West,Wholesale,12,243.62,3215.78,1294.88
2022-02-18,Beauty,Face Serum,East,Retail,27,38.99,1052.73,198.58
2022-02-18,Home & Garden,Bedding Set,Central,Direct,46,197.38,9079.48,2263.23
2022-02-18,Beauty,Hair Dryer,East,Retail,65,46.52,3023.8,805.91
2022-02-18,Electronics,Smartphone,South,Direct,51,332.08,16089.28,6227.44
2022-02-18,Home & Garden,Cookware Set,Central,Wholesale,47,358.8,16863.6,4687.43
2022-02-18,Sports,Tennis Racket,South,Wholesale,4,430.37,1635.41,699.92
2022-02-18,Clothing,Jeans,South,Direct,55,193.09,10088.95,3897.03
2022-02-18,Electronics,Smartwatch,North,Retail,95,325.66,37125.24,13861.49
2022-02-18,Beauty,Makeup Palette,West,Wholesale,94,284.86,29454.52,11883.15
2022-02-18,Electronics,Laptop,Central,Wholesale,65,80.78,5250.7,1979.34
2022-02-18,Sports,Bike Helmet,North,Retail,25,225.79,6773.7,1113.56
2022-02-18,Home & Garden,Garden Tools,West,Retail,86,283.66,26834.24,5404.81
2022-02-18,Clothing,T-Shirt,East,Retail,88,135.23,11900.24,5183.92
2022-02-18,Beauty,Hair Dryer,South,Wholesale,14,219.53,2919.75,698.78
2022-02-18,Beauty,Fragrance,East,Wholesale,93,499.49,46452.57,8445.62
2022-02-18,Clothing,T-Shirt,West,Direct,23,246.07,6225.57,1491.28
2022-02-19,Home & Garden,Cookware Set,West,Direct,82,135.34,12207.67,3789.5
2022-02-19,Beauty,Makeup Palette,North,Direct,78,484.03,45305.21,8769.06
2022-02-19,Sports,Running Shoes,East,Retail,88,328.74,28929.12,10229.74
2022-02-19,Clothing,Jeans,Central,Direct,22,245.0,5390.0,1471.81
2022-02-19,Beauty,Makeup Palette,North,Wholesale,74,383.78,34079.66,13906.32
2022-02-19,Sports,Running Shoes,Central,Wholesale,86,308.81,26557.66,6785.79
2022-02-19,Clothing,T-Shirt,West,Retail,73,366.17,29403.45,
2022-02-19,Home & Garden,Bedding Set,Central,Wholesale,23,459.53,10569.19,4431.72
2022-02-19,Beauty,Skin Care Kit,West,Retail,11,404.18,4890.58,1915.25
2022-02-19,Electronics,Smartphone,North,Wholesale,71,421.04,35872.61,6589.5
2022-02-19,Clothing,T-Shirt,West,Retail,33,187.43,6803.71,2397.19
2022-02-19,Sports,Bike Helmet,North,Direct,73,465.74,40798.82,10859.53
2022-02-19,Beauty,Fragrance,North,Direct,54,316.61,20516.33,4227.3
2022-02-19,Beauty,Hair Dryer,Central,Wholesale,47,77.59,3646.73,1440.81
2022-02-19,Beauty,Face Serum,South,Retail,61,104.95,6081.85,
2022-02-19,Sports,Bike Helmet,South,Direct,27,325.99,8361.64,3075.81
2022-02-19,Clothing,T-Shirt,Central,Direct,22,171.32,3769.04,638.86
2022-02-20,Sports,Running Shoes,North,Direct,73,433.88,38007.89,14575.78
2022-02-20,Beauty,Face Serum,East,Wholesale,85,147.95,12575.75,2782.57
2022-02-20,Beauty,Makeup Palette,West,Wholesale,41,408.56,18426.06,3859.25
2022-02-20,Electronics,Smartphone,East,Direct,99,385.35,38149.65,6448.8
2022-02-20,Clothing,Sneakers,Central,Wholesale,79,217.77,17203.83,3624.14
2022-02-20,Electronics,Tablet,Central,Wholesale,28,295.29,8268.12,1435.77
2022-02-20,Clothing,Jeans,Central,Wholesale,30,495.43,14862.9,3877.28
2022-02-20,Clothing,Jeans,West,Retail,1,358.05,393.86,61.21
2022-02-20,Beauty,Makeup Palette,Central,Retail,76,315.22,23956.72,10151.08
2022-02-20,Beauty,Skin Care Kit,West,Direct,78,482.73,41418.23,13251.0
2022-02-20,Home & Garden,Bedding Set,South,Direct,98,75.01,6983.43,2361.72
2022-02-20,Home & Garden,Cookware Set,East,Retail,21,53.64,1126.44,216.61
2022-02-20,Home & Garden,Lamp,West,Retail,60,413.41,27285.06,
2022-02-20,Electronics,Tablet,South,Direct,90,446.37,38164.64,9292.28
2022-02-20,Beauty,Skin Care Kit,North,Retail,39,491.2,22988.16,4461.9
2022-02-20,Electronics,Laptop,West,Retail,68,136.5,10210.2,2471.3
2022-02-20,Sports,Bike Helmet,North,Direct,55,441.81,29159.46,8166.74
2022-02-20,Beauty,Fragrance,North,Direct,16,265.31,5093.95,2032.44
2022-02-20,Clothing,Sneakers,East,Retail,20,336.37,6727.4,1645.17
2022-02-20,Clothing,Sneakers,Central,Wholesale,5,434.22,2171.1,428.08
2022-02-20,Sports,Dumbbell Set,West,Direct,17,90.33,1689.17,731.35
2022-02-21,Sports,Dumbbell Set,West,Wholesale,31,115.42,3935.82,1007.05
2022-02-21,Home & Garden,Office Chair,North,Direct,79,373.04,35364.19,7843.23
2022-02-21,Sports,Tennis Racket,North,Retail,43,70.04,3614.06,1563.75
2022-02-21,Beauty,Fragrance,Central,Direct,57,324.62,18503.34,6255.86
2022-02-21,Home & Garden,Lamp,South,Wholesale,36,41.56,1421.35,600.31
2022-02-21,Electronics,Smartphone,South,Direct,38,240.74,8690.71,3556.62
2022-02-21,Home & Garden,Garden Tools,Central,Direct,65,26.06,1693.9,414.7
2022-02-21,Sports,Yoga Mat,East,Wholesale,8,244.71,1957.68,797.92
2022-02-21,Beauty,Hair Dryer,South,Direct,1,210.52,199.99,
2022-02-21,Beauty,Face Serum,Central,Retail,56,467.92,26203.52,11671.07
2022-02-21,Beauty,Face Serum,East,Retail,32,490.13,15684.16,2664.99
2022-02-21,Beauty,Fragrance,West,Retail,35,424.84,16356.34,3165.23
2022-02-21,Home & Garden,Cookware Set,South,Direct,78,20.34,1507.19,669.34
2022-02-21,Clothing,T-Shirt,East,Wholesale,16,373.06,5968.96,1176.42
2022-02-21,Home & Garden,Bedding Set,Central,Retail,74,466.96,34555.04,10097.8
2022-02-21,Sports,Yoga Mat,West,Wholesale,56,53.48,3294.37,767.14
2022-02-22,Electronics,Headphones,East,Wholesale,12,272.46,3269.52,1303.96
2022-02-22,Home & Garden,Bedding Set,South,Direct,6,85.31,486.27,120.01
2022-02-22,Beauty,Hair Dryer,North,Direct,81,241.85,23507.82,4718.58
2022-02-22,Beauty,Face Serum,West,Wholesale,60,58.15,3837.9,1590.78
2022-02-22,Clothing,Sneakers,West,Retail,13,62.86,898.9,358.24
2022-02-22,Electronics,Laptop,East,Direct,9,161.2,1450.8,428.01
2022-02-22,Home & Garden,Office Chair,East,Direct,76,237.27,18032.52,3381.04
2022-02-22,Home & Garden,Lamp,North,Wholesale,4,256.34,1230.43,464.78
2022-02-22,Home & Garden,Office Chair,West,Retail,54,284.71,16911.77,7342.15
2022-02-22,Clothing,Jacket,West,Retail,13,407.27,5823.96,1888.2
2022-02-22,Home & Garden,Lamp,East,Retail,46,17.51,805.46,256.12
2022-02-22,Clothing,Jacket,East,Direct,97,218.24,21169.28,4023.28
2022-02-22,Beauty,Skin Care Kit,East,Wholesale,94,238.05,22376.7,9716.63
2022-02-22,Home & Garden,Garden Tools,West,Direct,66,318.38,23114.39,5366.01
2022-02-22,Clothing,Jeans,Central,Retail,48,125.51,6024.48,1467.52
2022-02-22,Sports,Running Shoes,North,Wholesale,88,207.18,21878.21,9786.73
2022-02-23,Clothing,Jacket,North,Direct,8,37.86,363.46,
2022-02-23,Sports,Dumbbell Set,Central,Wholesale,31,46.29,1434.99,382.86
2022-02-23,Clothing,Jeans,West,Retail,72,250.42,19833.26,4080.13
2022-02-23,Clothing,Sneakers,North,Retail,54,31.61,2048.33,866.3
2022-02-23,Clothing,Sneakers,West,Wholesale,63,93.49,6478.86,1087.19
2022-02-23,Clothing,Jeans,West,Direct,48,253.65,13392.72,4586.04
2022-02-23,Beauty,Face Serum,South,Wholesale,99,237.56,22342.52,9863.69
2022-02-23,Electronics,Headphones,West,Retail,73,303.85,24399.16,5186.84
2022-02-23,Home & Garden,Office Chair,North,Direct,65,186.0,14508.0,3570.79
2022-02-23,Beauty,Fragrance,South,Direct,91,476.79,41218.5,8824.77
2022-02-23,Sports,Running Shoes,North,Wholesale,67,70.61,5677.04,2418.27
2022-02-23,Electronics,Laptop,North,Retail,4,381.76,1832.45,275.5
2022-02-23,Beauty,Skin Care Kit,West,Direct,14,90.42,1392.47,513.52
2022-02-23,Home & Garden,Cookware Set,East,Direct,64,363.54,23266.56,4263.45
2022-02-24,Home & Garden,Garden Tools,Central,Direct,38,237.24,9015.12,1670.81
2022-02-24,Beauty,Fragrance,Central,Direct,38,396.9,15082.2,3744.97
2022-02-24,Home & Garden,Bedding Set,West,Wholesale,94,288.37,29817.46,5899.27
2022-02-24,Beauty,Hair Dryer,West,Wholesale,39,73.15,3138.14,1187.14
2022-02-24,Electronics,Smartphone,Central,Retail,58,86.38,5010.04,1644.65
2022-02-24,Home & Garden,Bedding Set,East,Wholesale,62,239.37,14840.94,5678.6
2022-02-24,Clothing,Sneakers,West,Retail,99,369.34,40221.13,14653.13
2022-02-24,Sports,Tennis Racket,South,Wholesale,63,356.43,21332.34,8150.26
2022-02-24,Sports,Running Shoes,Central,Retail,32,26.62,851.84,236.93
2022-02-24,Home & Garden,Office Chair,Central,Retail,37,304.09,11251.33,
2022-02-24,Home & Garden,Office Chair,Central,Retail,15,170.54,2558.1,1022.35
2022-02-24,Electronics,Laptop,Central,Retail,48,267.57,12843.36,5454.7
2022-02-24,Beauty,Hair Dryer,Central,Wholesale,13,110.19,1432.47,269.94
2022-02-24,Beauty,Makeup Palette,East,Retail,20,47.5,950.0,204.25
2022-02-24,Clothing,Jeans,East,Retail,3,284.7,854.1,188.85
2022-02-24,Electronics,Headphones,East,Direct,24,371.62,8918.88,
2022-02-24,Beauty,Makeup Palette,Central,Direct,12,294.84,3538.08,618.42
2022-02-24,Electronics,Headphones,Central,Wholesale,69,303.82,20963.58,
2022-02-24,Clothing,T-Shirt,East,Direct,80,106.5,8520.0,3025.99
2022-02-25,Electronics,Laptop,West,Direct,46,217.55,11008.03,3193.51
2022-02-25,Beauty,Fragrance,North,Wholesale,31,258.48,9615.46,3851.49
2022-02-25,Beauty,Makeup Palette,North,Direct,17,168.48,3436.99,1331.43
2022-02-25,Sports,Dumbbell Set,South,Retail,86,447.61,36569.74,7504.97
2022-02-25,Sports,Yoga Mat,West,Wholesale,84,480.36,44385.26,12006.7
2022-02-25,Home & Garden,Cookware Set,South,Wholesale,4,79.01,300.24,88.44
2022-02-25,Clothing,Jacket,West,Wholesale,64,406.39,28609.86,7003.98
2022-02-25,Home & Garden,Garden Tools,East,Retail,40,468.39,18735.6,4207.74
2022-02-25,Sports,Bike Helmet,East,Direct,59,199.31,11759.29,
2022-02-25,Electronics,Headphones,North,Direct,66,348.67,27614.66,5258.54
2022-02-25,Sports,Bike Helmet,North,Wholesale,74,155.49,13807.51,4243.56
2022-02-25,Home & Garden,Cookware Set,East,Wholesale,67,410.03,27472.01,10114.66
2022-02-25,Electronics,Tablet,West,Retail,72,405.8,32139.36,11832.76
2022-02-25,Clothing,T-Shirt,West,Retail,73,363.73,29207.52,6069.23
2022-02-25,Beauty,Makeup Palette,North,Wholesale,96,368.4,42439.68,6876.9
2022-02-25,Clothing,Sneakers,West,Direct,30,291.19,9609.27,4208.58
2022-02-25,Electronics,Tablet,West,Wholesale,27,474.9,14104.53,5465.23
2022-02-25,Clothing,Dress,East,Retail,63,320.89,20216.07,3404.98
2022-02-26,Electronics,Smartwatch,Central,Direct,46,173.39,7975.94,1920.99
2022-02-26,Beauty,Makeup Palette,Central,Retail,51,454.6,23184.6,6185.32
2022-02-26,Sports,Running Shoes,West,Wholesale,15,462.5,7631.25,2857.97
2022-02-26,Beauty,Face Serum,North,Wholesale,74,28.59,2538.79,1120.67
2022-02-26,Electronics,Tablet,South,Wholesale,47,129.46,5780.39,869.25
2022-02-26,Beauty,Skin Care Kit,North,Wholesale,84,486.49,49038.19,17239.44
2022-02-26,Clothing,T-Shirt,Central,Direct,30,272.19,8165.7,2837.06
2022-02-26,Clothing,Jeans,North,Direct,61,485.1,35509.32,13414.75
2022-02-26,Clothing,Sneakers,Central,Wholesale,30,131.01,3930.3,1631.09
2022-02-26,Beauty,Makeup Palette,Central,Direct,42,465.67,19558.14,8660.83
2022-02-26,Sports,Bike Helmet,East,Retail,7,10.79,75.53,26.94
2022-02-26,Sports,Running Shoes,West,Wholesale,63,298.99,20720.01,8143.04
2022-02-26,Sports,Running Shoes,South,Wholesale,84,255.29,20372.14,3066.23
2022-02-26,Sports,Tennis Racket,Central,Direct,63,33.37,2102.31,479.21
2022-02-26,Sports,Dumbbell Set,North,Wholesale,2,92.02,220.85,40.58
2022-02-27,Electronics,Tablet,South,Retail,35,271.51,9027.71,3497.07
2022-02-27,Sports,Tennis Racket,West,Direct,41,305.55,13780.31,4181.86
2022-02-27,Sports,Tennis Racket,Central,Direct,54,128.82,6956.28,2771.01
2022-02-27,Electronics,Smartwatch,West,Retail,17,374.14,6996.42,1889.88
2022-02-27,Home & Garden,Lamp,Central,Wholesale,95,273.49,25981.55,4516.48
2022-02-27,Home & Garden,Garden Tools,Central,Direct,97,288.58,27992.26,11616.17
2022-02-27,Clothing,Sneakers,Central,Direct,42,160.72,6750.24,2161.09
2022-02-27,Home & Garden,Lamp,Central,Wholesale,94,49.68,4669.92,1910.07
2022-02-27,Home & Garden,Lamp,West,Wholesale,9,231.78,2294.62,418.54
2022-02-27,Clothing,Dress,East,Retail,10,166.61,1666.1,434.75
2022-02-27,Beauty,Face Serum,Central,Wholesale,59,346.39,20437.01,8120.83
2022-02-27,Beauty,Fragrance,South,Direct,23,407.34,8900.38,3185.54
2022-02-27,Sports,Running Shoes,East,Direct,15,86.32,1294.8,277.58
2022-02-27,Home & Garden,Cookware Set,East,Wholesale,78,346.56,27031.68,5703.82
2022-02-27,Clothing,Jacket,Central,Wholesale,14,83.36,1167.04,347.89
2022-02-27,Home & Garden,Bedding Set,North,Wholesale,58,119.62,8325.55,1814.65
2022-02-27,Electronics,Smartphone,East,Retail,9,274.37,2469.33,635.6
2022-02-27,Clothing,Jeans,East,Retail,61,246.27,15022.47,6562.65
2022-02-27,Electronics,Smartwatch,North,Wholesale,10,106.2,1274.4,358.37
2022-02-28,Clothing,Jeans,East,Direct,25,26.68,667.0,223.99
2022-02-28,Beauty,Hair Dryer,South,Direct,53,450.18,22666.56,5405.26
2022-02-28,Sports,Running Shoes,West,Wholesale,26,11.41,326.33,145.32
2022-02-28,Home & Garden,Garden Tools,East,Direct,38,245.32,9322.16,3351.01
2022-02-28,Clothing,Sneakers,West,Direct,15,206.32,3404.28,1176.22
2022-02-28,Sports,Tennis Racket,South,Direct,70,225.84,15018.36,4726.74
2022-02-28,Electronics,Headphones,East,Retail,26,70.94,1844.44,494.81
2022-02-28,Beauty,Makeup Palette,South,Wholesale,43,482.78,19721.56,7993.37
2022-02-28,Electronics,Tablet,North,Wholesale,37,490.19,21764.44,7336.5
2022-02-28,Clothing,Dress,South,Wholesale,64,10.51,639.01,115.91
2022-02-28,Home & Garden,Garden Tools,East,Direct,57,214.9,12249.3,4001.68
2022-02-28,Electronics,Headphones,North,Wholesale,77,490.24,45298.18,10971.74
2022-02-28,Clothing,Sneakers,East,Direct,61,36.39,2219.79,653.22
2022-02-28,Sports,Running Shoes,Central,Retail,17,414.68,7049.56,1078.57
2022-02-28,Home & Garden,Cookware Set,West,Direct,38,497.95,20814.31,8654.94
2022-02-28,Electronics,Laptop,Central,Direct,58,471.93,27371.94,8859.64
2022-02-28,Electronics,Headphones,South,Direct,29,282.62,7786.18,3036.5
2022-03-01,Clothing,Sneakers,East,Direct,91,80.73,7346.43,2122.44
2022-03-01,Home & Garden,Lamp,West,Retail,68,112.82,8438.94,1795.09
2022-03-01,Home & Garden,Bedding Set,West,Direct,57,82.65,5182.16,860.76
2022-03-01,Clothing,Jeans,East,Direct,86,244.96,21066.56,7577.96
2022-03-01,Clothing,T-Shirt,Central,Retail,9,156.43,1407.87,590.85
2022-03-01,Clothing,Sneakers,Central,Wholesale,15,334.05,5010.75,1003.65
2022-03-01,Electronics,Tablet,East,Wholesale,38,175.14,6655.32,1045.77
2022-03-01,Beauty,Makeup Palette,South,Wholesale,11,290.11,3031.65,1300.32
2022-03-01,Home & Garden,Cookware Set,North,Retail,22,183.87,4854.17,1743.35
2022-03-01,Clothing,T-Shirt,South,Direct,28,137.68,3662.29,1299.06
2022-03-01,Sports,Bike Helmet,North,Direct,8,447.92,4300.03,763.99
2022-03-01,Home & Garden,Bedding Set,West,Retail,90,490.77,48586.23,15633.71
2022-03-02,Beauty,Fragrance,Central,Retail,29,13.52,392.08,142.07
2022-03-02,Clothing,Sneakers,West,Retail,63,245.87,17038.79,6975.6
2022-03-02,Sports,Tennis Racket,Central,Direct,18,394.58,7102.44,2798.78
2022-03-02,Sports,Bike Helmet,South,Wholesale,99,145.34,13669.23,2637.14
2022-03-02,Beauty,Hair Dryer,South,Wholesale,6,187.06,1066.24,182.54
2022-03-02,Home & Garden,Lamp,West,Retail,52,413.23,23636.76,10117.8
2022-03-02,Electronics,Tablet,Central,Direct,6,300.26,1801.56,804.45
2022-03-02,Beauty,Makeup Palette,West,Wholesale,21,16.92,390.85,131.49
2022-03-02,Home & Garden,Office Chair,North,Wholesale,9,167.16,1805.33,291.92
2022-03-02,Sports,Tennis Racket,East,Direct,39,413.63,16131.57,7071.38
2022-03-02,Beauty,Face Serum,Central,Retail,18,383.99,6911.82,2850.24
2022-03-02,Electronics,Smartphone,North,Retail,21,181.6,4576.32,1996.32
2022-03-02,Electronics,Tablet,North,Wholesale,25,414.94,12448.2,3969.29
2022-03-02,Home & Garden,Bedding Set,South,Retail,37,499.25,17548.64,2808.56
2022-03-02,Home & Garden,Office Chair,East,Wholesale,5,119.84,599.2,249.81
2022-03-02,Home & Garden,Bedding Set,South,Direct,20,491.51,9338.69,1834.99
2022-03-02,Electronics,Tablet,South,Wholesale,60,271.89,15497.73,6452.89
2022-03-02,Beauty,Hair Dryer,South,Wholesale,81,249.01,19161.32,5694.84
2022-03-02,Sports,Dumbbell Set,Central,Direct,20,395.95,7919.0,2639.85
2022-03-03,Electronics,Headphones,Central,Wholesale,85,268.13,22791.05,5165.29
2022-03-03,Clothing,Jacket,East,Wholesale,8,197.57,1580.56,394.82
2022-03-03,Beauty,Fragrance,South,Retail,89,48.23,4077.85,1800.49
2022-03-03,Home & Garden,Office Chair,North,Direct,8,40.76,391.3,99.1
2022-03-03,Home & Garden,Lamp,East,Retail,69,400.47,27632.43,9445.47
2022-03-03,Home & Garden,Lamp,East,Retail,39,281.22,10967.58,4567.41
2022-03-03,Home & Garden,Lamp,South,Retail,26,129.04,3187.29,733.36
2022-03-03,Clothing,T-Shirt,Central,Direct,17,362.72,6166.24,2080.86
2022-03-03,Beauty,Hair Dryer,South,Direct,6,16.99,96.84,31.61
2022-03-03,Sports,Dumbbell Set,East,Direct,63,147.25,9276.75,1494.83
2022-03-03,Clothing,Jeans,West,Retail,55,75.93,4593.77,1300.24
2022-03-03,Electronics,Smartphone,West,Wholesale,22,327.59,7927.68,1809.45
2022-03-03,Sports,Yoga Mat,West,Direct,7,465.49,3584.27,1308.51
2022-03-03,Clothing,Jeans,South,Retail,46,349.68,15281.02,2596.34
2022-03-03,Clothing,Jeans,East,Direct,11,497.8,5475.8,1211.91
2022-03-04,Beauty,Fragrance,East,Retail,64,211.88,13560.32,4274.3
2022-03-04,Clothing,T-Shirt,East,Wholesale,94,341.32,32084.08,13138.51
2022-03-04,Clothing,Jacket,West,Retail,46,359.97,18214.48,6311.62
2022-03-04,Beauty,Fragrance,Central,Retail,35,164.55,5759.25,1101.33
2022-03-04,Clothing,Sneakers,West,Retail,91,265.63,26589.56,10185.28
2022-03-04,Beauty,Skin Care Kit,West,Direct,6,407.26,2687.92,796.23
2022-03-04,Sports,Running Shoes,South,Wholesale,33,401.82,12597.06,2560.62
2022-03-04,Sports,Running Shoes,Central,Wholesale,16,186.47,2983.52,1211.97
2022-03-04,Sports,Tennis Racket,South,Wholesale,47,440.75,19679.49,8389.26
2022-03-04,Clothing,Dress,North,Direct,89,167.0,17835.6,6275.07
2022-03-04,Beauty,Skin Care Kit,North,Retail,85,404.74,41283.48,6530.3
2022-03-04,Clothing,T-Shirt,East,Direct,48,491.54,23593.92,9385.8
2022-03-04,Beauty,Makeup Palette,Central,Direct,56,415.46,23265.76,7498.76
2022-03-04,Electronics,Smartphone,Central,Retail,35,306.48,10726.8,
2022-03-04,Sports,Tennis Racket,Central,Direct,49,155.28,7608.72,3053.81
2022-03-04,Home & Garden,Bedding Set,East,Direct,22,10.08,221.76,35.46
2022-03-05,Beauty,Fragrance,East,Wholesale,78,243.06,18958.68,3701.84
2022-03-05,Beauty,Face Serum,North,Direct,34,330.3,13476.24,4822.21
2022-03-05,Home & Garden,Bedding Set,West,Retail,34,120.86,4520.16,1042.21
2022-03-05,Clothing,Jeans,South,Direct,37,344.86,12121.83,2350.77
2022-03-05,Home & Garden,Lamp,North,Wholesale,7,332.37,2791.91,1071.48
2022-03-05,Sports,Tennis Racket,West,Direct,99,325.61,35458.93,5712.39
2022-03-05,Home & Garden,Cookware Set,East,Direct,17,184.33,3133.61,1090.57
2022-03-05,Clothing,T-Shirt,East,Wholesale,50,220.47,11023.5,2389.85
2022-03-05,Electronics,Tablet,South,Retail,94,142.74,12746.68,
2022-03-05,Home & Garden,Bedding Set,Central,Direct,34,132.72,4512.48,1558.18
2022-03-05,Sports,Yoga Mat,Central,Wholesale,13,78.19,1016.47,286.54
2022-03-06,Electronics,Laptop,South,Retail,54,323.09,16574.52,5583.01
2022-03-06,Clothing,T-Shirt,West,Wholesale,15,444.92,7341.18,2071.73
2022-03-06,Clothing,T-Shirt,East,Wholesale,6,117.22,703.32,208.39
2022-03-06,Home & Garden,Garden Tools,North,Wholesale,53,298.77,19001.77,8351.77
2022-03-06,Electronics,Laptop,East,Retail,20,408.7,8174.0,3512.6
2022-03-06,Sports,Bike Helmet,Central,Retail,71,337.85,23987.35,5119.51
2022-03-06,Clothing,T-Shirt,South,Wholesale,87,246.51,20374.05,5259.24
2022-03-06,Beauty,Hair Dryer,Central,Wholesale,57,31.07,1770.99,341.61
2022-03-06,Sports,Yoga Mat,East,Wholesale,93,30.46,2832.78,525.49
2022-03-06,Beauty,Makeup Palette,Central,Direct,58,107.71,6247.18,943.16
2022-03-06,Sports,Yoga Mat,Central,Wholesale,78,341.57,26642.46,5038.88
2022-03-06,Beauty,Fragrance,South,Retail,27,32.89,843.63,291.71
2022-03-06,Beauty,Face Serum,Central,Wholesale,89,209.21,18619.69,4687.69
2022-03-06,Clothing,Jeans,North,Retail,69,188.59,15615.25,5859.62
2022-03-07,Clothing,Sneakers,South,Wholesale,50,350.04,16626.9,6017.7
2022-03-07,Electronics,Tablet,Central,Direct,10,32.19,321.9,81.56
2022-03-07,Beauty,Face Serum,Central,Wholesale,37,156.25,5781.25,1054.68
2022-03-07,Electronics,Smartphone,East,Retail,73,222.09,16212.57,3912.35
2022-03-07,Sports,Dumbbell Set,Central,Retail,60,298.93,17935.8,4395.07
2022-03-07,Electronics,Smartphone,North,Retail,23,158.4,4371.84,1182.01
2022-03-07,Sports,Yoga Mat,Central,Wholesale,57,469.45,26758.65,6720.03
2022-03-07,Clothing,Dress,East,Direct,51,469.0,23919.0,6442.07
2022-03-07,Beauty,Skin Care Kit,East,Retail,17,195.92,3330.64,555.01
2022-03-07,Home & Garden,Lamp,Central,Retail,27,325.68,8793.36,1707.28
2022-03-07,Sports,Tennis Racket,West,Wholesale,49,249.94,13471.77,5083.0
2022-03-07,Sports,Running Shoes,North,Direct,58,141.06,9817.78,3740.46
2022-03-07,Clothing,Dress,East,Direct,51,469.0,23919.0,6442.07
2022-03-08,Electronics,Smartwatch,Central,Retail,34,459.54,15624.36,2695.14
2022-03-08,Beauty,Fragrance,Central,Direct,87,344.37,29960.19,9573.54
2022-03-08,Sports,Yoga Mat,West,Direct,97,372.76,39773.49,16664.01
2022-03-08,Electronics,Tablet,East,Direct,27,299.42,8084.34,3055.9
2022-03-08,Home & Garden,Lamp,Central,Direct,17,442.93,7529.81,2776.12
2022-03-08,Electronics,Smartwatch,Central,Wholesale,8,352.99,2823.92,1142.03
2022-03-08,Sports,Bike Helmet,West,Direct,52,300.31,17177.73,6163.64
2022-03-08,Home & Garden,Office Chair,North,Retail,28,39.63,1331.57,255.06
2022-03-08,Sports,Bike Helmet,West,Retail,79,263.9,22932.91,6720.64
2022-03-08,Home & Garden,Bedding Set,Central,Retail,90,84.96,7646.4,2509.67
2022-03-08,Sports,Tennis Racket,North,Direct,87,131.54,13732.78,
2022-03-08,Sports,Yoga Mat,South,Retail,28,378.42,10065.97,2932.39
2022-03-08,Clothing,Jeans,North,Wholesale,60,395.98,28510.56,12747.13
2022-03-08,Beauty,Makeup Palette,North,Retail,3,365.63,1316.27,557.69
2022-03-08,Clothing,Jeans,Central,Direct,52,67.53,3511.56,720.46
2022-03-08,Sports,Dumbbell Set,East,Retail,35,24.76,866.6,143.6
2022-03-08,Home & Garden,Garden Tools,Central,Retail,42,439.85,18473.7,3158.93
2022-03-09,Sports,Running Shoes,Central,Wholesale,7,396.72,2777.04,955.83
2022-03-09,Beauty,Face Serum,North,Wholesale,61,68.27,4997.36,1128.92
2022-03-09,Clothing,Jacket,West,Retail,8,157.72,1387.94,468.92
2022-03-09,Clothing,Jacket,North,Retail,45,449.62,24279.48,4312.94
2022-03-09,Clothing,Dress,North,Retail,52,141.22,8812.13,1731.22
2022-03-09,Clothing,Jacket,Central,Wholesale,81,274.32,22219.92,6783.17
2022-03-09,Beauty,Skin Care Kit,East,Wholesale,61,379.96,23177.56,10128.84
2022-03-09,Clothing,T-Shirt,West,Wholesale,48,408.9,21589.92,6883.22
2022-03-09,Home & Garden,Lamp,Central,Wholesale,26,335.36,8719.36,1725.99
2022-03-09,Clothing,Jeans,East,Retail,17,61.19,1040.23,284.41
2022-03-09,Sports,Yoga Mat,West,Retail,54,334.52,19870.49,4617.43
2022-03-09,Home & Garden,Office Chair,East,Retail,59,138.2,8153.8,2943.67
2022-03-09,Beauty,Hair Dryer,Central,Direct,85,354.42,30125.7,10654.55
2022-03-09,Sports,Dumbbell Set,West,Direct,77,367.4,31118.78,12163.11
2022-03-09,Electronics,Smartphone,North,Direct,14,354.42,5954.26,1217.09
2022-03-09,Sports,Yoga Mat,West,Direct,85,242.73,22695.26,9333.84
2022-03-09,Home & Garden,Office Chair,West,Wholesale,17,457.47,8554.69,3466.89
2022-03-10,Clothing,Sneakers,Central,Retail,34,166.68,5667.12,2086.24
2022-03-10,Clothing,Dress,East,Wholesale,7,237.83,1664.81,721.78
2022-03-10,Sports,Tennis Racket,North,Direct,16,384.71,7386.43,2200.53
2022-03-10,Beauty,Makeup Palette,North,Retail,41,213.99,10528.31,2054.12
2022-03-10,Clothing,Jacket,North,Retail,15,87.87,1581.66,612.67
2022-03-10,Sports,Tennis Racket,West,Wholesale,86,39.28,3715.89,1629.16
2022-03-10,Home & Garden,Garden Tools,North,Wholesale,75,187.04,16833.6,3505.79
2022-03-10,Electronics,Headphones,West,Wholesale,19,421.64,8812.28,3236.86
2022-03-10,Electronics,Laptop,West,Direct,96,445.61,47056.42,19593.34
2022-03-10,Clothing,Sneakers,East,Wholesale,82,62.28,5106.96,1283.82
2022-03-10,Electronics,Tablet,Central,Wholesale,44,490.46,21580.24,7103.88
2022-03-10,Clothing,Sneakers,West,Wholesale,82,382.33,34486.17,7416.43
2022-03-10,Home & Garden,Bedding Set,Central,Retail,59,282.17,16648.03,4775.06
2022-03-10,Home & Garden,Cookware Set,Central,Retail,30,100.76,3022.8,1264.8
2022-03-10,Sports,Bike Helmet,North,Direct,53,440.52,28017.07,10960.99
2022-03-10,Sports,Dumbbell Set,South,Wholesale,48,280.41,12786.7,2633.84
2022-03-10,Electronics,Smartwatch,West,Retail,80,401.67,35346.96,5802.47
2022-03-10,Sports,Tennis Racket,West,Wholesale,57,339.17,21265.96,6220.38
2022-03-10,Electronics,Tablet,West,Retail,3,425.35,1403.66,607.41
2022-03-10,Clothing,Dress,South,Retail,81,272.84,20995.04,8452.28
2022-03-10,Home & Garden,Lamp,East,Direct,3,173.5,520.5,229.11
2022-03-10,Home & Garden,Garden Tools,South,Retail,20,152.25,2892.75,1049.52
2022-03-10,Electronics,Tablet,East,Retail,98,299.04,29305.92,8806.68
2022-03-10,Clothing,T-Shirt,South,Wholesale,23,65.64,1434.23,319.29
2022-03-10,Sports,Running Shoes,West,Wholesale,47,401.56,20760.65,8172.34
2022-03-10,Beauty,Hair Dryer,Central,Retail,18,369.79,6656.22,2397.06
2022-03-10,Home & Garden,Cookware Set,Central,Retail,30,100.76,3022.8,1264.8
2022-03-11,Electronics,Laptop,North,Direct,53,77.37,4920.73,1669.16
2022-03-11,Home & Garden,Office Chair,Central,Retail,94,310.35,29172.9,8794.83
2022-03-11,Home & Garden,Lamp,South,Direct,14,60.32,802.26,263.58
2022-03-11,Electronics,Tablet,West,Direct,17,332.62,6219.99,2699.18
2022-03-11,Home & Garden,Cookware Set,North,Wholesale,48,477.9,27527.04,9751.97
2022-03-11,Sports,Tennis Racket,West,Retail,76,473.53,39587.11,14340.93
2022-03-11,Beauty,Skin Care Kit,Central,Wholesale,61,67.69,4129.09,1292.7
2022-03-11,Clothing,Jeans,North,Direct,60,163.18,11748.96,2481.43
2022-03-11,Sports,Yoga Mat,West,Retail,71,336.11,26250.19,6817.38
2022-03-11,Sports,Running Shoes,West,Wholesale,61,109.45,7344.1,2781.52
2022-03-11,Clothing,Sneakers,East,Retail,38,432.71,16442.98,4269.03
2022-03-11,Home & Garden,Lamp,South,Direct,36,141.46,4837.93,1755.62
2022-03-12,Electronics,Tablet,Central,Direct,11,51.97,571.67,169.1
2022-03-12,Electronics,Smartwatch,West,Wholesale,11,462.12,5591.65,1861.15
2022-03-12,Home & Garden,Office Chair,East,Direct,79,480.89,37990.31,16316.09
2022-03-12,Sports,Bike Helmet,Central,Direct,66,364.38,24049.08,6849.95
2022-03-12,Home & Garden,Garden Tools,West,Direct,40,142.9,6287.6,1329.34
2022-03-12,Sports,Dumbbell Set,East,Direct,43,135.27,5816.61,2426.54
2022-03-12,Clothing,Sneakers,West,Direct,19,31.35,655.22,156.76
2022-03-12,Beauty,Skin Care Kit,South,Retail,66,278.54,17464.46,6786.77
2022-03-12,Clothing,Sneakers,North,Direct,66,63.02,4991.18,1761.16
2022-03-13,Electronics,Headphones,South,Retail,99,14.87,1398.52,548.05
2022-03-13,Home & Garden,Office Chair,West,Retail,81,12.96,1154.74,474.55
2022-03-13,Electronics,Smartwatch,East,Retail,21,129.98,2729.58,1000.7
2022-03-13,Clothing,Jacket,East,Wholesale,46,175.7,8082.2,2212.85
2022-03-13,Clothing,Jacket,East,Wholesale,98,402.64,39458.72,6563.98
2022-03-13,Clothing,T-Shirt,South,Wholesale,5,270.13,1283.12,385.24
2022-03-13,Home & Garden,Office Chair,Central,Wholesale,6,411.21,2467.26,1021.45
2022-03-13,Sports,Yoga Mat,West,Wholesale,51,110.91,6222.05,2499.28
2022-03-13,Electronics,Headphones,East,Retail,56,288.51,16156.56,5376.99
2022-03-13,Clothing,Sneakers,North,Wholesale,27,188.96,6122.3,2287.06
2022-03-13,Electronics,Tablet,East,Wholesale,63,413.66,26060.58,4209.97
2022-03-13,Electronics,Smartwatch,East,Wholesale,29,57.46,1666.34,271.21
2022-03-13,Electronics,Laptop,West,Direct,1,284.18,312.6,
2022-03-13,Sports,Dumbbell Set,East,Retail,70,418.33,29283.1,6751.94
2022-03-13,Home & Garden,Lamp,East,Retail,7,267.01,1869.07,621.44
2022-03-13,Beauty,Makeup Palette,Central,Retail,99,251.94,24942.06,3958.91
2022-03-13,Sports,Running Shoes,South,Retail,12,227.14,2589.4,974.22
2022-03-13,Beauty,Face Serum,North,Direct,26,221.95,6924.84,1268.73
2022-03-13,Electronics,Laptop,North,Direct,34,452.84,18475.87,6689.51
2022-03-13,Clothing,Dress,East,Wholesale,84,490.13,41170.92,15186.47
2022-03-14,Sports,Running Shoes,North,Direct,70,374.03,31418.52,8995.44
2022-03-14,Electronics,Laptop,East,Wholesale,30,32.96,988.8,178.26
2022-03-14,Electronics,Tablet,East,Direct,80,374.66,29972.8,9745.61
2022-03-14,Clothing,Jeans,Central,Retail,70,419.83,29388.1,6095.62
2022-03-14,Sports,Bike Helmet,South,Direct,27,101.83,2611.94,531.52
2022-03-14,Electronics,Tablet,West,Wholesale,63,91.19,6319.47,2401.93
2022-03-14,Sports,Dumbbell Set,West,Retail,91,479.51,47998.95,9003.34
2022-03-14,Sports,Bike Helmet,South,Wholesale,43,88.9,3631.57,
2022-03-14,Home & Garden,Lamp,West,Direct,99,369.32,40218.95,6526.15
2022-03-14,Electronics,Smartphone,South,Wholesale,14,175.72,2337.08,365.66
2022-03-14,Sports,Tennis Racket,South,Retail,24,339.91,7749.95,
2022-03-14,Clothing,Jacket,East,Wholesale,73,355.36,25941.28,5940.36
2022-03-14,Beauty,Face Serum,West,Direct,17,270.16,5051.99,1922.34
2022-03-14,Beauty,Face Serum,North,Retail,34,163.39,6666.31,2541.07
2022-03-14,Electronics,Laptop,East,Direct,51,112.67,5746.17,2263.44
2022-03-14,Clothing,T-Shirt,East,Wholesale,97,267.42,25939.74,11173.74
2022-03-14,Electronics,Smartwatch,Central,Direct,44,459.96,20238.24,5939.85
2022-03-14,Home & Garden,Lamp,East,Wholesale,83,353.53,29342.99,10124.03
2022-03-15,Beauty,Makeup Palette,Central,Retail,20,373.12,7462.4,1640.95
2022-03-15,Electronics,Tablet,North,Wholesale,47,389.45,21964.98,7039.52
2022-03-15,Home & Garden,Lamp,West,Wholesale,69,177.29,13456.31,3046.75
2022-03-15,Sports,Yoga Mat,East,Direct,76,152.8,11612.8,4657.37
2022-03-15,Electronics,Laptop,North,Wholesale,59,400.99,28390.09,4291.97
2022-03-15,Home & Garden,Lamp,East,Retail,41,68.52,2809.32,769.74
2022-03-15,Beauty,Face Serum,Central,Retail,83,437.94,36349.02,15866.74
2022-03-15,Electronics,Tablet,North,Wholesale,17,346.16,7061.66,1285.69
2022-03-15,Electronics,Smartphone,South,Direct,11,74.99,783.65,186.45
2022-03-15,Clothing,T-Shirt,South,Wholesale,29,159.44,4392.57,840.98
2022-03-15,Beauty,Makeup Palette,West,Direct,23,60.5,1530.65,454.61
2022-03-15,Electronics,Tablet,South,Direct,38,382.22,13798.14,3752.15
2022-03-15,Sports,Running Shoes,Central,Wholesale,28,159.55,4467.4,1034.78
2022-03-15,Beauty,Fragrance,West,Retail,11,279.92,3387.03,868.1
2022-03-15,Clothing,Jeans,West,Wholesale,62,445.61,30390.6,9959.81
2022-03-15,Electronics,Tablet,South,Wholesale,30,223.65,6374.02,2747.22
2022-03-16,Home & Garden,Bedding Set,South,Retail,86,326.3,26658.71,7655.51
2022-03-16,Home & Garden,Lamp,South,Retail,98,240.8,22418.48,10003.35
2022-03-16,Electronics,Smartwatch,North,Wholesale,97,375.52,43710.53,7153.45
2022-03-16,Sports,Tennis Racket,East,Direct,27,257.97,6965.19,2010.5
2022-03-16,Electronics,Tablet,North,Retail,56,21.73,1460.26,292.17
2022-03-16,Sports,Yoga Mat,South,Retail,60,212.06,12087.42,5424.67
2022-03-16,Beauty,Fragrance,West,Retail,14,51.57,794.18,156.66
2022-03-16,Clothing,Jeans,West,Wholesale,31,54.14,1846.17,827.28
2022-03-16,Home & Garden,Cookware Set,South,Wholesale,21,320.11,6386.19,
2022-03-16,Sports,Dumbbell Set,Central,Wholesale,17,15.43,262.31,72.16
2022-03-16,Beauty,Hair Dryer,Central,Retail,57,379.65,21640.05,4615.51
2022-03-16,Beauty,Face Serum,West,Retail,23,269.27,6812.53,2922.17
2022-03-16,Electronics,Tablet,South,Wholesale,49,454.84,21172.8,5173.39
2022-03-16,Home & Garden,Cookware Set,East,Retail,68,470.44,31989.92,9654.5
2022-03-16,Electronics,Tablet,South,Retail,5,488.29,2319.38,859.06
2022-03-16,Sports,Tennis Racket,South,Direct,15,499.3,7115.02,1361.92
2022-03-16,Beauty,Fragrance,South,Retail,89,18.13,1532.89,413.83
2022-03-16,Home & Garden,Cookware Set,East,Wholesale,38,380.46,14457.48,3720.23
2022-03-16,Home & Garden,Cookware Set,West,Wholesale,42,342.76,15835.51,4582.06
2022-03-16,Clothing,Dress,West,Direct,42,13.47,622.31,198.66
2022-03-16,Sports,Running Shoes,North,Retail,26,121.42,3788.3,1257.77
2022-03-17,Electronics,Smartphone,West,Direct,15,412.84,6811.86,1840.65
2022-03-17,Sports,Bike Helmet,Central,Wholesale,10,71.41,714.1,175.03
2022-03-17,Electronics,Tablet,North,Retail,59,361.27,25577.92,4127.4
2022-03-17,Beauty,Hair Dryer,East,Direct,59,319.01,18821.59,5719.0
2022-03-17,Beauty,Skin Care Kit,West,Wholesale,88,442.9,42872.72,15251.38
2022-03-17,Electronics,Laptop,West,Wholesale,63,252.98,17531.51,6008.21
2022-03-17,Home & Garden,Garden Tools,West,Direct,25,486.08,13367.2,2153.61
2022-03-17,Clothing,Sneakers,North,Direct,57,377.85,25844.94,6119.63
2022-03-17,Sports,Tennis Racket,West,Retail,10,157.1,1728.1,280.76
2022-03-17,Beauty,Skin Care Kit,North,Direct,31,261.42,9724.82,3722.97
2022-03-17,Clothing,Dress,East,Direct,79,323.91,25588.89,5300.99
2022-03-17,Beauty,Hair Dryer,North,Retail,56,124.79,8385.89,2498.33
2022-03-18,Home & Garden,Cookware Set,North,Direct,44,93.35,4928.88,1294.51
2022-03-18,Clothing,T-Shirt,West,Retail,88,270.91,26224.09,7973.34
2022-03-18,Electronics,Laptop,East,Wholesale,6,64.29,385.74,167.47
2022-03-18,Beauty,Makeup Palette,Central,Wholesale,15,437.33,6559.95,2723.29
2022-03-18,Clothing,Dress,East,Direct,82,331.5,27183.0,7734.69
2022-03-18,Sports,Yoga Mat,South,Wholesale,7,372.05,2474.13,1086.29
2022-03-18,Electronics,Smartwatch,Central,Wholesale,12,417.94,5015.28,1221.33
2022-03-18,Clothing,Sneakers,West,Wholesale,90,392.67,38874.33,7035.46
2022-03-18,Electronics,Laptop,Central,Direct,95,330.9,31435.5,10138.82
2022-03-18,Home & Garden,Garden Tools,Central,Retail,16,154.37,2469.92,501.29
2022-03-18,Electronics,Tablet,North,Direct,20,67.44,1618.56,632.85
2022-03-18,Sports,Running Shoes,East,Direct,96,168.43,16169.28,5291.29
2022-03-18,Sports,Tennis Racket,Central,Retail,39,14.76,575.64,176.04
2022-03-18,Electronics,Smartphone,North,Wholesale,8,104.71,1005.22,359.83
2022-03-18,Electronics,Headphones,North,Wholesale,58,246.37,17147.35,6313.84
2022-03-18,Home & Garden,Cookware Set,West,Retail,40,140.11,6164.84,1461.23
2022-03-18,Sports,Running Shoes,Central,Retail,68,100.01,6800.68,2937.41
2022-03-18,Electronics,Smartwatch,North,Wholesale,85,61.6,6283.2,2440.88
2022-03-18,Home & Garden,Lamp,Central,Wholesale,57,469.52,26762.64,8148.38
2022-03-19,Home & Garden,Garden Tools,West,Direct,26,253.51,7250.39,2930.61
2022-03-19,Home & Garden,Lamp,West,Direct,37,291.66,11870.56,4039.7
2022-03-19,Clothing,Jacket,West,Wholesale,53,245.4,14306.82,2588.52
2022-03-19,Clothing,Sneakers,South,Direct,16,180.69,2746.49,1134.56
2022-03-19,Clothing,Sneakers,North,Wholesale,76,279.47,25487.66,6859.27
2022-03-19,Electronics,Smartwatch,Central,Retail,39,355.88,13879.32,4902.52
2022-03-19,Sports,Yoga Mat,West,Retail,75,11.34,935.55,270.1
2022-03-19,Electronics,Laptop,North,Direct,17,43.18,880.87,172.58
2022-03-19,Beauty,Fragrance,North,Direct,5,186.64,1119.84,211.18
2022-03-19,Beauty,Face Serum,East,Retail,69,164.19,11329.11,2619.52
2022-03-19,Electronics,Headphones,North,Direct,48,482.61,27798.34,4345.39
2022-03-19,Clothing,T-Shirt,South,Direct,69,32.18,2109.4,454.27
2022-03-19,Clothing,Jacket,South,Wholesale,10,242.69,2305.55,584.46
2022-03-19,Electronics,Smartphone,South,Direct,86,275.27,22489.56,6743.98
2022-03-19,Sports,Dumbbell Set,West,Wholesale,55,214.58,12982.09,4916.67
2022-03-19,Home & Garden,Bedding Set,South,Retail,60,489.12,27879.84,11634.34
2022-03-19,Home & Garden,Cookware Set,South,Retail,21,365.45,7290.73,1845.09
2022-03-19,Clothing,Sneakers,East,Retail,98,74.25,7276.5,2003.49
2022-03-19,Home & Garden,Lamp,Central,Retail,71,333.88,23705.48,7384.89
2022-03-19,Sports,Tennis Racket,North,Wholesale,70,92.25,7749.0,2300.24
2022-03-20,Clothing,Dress,South,Wholesale,97,412.14,37978.7,15049.85
2022-03-20,Home & Garden,Lamp,North,Wholesale,37,247.53,10990.33,2066.69
2022-03-20,Clothing,T-Shirt,North,Retail,11,201.43,2658.88,541.46
2022-03-20,Clothing,Jacket,South,Direct,14,478.67,6366.31,1493.18
2022-03-20,Electronics,Headphones,North,Retail,53,46.05,2928.78,1282.12
2022-03-20,Electronics,Headphones,West,Retail,43,20.21,955.93,422.82
2022-03-20,Electronics,Laptop,South,Wholesale,20,56.24,1068.56,425.98
2022-03-20,Sports,Running Shoes,West,Direct,20,429.4,9446.8,2199.39
2022-03-20,Home & Garden,Garden Tools,South,Retail,45,131.34,5614.78,2400.31
2022-03-20,Sports,Dumbbell Set,South,Retail,34,168.9,5455.47,1140.03
2022-03-20,Sports,Bike Helmet,South,Direct,7,453.48,3015.64,1042.34
2022-03-20,Clothing,Dress,Central,Wholesale,58,430.23,24953.34,6033.0
2022-03-20,Beauty,Makeup Palette,East,Retail,97,76.41,7411.77,2616.57
2022-03-20,Sports,Tennis Racket,West,Wholesale,52,96.55,5522.66,1652.36
2022-03-20,Electronics,Smartphone,North,Direct,96,27.52,3170.3,1353.12
2022-03-20,Clothing,Jacket,East,Retail,74,336.8,24923.2,4244.07
2022-03-20,Clothing,Dress,West,Direct,86,70.31,6651.33,2461.64
2022-03-20,Sports,Dumbbell Set,East,Retail,12,123.61,1483.32,486.93
2022-03-20,Beauty,Fragrance,South,Direct,92,492.08,43007.79,15287.06
2022-03-20,Electronics,Tablet,West,Wholesale,39,243.4,10441.86,1984.54
2022-03-20,Electronics,Laptop,West,Wholesale,67,139.86,10307.68,3897.88
2022-03-21,Beauty,Fragrance,Central,Retail,14,468.98,6565.72,1261.89
2022-03-21,Clothing,Jeans,West,Wholesale,49,22.7,1223.53,405.09
2022-03-21,Electronics,Smartphone,West,Direct,50,444.65,24455.75,10066.81
2022-03-21,Electronics,Smartphone,North,Direct,55,488.9,32267.4,7431.2
2022-03-21,Electronics,Smartwatch,South,Wholesale,77,32.76,2396.39,493.3
2022-03-21,Home & Garden,Lamp,South,Wholesale,57,160.75,8704.61,3320.36
2022-03-21,Clothing,Jeans,North,Retail,84,484.87,48874.9,20155.32
2022-03-21,Sports,Yoga Mat,South,Wholesale,78,414.08,30683.33,5530.11
2022-03-21,Electronics,Headphones,South,Wholesale,9,39.57,338.32,80.09
2022-03-21,Electronics,Smartphone,East,Direct,95,192.91,18326.45,5111.07
2022-03-21,Clothing,Jacket,West,Retail,33,265.05,9621.32,
2022-03-21,Sports,Dumbbell Set,South,Direct,69,336.43,22052.99,6869.02
2022-03-21,Home & Garden,Cookware Set,West,Retail,55,162.97,9859.69,2286.72
2022-03-21,Beauty,Face Serum,West,Wholesale,63,409.25,28361.03,10715.35
2022-03-21,Sports,Bike Helmet,Central,Retail,82,31.14,2553.48,693.01
2022-03-21,Sports,Tennis Racket,Central,Wholesale,14,61.69,863.66,172.94
2022-03-22,Clothing,Dress,East,Direct,20,391.68,7833.6,1456.76
2022-03-22,Clothing,Jeans,South,Direct,5,406.37,1930.26,429.03
2022-03-22,Home & Garden,Bedding Set,North,Retail,77,101.17,9348.11,2601.91
2022-03-22,Clothing,Dress,West,Retail,35,153.65,5915.53,2457.17
2022-03-22,Sports,Bike Helmet,Central,Direct,65,406.8,26442.0,10040.95
2022-03-22,Electronics,Smartwatch,North,Wholesale,91,380.38,41537.5,17161.16
2022-03-22,Clothing,Sneakers,West,Retail,99,88.47,9634.38,2538.31
2022-03-22,Home & Garden,Garden Tools,Central,Wholesale,47,498.34,23421.98,7849.37
2022-03-23,Sports,Dumbbell Set,West,Direct,12,41.4,546.48,118.33
2022-03-23,Home & Garden,Bedding Set,Central,Retail,74,208.34,15417.16,6507.92
2022-03-23,Electronics,Laptop,South,Wholesale,84,250.79,20013.04,8344.04
2022-03-23,Electronics,Tablet,West,Wholesale,94,479.23,49552.38,13526.7
2022-03-23,Electronics,Laptop,West,Wholesale,88,124.21,12023.53,1983.88
2022-03-23,Clothing,Sneakers,East,Wholesale,52,63.27,3290.04,1031.12
2022-03-23,Home & Garden,Cookware Set,West,Wholesale,47,230.0,11891.0,2980.71
2022-03-23,Beauty,Skin Care Kit,East,Direct,93,235.52,21903.36,7048.52
2022-03-23,Sports,Dumbbell Set,North,Wholesale,27,461.18,14942.23,3954.42
2022-03-23,Clothing,Sneakers,East,Wholesale,66,12.34,814.44,129.96
2022-03-23,Beauty,Hair Dryer,West,Direct,5,170.89,939.89,153.52
2022-03-23,Clothing,Dress,North,Retail,90,240.55,25979.4,6479.79
2022-03-23,Sports,Running Shoes,North,Wholesale,7,418.01,3511.28,919.27
2022-03-23,Electronics,Headphones,South,Retail,34,29.6,956.08,423.91
2022-03-23,Clothing,Dress,East,Wholesale,72,152.72,10995.84,3949.59
2022-03-23,Electronics,Headphones,East,Wholesale,74,107.52,7956.48,
2022-03-23,Sports,Dumbbell Set,North,Wholesale,11,208.58,2753.26,1055.05
2022-03-24,Electronics,Headphones,East,Wholesale,44,315.4,13877.6,3736.47
2022-03-24,Electronics,Smartwatch,South,Direct,18,308.76,5279.8,
2022-03-24,Sports,Running Shoes,North,Retail,55,113.3,7477.8,1434.62
2022-03-24,Clothing,T-Shirt,East,Wholesale,92,473.03,43518.76,17696.14
2022-03-24,Electronics,Tablet,North,Wholesale,85,304.11,31019.22,12121.57
2022-03-24,Clothing,Dress,North,Direct,67,467.84,37614.34,
2022-03-24,Clothing,T-Shirt,West,Retail,91,370.96,37133.1,12221.13
2022-03-24,Beauty,Makeup Palette,East,Direct,64,63.59,4069.76,1575.33
2022-03-24,Home & Garden,Office Chair,Central,Direct,87,127.39,11082.93,2804.87
2022-03-24,Clothing,Dress,Central,Retail,98,172.69,16923.62,6505.49
2022-03-24,Sports,Dumbbell Set,West,Direct,51,380.4,21340.44,5435.76
2022-03-24,Beauty,Hair Dryer,East,Direct,76,364.65,27713.4,11853.74
2022-03-24,Electronics,Headphones,North,Wholesale,50,268.41,16104.6,6903.34
2022-03-25,Electronics,Laptop,South,Wholesale,21,379.67,7574.42,1249.24
2022-03-25,Home & Garden,Bedding Set,North,Retail,19,358.7,8178.36,3259.33
2022-03-25,Home & Garden,Office Chair,Central,Wholesale,75,444.06,33304.5,7086.24
2022-03-25,Beauty,Makeup Palette,South,Direct,69,192.0,12585.6,3965.36
2022-03-25,Electronics,Tablet,Central,Retail,29,163.14,4731.06,1403.85
2022-03-25,Sports,Dumbbell Set,North,Retail,85,373.42,38088.84,6649.38
2022-03-25,Clothing,Sneakers,East,Direct,51,95.34,4862.34,1302.72
2022-03-25,Home & Garden,Lamp,South,Direct,99,125.41,11794.81,2415.7
2022-03-25,Home & Garden,Cookware Set,East,Retail,31,143.33,4443.23,668.44
2022-03-25,Beauty,Skin Care Kit,South,Wholesale,89,128.74,10884.97,3032.98
2022-03-25,Home & Garden,Bedding Set,North,Wholesale,96,374.28,43117.06,11116.46
2022-03-25,Electronics,Smartwatch,South,Wholesale,72,267.27,18281.27,6275.64
2022-03-25,Sports,Yoga Mat,South,Wholesale,15,85.64,1220.37,467.11
2022-03-25,Electronics,Tablet,North,Retail,69,411.92,34106.98,6598.57
2022-03-25,Home & Garden,Garden Tools,Central,Direct,84,166.13,13954.92,2444.08
2022-03-25,Electronics,Headphones,West,Direct,15,421.67,6957.56,2830.85
2022-03-25,Electronics,Tablet,North,Wholesale,81,190.35,18502.02,4488.21
2022-03-25,Home & Garden,Office Chair,Central,Direct,12,99.61,1195.32,
2022-03-25,Beauty,Makeup Palette,South,Direct,26,285.31,7047.16,1379.24
2022-03-26,Sports,Dumbbell Set,North,Wholesale,56,245.29,16483.49,3868.13
2022-03-26,Home & Garden,Bedding Set,South,Wholesale,12,139.27,1587.68,379.25
2022-03-26,Beauty,Makeup Palette,South,Wholesale,14,161.7,2150.61,824.73
2022-03-26,Electronics,Smartwatch,South,Retail,1,292.51,277.88,124.4
2022-03-26,Beauty,Hair Dryer,Central,Wholesale,38,185.83,7061.54,3031.34
2022-03-26,Sports,Tennis Racket,North,Retail,78,40.12,3755.23,1061.89
2022-03-26,Beauty,Makeup Palette,West,Wholesale,89,245.84,24067.74,7051.84
2022-03-26,Beauty,Skin Care Kit,Central,Wholesale,72,196.99,14183.28,2951.69
2022-03-26,Electronics,Smartwatch,North,Wholesale,5,478.86,2873.16,723.14
2022-03-26,Clothing,T-Shirt,South,Wholesale,97,109.4,10081.21,3649.6
2022-03-26,Clothing,Sneakers,Central,Retail,29,106.43,3086.47,1130.32
2022-03-26,Sports,Bike Helmet,North,Wholesale,91,199.81,21819.25,4346.24
2022-03-26,Beauty,Skin Care Kit,North,Wholesale,54,414.0,26827.2,4133.47
2022-03-26,Beauty,Face Serum,East,Direct,4,299.05,1196.2,473.64
2022-03-26,Electronics,Smartwatch,North,Retail,3,84.31,303.52,94.42
2022-03-26,Sports,Running Shoes,North,Direct,39,143.35,6708.78,2291.46
2022-03-26,Beauty,Fragrance,West,Wholesale,57,225.03,14109.38,3673.01
2022-03-26,Clothing,Jeans,North,Retail,87,78.19,8163.04,1919.46
2022-03-26,Home & Garden,Garden Tools,East,Retail,10,203.94,2039.4,882.52
2022-03-26,Electronics,Smartwatch,North,Direct,64,149.48,11480.06,2974.54
2022-03-26,Electronics,Headphones,West,Wholesale,86,404.52,38267.59,7634.49
2022-03-27,Electronics,Headphones,South,Wholesale,33,243.8,7643.13,1679.61
2022-03-27,Beauty,Fragrance,North,Wholesale,93,248.06,27683.5,4317.87
2022-03-27,Electronics,Laptop,East,Direct,81,306.53,24828.93,6473.72
2022-03-27,Electronics,Laptop,South,Retail,98,255.75,23810.32,8778.56
2022-03-27,Sports,Yoga Mat,North,Direct,30,28.64,1031.04,274.69
2022-03-27,Sports,Dumbbell Set,North,Wholesale,62,337.32,25096.61,5859.81
2022-03-27,Beauty,Face Serum,West,Wholesale,92,199.25,20164.1,3092.39
2022-03-27,Beauty,Makeup Palette,South,Direct,28,409.13,10882.86,2962.89
2022-03-27,Beauty,Face Serum,South,Wholesale,61,108.01,6259.18,1724.0
2022-03-27,Beauty,Fragrance,West,Direct,65,463.28,33124.52,6478.61
2022-03-27,Beauty,Hair Dryer,North,Direct,92,293.99,32456.5,7372.58
2022-03-27,Beauty,Fragrance,South,Wholesale,50,252.11,11975.22,1891.75
2022-03-27,Beauty,Fragrance,East,Retail,90,337.83,30404.7,10771.07
2022-03-27,Electronics,Headphones,East,Retail,74,125.92,9318.08,1675.44
2022-03-27,Home & Garden,Garden Tools,North,Direct,87,309.0,32259.6,5299.4
2022-03-27,Beauty,Skin Care Kit,West,Direct,1,56.87,62.56,12.31
2022-03-27,Home & Garden,Bedding Set,Central,Wholesale,46,336.48,15478.08,3101.41
2022-03-27,Beauty,Makeup Palette,South,Retail,68,49.4,3191.24,1368.83
2022-03-27,Beauty,Skin Care Kit,South,Retail,26,373.35,9221.75,2486.36
2022-03-27,Home & Garden,Cookware Set,North,Direct,28,415.1,13947.36,4630.38
2022-03-27,Electronics,Tablet,South,Wholesale,48,207.35,9455.16,
2022-03-28,Clothing,T-Shirt,South,Retail,68,432.39,27932.39,7062.83
2022-03-28,Electronics,Headphones,West,Retail,17,410.96,7684.95,3173.78
2022-03-28,Home & Garden,Cookware Set,West,Direct,84,157.34,14538.22,6540.92
2022-03-28,Clothing,Jacket,East,Direct,98,11.1,1087.8,339.6
2022-03-28,Beauty,Face Serum,West,Wholesale,88,470.64,45557.95,16857.9
2022-03-28,Home & Garden,Cookware Set,North,Direct,92,123.48,13632.19,2351.03
2022-03-28,Sports,Tennis Racket,East,Retail,66,181.89,12004.74,1868.94
2022-03-28,Electronics,Tablet,West,Direct,71,293.27,22904.39,7565.88
2022-03-28,Clothing,Sneakers,North,Wholesale,72,65.5,5659.2,1809.46
2022-03-28,Home & Garden,Office Chair,South,Direct,75,68.62,4889.18,1158.11
2022-03-28,Clothing,Sneakers,East,Direct,43,459.7,19767.1,6192.67
2022-03-28,Clothing,Dress,East,Direct,18,228.51,4113.18,1382.16
2022-03-28,Electronics,Smartphone,South,Retail,21,247.78,4943.21,2162.18
2022-03-28,Sports,Dumbbell Set,East,Retail,45,130.6,5877.0,1255.62
2022-03-28,Sports,Tennis Racket,Central,Direct,6,124.03,744.18,141.96
2022-03-28,Clothing,Dress,South,Direct,28,129.28,3438.85,1322.47
2022-03-28,Clothing,Sneakers,North,Wholesale,72,65.5,5659.2,1809.46
2022-03-29,Home & Garden,Lamp,East,Retail,72,14.97,1077.84,468.23
2022-03-29,Clothing,T-Shirt,North,Retail,30,107.85,3882.6,1017.81
2022-03-29,Beauty,Makeup Palette,South,Retail,48,295.62,13480.27,4639.51
2022-03-29,Clothing,Dress,South,Direct,82,465.31,36247.65,8050.62
2022-03-29,Clothing,Jeans,South,Wholesale,54,281.6,14446.08,3471.66
2022-03-29,Clothing,Dress,Central,Wholesale,8,227.13,1817.04,665.88
2022-03-29,Electronics,Laptop,South,Wholesale,58,50.42,2778.14,496.83
2022-03-29,Electronics,Smartwatch,South,Retail,86,291.14,23786.14,3613.6
2022-03-29,Electronics,Smartwatch,North,Direct,40,14.76,708.48,315.26
2022-03-29,Beauty,Skin Care Kit,Central,Direct,44,223.7,9842.8,3438.46
2022-03-29,Beauty,Hair Dryer,East,Direct,95,79.42,7544.9,2924.64
2022-03-29,Clothing,Dress,West,Direct,25,445.65,12255.38,2849.95
2022-03-29,Beauty,Makeup Palette,West,Wholesale,7,93.82,722.41,249.3
2022-03-29,Sports,Tennis Racket,East,Wholesale,66,213.02,14059.32,5735.41
2022-03-29,Clothing,Sneakers,West,Direct,95,418.81,43765.64,11442.92
2022-03-29,Sports,Dumbbell Set,West,Wholesale,25,245.41,6748.78,2921.26
2022-03-29,Beauty,Skin Care Kit,East,Retail,19,409.9,7788.1,2430.9
2022-03-29,Home & Garden,Garden Tools,East,Direct,92,271.16,24946.72,8187.14
2022-03-29,Home & Garden,Lamp,North,Direct,53,258.63,16448.87,4217.5
2022-03-29,Beauty,Face Serum,North,Direct,9,366.96,3963.17,764.97
2022-03-29,Beauty,Makeup Palette,South,Direct,72,476.75,32609.7,12722.77
2022-03-29,Electronics,Smartphone,East,Retail,32,172.15,5508.8,2136.11
2022-03-29,Beauty,Fragrance,North,Direct,72,486.29,42015.46,10629.09
2022-03-29,Beauty,Fragrance,Central,Retail,44,26.96,1186.24,268.88
2022-03-30,Clothing,Sneakers,West,Retail,79,346.42,30103.9,12282.05
2022-03-30,Clothing,Dress,South,Wholesale,74,485.37,34121.51,13870.44
2022-03-30,Home & Garden,Bedding Set,South,Direct,80,111.53,8476.28,3027.81
2022-03-30,Electronics,Smartwatch,West,Retail,12,66.97,884.0,156.62
2022-03-30,Clothing,Sneakers,South,Wholesale,81,181.16,13940.26,4909.27
2022-03-30,Clothing,Dress,East,Wholesale,75,125.65,9423.75,3656.75
2022-03-30,Home & Garden,Garden Tools,North,Wholesale,66,279.73,22154.62,3454.61
2022-03-30,Clothing,Jacket,North,Direct,20,22.7,544.8,108.76
2022-03-30,Clothing,Jeans,South,Direct,23,173.82,3797.97,677.72
2022-03-30,Clothing,Sneakers,North,Direct,65,409.45,31937.1,7587.06
2022-03-30,Beauty,Makeup Palette,South,Retail,73,212.02,14703.59,4105.52
2022-03-30,Home & Garden,Office Chair,North,Wholesale,90,321.76,34750.08,11332.2
2022-03-30,Home & Garden,Office Chair,South,Wholesale,53,74.27,3739.49,1230.78
2022-03-30,Sports,Running Shoes,West,Wholesale,39,152.33,6534.96,1392.98
2022-03-30,Clothing,Jacket,West,Direct,52,277.47,15871.28,2869.78
2022-03-30,Sports,Bike Helmet,North,Retail,58,403.56,28087.78,11445.53
2022-03-30,Beauty,Face Serum,North,Retail,14,430.62,7234.42,2109.73
2022-03-31,Clothing,Jeans,North,Wholesale,58,138.78,9659.09,3947.28
2022-03-31,Beauty,Face Serum,West,Wholesale,20,36.71,807.62,122.07
2022-03-31,Clothing,Jacket,North,Direct,69,426.23,35291.84,12462.22
2022-03-31,Home & Garden,Garden Tools,East,Retail,40,488.99,19559.6,8064.24
2022-03-31,Sports,Yoga Mat,North,Wholesale,19,385.5,8789.4,2134.62
2022-03-31,Electronics,Smartwatch,North,Direct,69,87.53,7247.48,2203.6
2022-03-31,Electronics,Smartwatch,South,Direct,99,241.11,22676.4,6930.01
2022-03-31,Sports,Dumbbell Set,North,Direct,48,332.97,19179.07,7953.19
2022-03-31,Clothing,Jacket,East,Retail,94,449.58,42260.52,10528.68
2022-03-31,Clothing,Jacket,Central,Retail,17,227.3,3864.1,868.16
2022-03-31,Sports,Bike Helmet,South,Wholesale,75,28.34,2019.22,401.16
2022-03-31,Sports,Yoga Mat,West,Retail,42,424.18,19597.12,7626.4
2022-03-31,Home & Garden,Cookware Set,West,Wholesale,76,312.86,26155.1,10215.33
2022-03-31,Beauty,Skin Care Kit,West,Wholesale,24,278.3,7347.12,2785.9
2022-03-31,Electronics,Smartwatch,West,Retail,76,217.4,18174.64,3327.89
2022-03-31,Sports,Tennis Racket,South,Direct,95,290.94,26257.33,8530.62
2022-03-31,Home & Garden,Lamp,East,Direct,1,42.67,42.67,11.85
2022-03-31,Home & Garden,Garden Tools,West,Retail,34,484.76,18130.02,7197.83
2022-03-31,Clothing,Jacket,Central,Wholesale,3,142.59,427.77,144.59
2022-03-31,Electronics,Laptop,West,Wholesale,23,422.95,10700.64,4593.69
2022-03-31,Sports,Bike Helmet,Central,Wholesale,51,145.41,7415.91,1700.46
2022-03-31,Home & Garden,Lamp,West,Wholesale,42,319.37,14754.89,2555.01
2022-04-01,Home & Garden,Office Chair,Central,Wholesale,59,417.69,24643.71,10496.52
2022-04-01,Sports,Dumbbell Set,North,Retail,41,247.48,12176.02,4007.52
2022-04-01,Beauty,Hair Dryer,West,Retail,67,48.33,3561.92,1485.23
2022-04-01,Beauty,Skin Care Kit,Central,Direct,24,361.43,8674.32,2893.88
2022-04-01,Electronics,Laptop,East,Wholesale,32,195.17,6245.44,2129.7
2022-04-01,Electronics,Smartwatch,South,Retail,47,201.39,8992.06,3734.96
2022-04-01,Electronics,Smartphone,South,Retail,10,496.82,4719.79,1930.15
2022-04-01,Home & Garden,Cookware Set,North,Retail,21,369.86,9320.47,2248.82
2022-04-01,Sports,Running Shoes,West,Retail,64,303.8,21387.52,9512.45
2022-04-01,Home & Garden,Cookware Set,Central,Direct,33,54.22,1789.26,696.32
2022-04-01,Clothing,Jacket,North,Wholesale,45,191.53,10342.62,1580.35
2022-04-01,Sports,Yoga Mat,East,Direct,20,423.71,8474.2,1971.23
2022-04-01,Sports,Bike Helmet,West,Retail,40,278.87,12270.28,2866.08
2022-04-01,Clothing,Dress,West,Retail,47,398.62,20608.65,6467.41
2022-04-01,Home & Garden,Cookware Set,West,Retail,70,496.29,38214.33,16161.44
2022-04-01,Beauty,Face Serum,North,Retail,59,265.44,18793.15,3534.41
2022-04-02,Clothing,Jeans,East,Direct,37,326.49,12080.13,5102.42
2022-04-02,Beauty,Face Serum,East,Wholesale,45,246.01,11070.45,2414.89
2022-04-02,Beauty,Fragrance,West,Wholesale,89,495.67,48526.09,17043.37
2022-04-02,Beauty,Face Serum,North,Wholesale,55,20.81,1373.46,549.26
2022-04-02,Home & Garden,Lamp,West,Wholesale,76,230.57,19275.65,4681.15
2022-04-02,Home & Garden,Garden Tools,Central,Direct,65,359.73,23382.45,6019.74
2022-04-02,Beauty,Hair Dryer,West,Direct,27,498.49,14805.15,3326.47
2022-04-02,Home & Garden,Garden Tools,North,Wholesale,57,10.45,714.78,227.36
2022-04-02,Electronics,Tablet,North,Wholesale,74,349.57,31041.82,5268.5
2022-04-02,Beauty,Face Serum,West,Direct,91,105.3,10540.53,4402.73
2022-04-02,Beauty,Fragrance,East,Wholesale,47,66.81,3140.07,936.25
2022-04-02,Clothing,Jacket,North,Direct,17,320.38,6535.75,2563.56
2022-04-02,Clothing,Sneakers,Central,Wholesale,4,442.34,1769.36,278.86
2022-04-02,Beauty,Makeup Palette,Central,Wholesale,89,374.17,33301.13,11597.25
2022-04-02,Beauty,Face Serum,North,Retail,36,425.77,18393.26,5373.95
2022-04-03,Electronics,Smartphone,East,Direct,10,325.89,3258.9,1444.38
2022-04-03,Beauty,Hair Dryer,North,Wholesale,53,449.42,28583.11,10047.01
2022-04-03,Beauty,Fragrance,North,Direct,49,188.64,11092.03,4195.15
2022-04-03,Home & Garden,Lamp,North,Direct,8,194.81,1870.18,285.08
2022-04-03,Sports,Running Shoes,Central,Wholesale,49,287.94,14109.06,5031.39
2022-04-03,Sports,Dumbbell Set,Central,Wholesale,99,432.32,42799.68,17537.27
2022-04-03,Electronics,Smartphone,North,Wholesale,68,462.43,37734.29,14696.32
2022-04-03,Electronics,Smartwatch,East,Retail,20,241.37,4827.4,1003.89
2022-04-03,Home & Garden,Lamp,North,Direct,50,376.36,22581.6,7818.26
2022-04-03,Sports,Running Shoes,West,Wholesale,20,398.89,8775.58,3680.28
2022-04-03,Clothing,Dress,West,Direct,36,453.37,17953.45,5151.06
2022-04-03,Home & Garden,Garden Tools,Central,Retail,13,323.79,4209.27,1156.41
2022-04-03,Home & Garden,Lamp,East,Retail,76,18.93,1438.68,265.55
2022-04-03,Electronics,Laptop,South,Wholesale,22,376.28,7864.25,2121.43
2022-04-03,Sports,Tennis Racket,North,Wholesale,69,478.25,39599.1,11914.94
2022-04-03,Clothing,Jeans,South,Direct,76,392.66,28350.05,6569.03
2022-04-04,Sports,Running Shoes,South,Wholesale,75,223.58,15930.07,6280.81
2022-04-04,Beauty,Skin Care Kit,South,Retail,50,482.64,22925.4,3475.2
2022-04-04,Electronics,Smartwatch,North,Direct,78,488.04,45680.54,10156.1
2022-04-04,Home & Garden,Garden Tools,West,Direct,35,18.28,703.78,302.63
2022-04-04,Clothing,Jeans,North,Direct,18,356.11,7691.98,2397.76
2022-04-04,Beauty,Hair Dryer,West,Retail,53,182.01,10611.18,4439.02
2022-04-04,Clothing,Sneakers,Central,Direct,70,282.19,19753.3,8323.89
2022-04-04,Sports,Yoga Mat,Central,Retail,63,116.43,7335.09,1218.16
2022-04-04,Beauty,Makeup Palette,East,Wholesale,6,138.7,832.2,
2022-04-04,Home & Garden,Garden Tools,East,Direct,49,304.4,14915.6,5380.27
2022-04-04,Clothing,Jeans,South,Retail,81,46.28,3561.25,688.66
2022-04-04,Electronics,Smartwatch,North,Retail,34,186.93,7626.74,2543.87
2022-04-04,Sports,Running Shoes,East,Wholesale,92,207.63,19101.96,4502.61
2022-04-04,Sports,Yoga Mat,South,Direct,10,135.42,1286.49,419.29
2022-04-05,Home & Garden,Office Chair,East,Direct,56,459.85,25751.6,5702.72
2022-04-05,Sports,Bike Helmet,South,Direct,77,77.22,5648.64,880.28
2022-04-05,Beauty,Fragrance,South,Wholesale,10,16.87,160.27,31.8
2022-04-05,Clothing,Dress,West,Wholesale,30,184.54,6089.82,2438.68
2022-04-05,Clothing,Jacket,North,Retail,55,465.97,30754.02,5971.87
2022-04-05,Sports,Dumbbell Set,South,Wholesale,73,312.14,21646.91,5422.29
2022-04-05,Beauty,Makeup Palette,Central,Retail,64,445.85,28534.4,6565.22
2022-04-05,Electronics,Smartwatch,East,Wholesale,12,261.31,3135.72,807.94
2022-04-05,Sports,Bike Helmet,West,Direct,88,194.45,18822.76,2877.36
2022-04-05,Electronics,Smartphone,North,Wholesale,96,395.32,45540.86,18646.89
2022-04-05,Home & Garden,Bedding Set,West,Wholesale,29,407.76,13007.54,3638.85
2022-04-05,Home & Garden,Cookware Set,North,Retail,84,469.89,47364.91,15014.62
2022-04-05,Clothing,Sneakers,East,Wholesale,19,437.02,8303.38,3057.99
2022-04-05,Beauty,Makeup Palette,North,Direct,33,435.68,17252.93,6393.97
2022-04-05,Electronics,Smartphone,Central,Retail,84,83.88,7045.92,1113.36
2022-04-06,Clothing,Jacket,East,Retail,66,335.29,22129.14,7430.48
2022-04-06,Home & Garden,Garden Tools,West,Direct,63,170.37,11806.64,1779.76
2022-04-06,Beauty,Face Serum,South,Retail,51,313.05,15167.27,2620.61
2022-04-06,Electronics,Tablet,Central,Wholesale,71,50.95,3617.45,1112.45
2022-04-06,Electronics,Laptop,South,Direct,19,138.16,2493.79,650.57
2022-04-06,Electronics,Tablet,Central,Direct,46,435.03,20011.38,5108.42
2022-04-06,Sports,Bike Helmet,South,Wholesale,43,328.92,13436.38,5080.7
2022-04-06,Sports,Yoga Mat,East,Direct,94,160.14,15053.16,4284.18
2022-04-06,Beauty,Makeup Palette,North,Wholesale,5,146.24,877.44,137.84
2022-04-06,Home & Garden,Office Chair,West,Direct,55,263.46,15939.33,7058.22
2022-04-06,Home & Garden,Garden Tools,Central,Direct,89,105.2,9362.8,1887.98
2022-04-06,Clothing,Dress,Central,Wholesale,86,470.78,40487.08,8282.99
2022-04-06,Clothing,Jeans,North,Direct,39,209.71,9814.43,4298.17
2022-04-06,Clothing,Jeans,West,Retail,30,242.79,8012.07,2423.8
2022-04-06,Home & Garden,Garden Tools,East,Retail,2,92.8,185.6,80.48
2022-04-07,Beauty,Skin Care Kit,Central,Direct,25,385.56,9639.0,1975.75
2022-04-07,Home & Garden,Office Chair,South,Retail,89,55.99,4733.95,1361.38
2022-04-07,Electronics,Laptop,South,Wholesale,93,417.01,36842.83,12504.08
2022-04-07,Sports,Yoga Mat,East,Direct,35,373.14,13059.9,2495.32
2022-04-07,Home & Garden,Cookware Set,South,Wholesale,51,154.07,7464.69,1216.0
2022-04-07,Sports,Yoga Mat,Central,Retail,81,49.6,4017.6,882.45
2022-04-07,Beauty,Face Serum,South,Retail,65,245.26,15144.8,6246.56
2022-04-07,Electronics,Headphones,West,Direct,72,304.68,24130.66,9568.56
2022-04-07,Sports,Running Shoes,West,Wholesale,89,367.94,36021.33,12090.81
2022-04-07,Electronics,Smartwatch,East,Retail,38,369.52,14041.76,3725.94
2022-04-07,Electronics,Tablet,Central,Retail,67,321.64,21549.88,4839.1
2022-04-08,Electronics,Headphones,West,Direct,83,394.34,36003.24,11512.29
2022-04-08,Home & Garden,Lamp,East,Retail,66,492.89,32530.74,11509.04
2022-04-08,Electronics,Headphones,South,Retail,20,300.54,5710.26,1171.59
2022-04-08,Home & Garden,Lamp,North,Wholesale,45,179.7,9703.8,3615.6
2022-04-08,Sports,Running Shoes,West,Wholesale,9,311.97,3088.5,855.23
2022-04-08,Clothing,Sneakers,West,Wholesale,14,474.79,7311.77,3001.04
2022-04-08,Sports,Tennis Racket,Central,Retail,72,130.71,9411.12,1610.99
2022-04-08,Home & Garden,Cookware Set,South,Retail,62,385.65,22714.78,3766.98
2022-04-08,Beauty,Fragrance,North,Retail,38,265.12,12089.47,2218.9
2022-04-08,Clothing,Dress,South,Wholesale,47,407.78,18207.38,6007.88
2022-04-08,Electronics,Laptop,South,Direct,68,451.0,29134.6,5244.77
2022-04-09,Clothing,T-Shirt,West,Wholesale,87,422.41,40424.64,17293.48
2022-04-09,Beauty,Fragrance,North,Retail,75,21.88,1969.2,862.41
2022-04-09,Electronics,Smartphone,West,Wholesale,61,306.41,20560.11,3269.21
2022-04-09,Home & Garden,Cookware Set,East,Wholesale,18,92.42,1663.56,619.29
2022-04-09,Home & Garden,Bedding Set,East,Retail,82,233.61,19156.02,6959.24
2022-04-09,Sports,Dumbbell Set,North,Retail,36,73.14,3159.65,667.75
2022-04-09,Electronics,Tablet,Central,Wholesale,78,198.25,15463.5,5871.08
2022-04-09,Home & Garden,Garden Tools,Central,Wholesale,17,32.09,545.53,105.38
2022-04-09,Clothing,Jeans,North,Direct,83,297.17,29598.13,8775.62
2022-04-09,Beauty,Makeup Palette,East,Wholesale,32,317.19,10150.08,1950.52
2022-04-09,Beauty,Skin Care Kit,Central,Wholesale,69,244.16,16847.04,5579.4
2022-04-09,Electronics,Tablet,North,Wholesale,41,458.77,22571.48,5156.64
2022-04-09,Home & Garden,Lamp,North,Direct,41,346.41,17043.37,5464.09
2022-04-09,Home & Garden,Bedding Set,East,Direct,20,328.53,6570.6,2051.66
2022-04-09,Beauty,Skin Care Kit,West,Direct,69,389.95,29597.21,5047.51
2022-04-09,Beauty,Skin Care Kit,East,Retail,7,349.41,2445.87,588.15
2022-04-10,Home & Garden,Office Chair,South,Wholesale,98,174.93,16285.98,2896.03
2022-04-10,Clothing,Jacket,South,Wholesale,81,34.48,2653.24,642.62
2022-04-10,Home & Garden,Garden Tools,West,Retail,77,397.23,33645.38,11454.81
2022-04-10,Beauty,Face Serum,Central,Retail,95,317.76,30187.2,4847.78
2022-04-10,Beauty,Makeup Palette,South,Retail,29,371.63,10238.41,2206.8
2022-04-10,Home & Garden,Garden Tools,East,Wholesale,64,80.88,5176.32,
2022-04-10,Sports,Running Shoes,Central,Direct,23,115.41,2654.43,561.84
2022-04-10,Beauty,Skin Care Kit,South,Wholesale,14,391.17,5202.56,2340.61
2022-04-10,Clothing,Sneakers,Central,Direct,82,31.91,2616.62,708.34
2022-04-10,Clothing,Jeans,East,Wholesale,50,278.23,13911.5,5478.75
2022-04-10,Sports,Running Shoes,East,Wholesale,45,88.05,3962.25,1419.92
2022-04-10,Home & Garden,Cookware Set,West,Retail,23,248.25,6280.73,1276.24
2022-04-10,Beauty,Hair Dryer,West,Retail,70,241.45,18591.65,4452.68
2022-04-10,Beauty,Fragrance,South,Wholesale,17,164.14,2650.86,751.6
2022-04-10,Sports,Bike Helmet,East,Direct,11,193.16,2124.76,357.49
2022-04-11,Sports,Tennis Racket,North,Wholesale,65,375.27,29271.06,7427.76
2022-04-11,Home & Garden,Bedding Set,Central,Direct,40,390.01,15600.4,3010.7
2022-04-11,Sports,Dumbbell Set,West,Wholesale,62,406.76,27741.03,9958.92
2022-04-11,Sports,Yoga Mat,Central,Direct,14,299.27,4189.78,1625.97
2022-04-11,Home & Garden,Office Chair,Central,Wholesale,11,50.49,555.39,115.04
2022-04-11,Electronics,Smartwatch,South,Direct,58,177.53,9781.9,4360.72
2022-04-11,Electronics,Headphones,South,Direct,8,498.08,3785.41,1308.41
2022-04-11,Beauty,Fragrance,West,Direct,36,427.46,16927.42,5519.43
2022-04-11,Beauty,Hair Dryer,Central,Direct,3,449.81,1349.43,586.43
2022-04-11,Clothing,Jeans,West,Retail,6,339.73,2242.22,407.53
2022-04-11,Clothing,Jacket,South,Wholesale,13,39.92,493.01,214.57
2022-04-11,Electronics,Tablet,South,Retail,68,393.86,25443.36,6689.36
2022-04-11,Electronics,Smartwatch,West,Wholesale,66,390.39,28342.31,10869.02
2022-04-11,Sports,Dumbbell Set,North,Wholesale,69,252.57,20912.8,7256.26
2022-04-11,Home & Garden,Cookware Set,West,Direct,37,398.35,16212.85,6706.18
2022-04-11,Beauty,Face Serum,West,Direct,41,477.52,21536.15,6853.08
2022-04-11,Electronics,Headphones,South,Retail,95,13.93,1257.18,259.34
2022-04-11,Home & Garden,Cookware Set,West,Direct,37,398.35,16212.85,6706.18
2022-04-12,Clothing,Jeans,West,Retail,98,257.89,27800.54,10279.68
2022-04-12,Clothing,T-Shirt,Central,Wholesale,36,291.82,10505.52,3515.6
2022-04-12,Sports,Tennis Racket,South,Retail,85,242.63,19592.37,5752.72
2022-04-12,Sports,Yoga Mat,East,Retail,83,130.34,10818.22,3180.12
2022-04-12,Beauty,Face Serum,East,Retail,14,211.33,2958.62,782.85
2022-04-12,Home & Garden,Garden Tools,East,Wholesale,33,41.5,1369.5,213.17
2022-04-12,Electronics,Headphones,South,Wholesale,44,307.62,12858.52,3256.81
2022-04-12,Home & Garden,Bedding Set,West,Direct,7,319.14,2457.38,712.67
2022-04-12,Sports,Dumbbell Set,East,Wholesale,60,353.28,21196.8,6213.35
2022-04-12,Home & Garden,Bedding Set,Central,Retail,37,191.88,7099.56,1520.14
2022-04-12,Clothing,Sneakers,South,Wholesale,57,362.72,19641.29,8779.19
2022-04-12,Beauty,Fragrance,East,Wholesale,51,107.66,5490.66,1292.56
2022-04-12,Home & Garden,Garden Tools,South,Direct,20,371.01,7049.19,1149.76
2022-04-12,Home & Garden,Garden Tools,South,Direct,79,76.57,5746.58,1009.98
2022-04-13,Clothing,T-Shirt,North,Wholesale,17,256.12,5224.85,1708.81
2022-04-13,Electronics,Smartwatch,South,Wholesale,94,377.72,33730.4,5178.85
2022-04-13,Electronics,Tablet,West,Direct,15,226.53,3737.74,1094.45
2022-04-13,Home & Garden,Cookware Set,East,Wholesale,88,98.4,8659.2,2645.79
2022-04-13,Home & Garden,Lamp,North,Retail,6,90.96,654.91,159.1
2022-04-13,Sports,Tennis Racket,West,Retail,10,166.99,1836.89,686.17
2022-04-13,Home & Garden,Lamp,North,Retail,20,384.54,9228.96,2165.24
2022-04-13,Electronics,Tablet,North,Wholesale,95,398.34,45410.76,14356.75
2022-04-13,Sports,Running Shoes,South,Direct,53,488.17,24579.36,8462.32
2022-04-13,Sports,Yoga Mat,North,Retail,11,96.67,1276.04,462.88
2022-04-13,Electronics,Smartwatch,North,Wholesale,30,58.87,2119.32,370.88
2022-04-13,Electronics,Laptop,West,Direct,89,299.87,29357.27,10605.21
2022-04-13,Clothing,T-Shirt,Central,Retail,98,172.0,16856.0,2926.22
2022-04-13,Clothing,T-Shirt,South,Retail,10,33.75,320.62,120.27
2022-04-13,Home & Garden,Cookware Set,West,Retail,57,271.08,16996.72,5974.61
2022-04-13,Beauty,Fragrance,West,Direct,93,220.13,22519.3,5410.77
2022-04-13,Clothing,Jacket,Central,Wholesale,56,227.11,12718.16,3647.24
2022-04-13,Home & Garden,Lamp,West,Retail,18,351.85,6966.63,2103.62
2022-04-13,Sports,Bike Helmet,West,Retail,3,239.83,791.44,289.64
2022-04-13,Clothing,Dress,Central,Wholesale,87,379.36,33004.32,7828.97
2022-04-13,Sports,Dumbbell Set,West,Direct,41,99.49,4487.0,1681.75
2022-04-13,Electronics,Smartphone,East,Direct,62,208.65,12936.3,3013.37
2022-04-13,Sports,Yoga Mat,Central,Direct,54,290.72,15698.88,
2022-04-13,Clothing,Jacket,East,Retail,42,131.92,5540.64,1526.27
2022-04-13,Electronics,Headphones,North,Direct,71,362.66,30898.63,6042.47
2022-04-13,Electronics,Headphones,Central,Retail,36,65.25,2349.0,888.23
2022-04-13,Sports,Running Shoes,North,Wholesale,25,462.74,13882.2,3064.74
2022-04-13,Electronics,Tablet,South,Retail,88,456.22,38139.99,6392.65
2022-04-13,Home & Garden,Cookware Set,Central,Direct,95,196.59,18676.05,5957.82
2022-04-13,Home & Garden,Lamp,West,Direct,53,231.88,13518.6,3885.35
2022-04-13,Clothing,Dress,North,Retail,72,234.83,20289.31,4209.73
2022-04-13,Home & Garden,Office Chair,South,Direct,58,357.61,19704.31,6464.74
2022-04-14,Electronics,Laptop,North,Wholesale,74,140.43,12470.18,2116.87
2022-04-14,Sports,Yoga Mat,Central,Retail,11,72.32,795.52,242.77
2022-04-14,Beauty,Fragrance,South,Retail,99,82.66,7774.17,1885.58
2022-04-14,Home & Garden,Garden Tools,South,Retail,40,461.77,17547.26,3505.66
2022-04-14,Home & Garden,Office Chair,Central,Retail,42,300.79,12633.18,
2022-04-14,Sports,Bike Helmet,Central,Direct,22,89.96,1979.12,485.59
2022-04-14,Sports,Bike Helmet,East,Retail,3,180.19,540.57,97.03
2022-04-14,Electronics,Tablet,East,Retail,69,160.31,11061.39,2401.3
2022-04-14,Electronics,Tablet,North,Wholesale,34,401.07,16363.66,3571.76
2022-04-14,Clothing,Jacket,South,Retail,70,478.0,31787.0,9099.31
2022-04-14,Sports,Tennis Racket,East,Retail,47,221.37,10404.39,2408.3
2022-04-14,Electronics,Tablet,East,Retail,57,109.96,6267.72,1793.26
2022-04-14,Electronics,Smartphone,Central,Retail,36,386.88,13927.68,2787.21
2022-04-14,Electronics,Smartwatch,West,Direct,87,130.95,12531.92,5138.53
2022-04-14,Home & Garden,Bedding Set,East,Direct,50,429.9,21495.0,
2022-04-14,Sports,Bike Helmet,Central,Retail,76,360.66,27410.16,11215.78
2022-04-14,Home & Garden,Garden Tools,Central,Retail,16,117.77,1884.32,637.69
2022-04-14,Clothing,Dress,Central,Retail,68,326.23,22183.64,7323.64
2022-04-14,Electronics,Laptop,East,Direct,18,184.47,3320.46,766.05
2022-04-14,Beauty,Makeup Palette,South,Wholesale,14,406.89,5411.64,2337.77
2022-04-14,Beauty,Fragrance,Central,Wholesale,10,154.89,1548.9,419.94
2022-04-14,Home & Garden,Lamp,Central,Direct,46,197.13,9067.98,2094.79
2022-04-15,Clothing,T-Shirt,North,Retail,30,197.7,7117.2,2627.88
2022-04-15,Sports,Bike Helmet,Central,Retail,96,279.56,26837.76,4788.33
2022-04-15,Home & Garden,Cookware Set,South,Wholesale,7,485.16,3226.31,505.37
2022-04-15,Home & Garden,Garden Tools,West,Retail,53,176.75,10304.53,4361.25
2022-04-15,Electronics,Laptop,South,Direct,53,157.75,7942.71,2618.4
2022-04-15,Home & Garden,Garden Tools,North,Wholesale,31,231.35,8606.22,3051.89
2022-04-15,Electronics,Headphones,North,Retail,26,259.1,8083.92,2203.48
2022-04-15,Beauty,Hair Dryer,West,Direct,78,403.24,34597.99,7558.0
2022-04-15,Beauty,Face Serum,West,Direct,41,496.87,22408.84,3944.61
2022-04-15,Beauty,Makeup Palette,South,Retail,98,425.03,39570.29,
2022-04-15,Home & Garden,Bedding Set,North,Direct,65,288.25,22483.5,8393.25
2022-04-15,Clothing,Dress,South,Retail,82,404.47,31508.21,12335.87
2022-04-15,Clothing,T-Shirt,North,Wholesale,10,212.89,2554.68,675.36
2022-04-15,Clothing,T-Shirt,South,Retail,24,175.14,3993.19,1293.47
2022-04-15,Beauty,Makeup Palette,Central,Direct,43,96.63,4155.09,763.0
2022-04-15,Electronics,Smartphone,North,Direct,91,448.95,49025.34,14122.13
2022-04-15,Sports,Running Shoes,East,Direct,16,17.44,279.04,76.45
2022-04-15,Clothing,Jeans,East,Wholesale,41,419.98,17219.18,2983.54
2022-04-15,Beauty,Fragrance,North,Retail,73,57.97,5078.17,1748.19
2022-04-15,Beauty,Makeup Palette,West,Wholesale,11,29.53,357.31,74.43
2022-04-15,Electronics,Tablet,North,Retail,55,370.53,24454.98,10132.24
2022-04-16,Home & Garden,Garden Tools,North,Wholesale,46,112.94,6234.29,1401.84
2022-04-16,Clothing,Jeans,North,Direct,83,245.49,24450.8,6390.55
2022-04-16,Electronics,Tablet,South,Wholesale,89,439.72,37178.33,9057.67
2022-04-16,Home & Garden,Cookware Set,Central,Direct,12,173.31,2079.72,866.74
2022-04-16,Clothing,Dress,West,Retail,21,265.52,6133.51,1358.45
2022-04-16,Clothing,T-Shirt,West,Retail,46,426.74,21593.04,4062.9
2022-04-16,Home & Garden,Garden Tools,West,Wholesale,23,374.97,9486.74,3566.9
2022-04-16,Beauty,Face Serum,Central,Direct,51,284.85,14527.35,5041.44
2022-04-16,Electronics,Laptop,East,Retail,46,261.56,12031.76,1822.35
2022-04-16,Sports,Yoga Mat,Central,Direct,16,208.42,3334.72,774.41
2022-04-16,Clothing,Sneakers,North,Direct,75,432.77,38949.3,13357.18
2022-04-16,Home & Garden,Lamp,South,Wholesale,78,143.57,10638.54,3742.59
2022-04-16,Electronics,Laptop,Central,Retail,47,474.66,22309.02,8445.51
2022-04-16,Clothing,Sneakers,Central,Retail,96,208.99,20063.04,6804.89
2022-04-16,Electronics,Laptop,Central,Wholesale,68,307.1,20882.8,7100.6
2022-04-16,Beauty,Fragrance,West,Retail,70,120.21,9256.17,1487.01
2022-04-16,Beauty,Face Serum,West,Direct,16,347.87,6122.51,2631.13
2022-04-17,Electronics,Smartphone,North,Direct,45,128.15,6920.1,2402.18
2022-04-17,Electronics,Smartwatch,East,Retail,87,234.77,20424.99,7140.02
2022-04-17,Beauty,Hair Dryer,South,Direct,89,438.11,37042.2,12271.59
2022-04-17,Home & Garden,Office Chair,Central,Retail,35,166.24,5818.4,1817.82
2022-04-17,Sports,Yoga Mat,Central,Wholesale,62,327.32,20293.84,
2022-04-17,Sports,Tennis Racket,West,Retail,33,169.32,6146.32,2522.42
2022-04-17,Sports,Tennis Racket,West,Direct,23,255.84,6472.75,2826.2
2022-04-17,Sports,Yoga Mat,South,Retail,75,82.81,5900.21,1308.7
2022-04-17,Beauty,Face Serum,North,Wholesale,41,70.82,3484.34,1530.4
2022-04-17,Sports,Yoga Mat,North,Retail,5,156.62,939.72,325.75
2022-04-17,Home & Garden,Cookware Set,West,Direct,42,369.28,17060.74,2879.19
2022-04-17,Beauty,Makeup Palette,North,Retail,51,21.43,1311.52,228.56
2022-04-17,Clothing,Jacket,West,Wholesale,38,473.47,19791.05,7632.93
2022-04-17,Home & Garden,Cookware Set,Central,Wholesale,4,59.85,239.4,93.69
2022-04-17,Beauty,Hair Dryer,South,Retail,61,240.02,13909.16,2609.8
2022-04-17,Beauty,Skin Care Kit,North,Wholesale,42,129.63,6533.35,1245.24
2022-04-17,Clothing,Sneakers,Central,Retail,53,185.13,9811.89,4395.42
2022-04-17,Beauty,Hair Dryer,South,Retail,61,240.02,13909.16,2609.8
2022-04-18,Sports,Running Shoes,South,Wholesale,2,499.37,948.8,282.26
2022-04-18,Beauty,Skin Care Kit,South,Wholesale,90,412.41,35261.06,5373.18
2022-04-18,Beauty,Skin Care Kit,North,Wholesale,29,33.44,1163.71,178.19
2022-04-18,Sports,Dumbbell Set,Central,Wholesale,95,496.45,47162.75,8226.61
2022-04-18,Home & Garden,Garden Tools,West,Wholesale,75,354.51,29247.08,11735.48
2022-04-18,Sports,Dumbbell Set,Central,Retail,90,306.6,27594.0,
2022-04-18,Home & Garden,Office Chair,East,Wholesale,38,467.67,17771.46,3113.84
2022-04-18,Clothing,Sneakers,South,Direct,1,56.51,53.68,23.8
2022-04-18,Clothing,Jacket,South,Direct,72,451.62,30890.81,7316.57
2022-04-18,Electronics,Smartphone,South,Wholesale,64,176.11,10707.49,4403.34
2022-04-18,Sports,Bike Helmet,East,Direct,18,270.9,4876.2,1266.36
2022-04-18,Home & Garden,Cookware Set,North,Direct,99,303.61,36068.87,10663.31
2022-04-18,Beauty,Skin Care Kit,West,Direct,31,481.74,16427.33,6976.01
2022-04-18,Home & Garden,Lamp,East,Retail,28,355.08,9942.24,3754.84
2022-04-18,Sports,Bike Helmet,South,Retail,72,459.96,31461.26,12625.71
2022-04-18,Clothing,T-Shirt,South,Retail,31,292.27,8607.35,2349.58
2022-04-18,Beauty,Skin Care Kit,East,Wholesale,60,367.28,22036.8,5735.57
2022-04-19,Sports,Yoga Mat,Central,Wholesale,93,312.67,29078.31,6827.94
2022-04-19,Clothing,Dress,West,Direct,81,437.97,39023.13,15056.66
2022-04-19,Beauty,Makeup Palette,North,Retail,88,189.36,19996.42,3566.14
2022-04-19,Beauty,Face Serum,East,Direct,15,197.31,2959.65,560.63
2022-04-19,Sports,Running Shoes,South,Retail,6,229.23,1306.61,360.32
2022-04-19,Clothing,Sneakers,North,Direct,54,56.66,3671.57,1195.14
2022-04-19,Clothing,Dress,East,Retail,62,104.58,6483.96,1981.48
2022-04-19,Home & Garden,Cookware Set,North,Wholesale,13,46.75,729.3,158.39
2022-04-19,Beauty,Hair Dryer,South,Wholesale,85,407.02,32866.86,7065.87
2022-04-19,Clothing,T-Shirt,Central,Retail,48,353.54,16969.92,6592.78
2022-04-19,Electronics,Laptop,South,Retail,57,62.44,3381.13,917.64
2022-04-19,Beauty,Makeup Palette,Central,Direct,4,473.33,1893.32,535.56
2022-04-19,Electronics,Laptop,West,Retail,22,31.34,758.43,144.91
2022-04-19,Sports,Yoga Mat,South,Retail,97,370.68,34158.16,6605.72
2022-04-19,Beauty,Fragrance,North,Wholesale,61,158.29,11586.83,2009.86
2022-04-19,Clothing,Sneakers,North,Direct,70,292.47,24567.48,9888.95
2022-04-19,Electronics,Tablet,North,Retail,96,459.8,52968.96,10628.44
2022-04-19,Electronics,Tablet,West,Wholesale,90,140.98,13957.02,5473.11
2022-04-19,Clothing,Sneakers,South,Wholesale,76,434.87,31397.61,12632.52
2022-04-20,Sports,Tennis Racket,South,Wholesale,84,346.93,27685.01,11566.74
2022-04-20,Home & Garden,Garden Tools,South,Wholesale,67,335.23,21337.39,6982.29
2022-04-20,Home & Garden,Office Chair,East,Retail,69,412.86,28487.34,6781.0
2022-04-20,Home & Garden,Cookware Set,South,Retail,71,96.1,6481.94,2376.97
2022-04-20,Home & Garden,Garden Tools,Central,Retail,62,392.14,24312.68,6131.48
2022-04-20,Clothing,T-Shirt,South,Wholesale,22,238.78,4990.5,1299.0
2022-04-20,Sports,Running Shoes,West,Wholesale,29,175.4,5595.26,1359.62
2022-04-20,Clothing,Dress,North,Direct,71,306.15,26083.98,4731.38
2022-04-20,Home & Garden,Garden Tools,East,Direct,61,290.47,17718.67,3888.39
2022-04-20,Electronics,Headphones,West,Wholesale,90,416.56,41239.44,10038.54
2022-04-20,Sports,Yoga Mat,North,Retail,9,321.2,3468.96,1081.74
2022-04-21,Electronics,Laptop,North,Retail,62,381.09,28353.1,4614.61
2022-04-21,Clothing,Jacket,North,Wholesale,8,297.96,2860.42,530.08
2022-04-21,Beauty,Skin Care Kit,East,Wholesale,58,62.63,3632.54,
2022-04-21,Clothing,Jacket,South,Retail,3,75.88,216.26,58.47
2022-04-21,Beauty,Makeup Palette,North,Wholesale,76,393.55,35891.76,14424.71
2022-04-21,Home & Garden,Office Chair,East,Direct,82,347.36,28483.52,9966.05
2022-04-21,Clothing,Jacket,South,Wholesale,56,313.97,16703.2,4463.67
2022-04-21,Home & Garden,Cookware Set,East,Direct,49,353.61,17326.89,6704.33
2022-04-21,Clothing,Jacket,South,Direct,88,157.74,13187.06,5803.87
2022-04-21,Electronics,Smartwatch,West,Direct,85,259.41,24254.84,5929.77
2022-04-21,Home & Garden,Office Chair,West,Direct,4,398.77,1754.59,534.23
2022-04-21,Beauty,Face Serum,South,Wholesale,52,103.21,5098.57,1794.39
2022-04-21,Home & Garden,Lamp,Central,Wholesale,11,37.67,414.37,118.93
2022-04-21,Home & Garden,Bedding Set,West,Direct,54,16.16,959.9,364.26
2022-04-21,Home & Garden,Cookware Set,North,Retail,4,306.81,1472.69,650.05
2022-04-21,Beauty,Face Serum,Central,Direct,84,482.57,40535.88,13412.83
2022-04-22,Electronics,Laptop,West,Wholesale,58,391.23,24960.47,7587.27
2022-04-22,Beauty,Makeup Palette,West,Direct,94,465.0,48081.0,18065.0
2022-04-22,Electronics,Smartwatch,East,Wholesale,20,351.59,7031.8,2411.86
2022-04-22,Sports,Bike Helmet,North,Retail,20,126.52,3036.48,819.07
2022-04-22,Home & Garden,Garden Tools,West,Direct,33,311.23,11297.65,3278.36
2022-04-22,Beauty,Fragrance,West,Retail,90,46.11,4564.89,1617.36
2022-04-22,Home & Garden,Lamp,Central,Wholesale,63,457.14,28799.82,6239.03
2022-04-22,Clothing,T-Shirt,West,Retail,25,496.1,13642.75,5860.13
2022-04-22,Home & Garden,Bedding Set,Central,Wholesale,13,145.28,1888.64,816.34
2022-04-22,Sports,Yoga Mat,East,Direct,5,103.49,517.45,126.12
2022-04-22,Beauty,Fragrance,West,Retail,8,23.64,208.03,49.69
2022-04-22,Beauty,Makeup Palette,Central,Wholesale,15,170.65,2559.75,1100.92
2022-04-22,Sports,Tennis Racket,Central,Wholesale,93,318.54,29624.22,5999.11
2022-04-22,Beauty,Skin Care Kit,West,Retail,14,140.64,2165.86,393.5
2022-04-23,Home & Garden,Office Chair,South,Wholesale,26,248.37,6134.74,1845.23
2022-04-23,Sports,Running Shoes,South,Direct,6,152.24,867.77,216.44
2022-04-23,Home & Garden,Garden Tools,South,Wholesale,77,165.99,12142.17,5047.8
2022-04-23,Home & Garden,Cookware Set,West,Retail,41,250.29,11288.08,2009.17
2022-04-23,Beauty,Skin Care Kit,North,Direct,67,433.97,34891.19,5444.89
2022-04-23,Home & Garden,Cookware Set,West,Retail,56,126.93,7818.89,1600.02
2022-04-23,Clothing,Sneakers,South,Wholesale,99,314.09,29540.16,11576.75
2022-04-23,Sports,Running Shoes,Central,Wholesale,57,44.01,2508.57,549.8
2022-04-23,Beauty,Face Serum,West,Retail,89,151.98,14878.84,3484.59
2022-04-23,Sports,Running Shoes,North,Retail,67,66.51,5347.4,1404.51
2022-04-23,Beauty,Makeup Palette,South,Wholesale,84,374.33,29871.53,7833.62
2022-04-23,Electronics,Headphones,East,Direct,4,449.98,1799.92,355.19
2022-04-23,Clothing,Sneakers,North,Wholesale,96,243.96,28104.19,8425.86
2022-04-24,Sports,Dumbbell Set,West,Retail,14,343.77,5294.06,1820.64
2022-04-24,Clothing,Jeans,North,Direct,74,11.38,1010.54,215.31
2022-04-24,Beauty,Face Serum,North,Direct,84,88.83,8954.06,3218.92
2022-04-24,Home & Garden,Lamp,East,Direct,97,264.75,25680.75,11136.06
2022-04-24,Electronics,Smartphone,West,Retail,95,379.41,39648.35,12461.68
2022-04-24,Beauty,Makeup Palette,East,Wholesale,47,405.75,19070.25,7663.4
2022-04-24,Electronics,Laptop,North,Direct,86,49.3,5087.76,2226.03
2022-04-24,Home & Garden,Bedding Set,South,Direct,84,471.48,37624.1,7701.14
2022-04-24,Electronics,Smartphone,West,Retail,1,42.16,46.38,15.71
2022-04-24,Sports,Running Shoes,West,Wholesale,76,459.19,38388.28,14581.61
2022-04-24,Home & Garden,Garden Tools,West,Wholesale,62,483.33,32963.11,14009.67
2022-04-24,Beauty,Skin Care Kit,North,Retail,14,176.34,2962.51,1025.01
2022-04-24,Beauty,Fragrance,South,Retail,3,243.82,694.89,129.14
2022-04-24,Clothing,T-Shirt,North,Direct,78,85.76,8027.14,1940.23
2022-04-24,Beauty,Skin Care Kit,South,Retail,30,263.73,7516.31,2237.19
2022-04-24,Electronics,Smartwatch,Central,Direct,71,342.73,24333.83,4684.63
2022-04-24,Home & Garden,Cookware Set,South,Wholesale,22,157.86,3299.27,635.26
2022-04-24,Electronics,Smartwatch,West,Retail,49,161.46,8702.69,3087.53
2022-04-24,Sports,Running Shoes,West,Retail,53,446.27,26017.54,7913.76
2022-04-24,Home & Garden,Bedding Set,South,Direct,81,238.77,18373.35,3160.88
2022-04-25,Electronics,Laptop,Central,Wholesale,97,140.74,13651.78,4672.85
2022-04-25,Home & Garden,Office Chair,West,Retail,71,355.78,27786.42,8843.64
2022-04-25,Home & Garden,Office Chair,Central,Direct,36,144.86,5214.96,1184.25
2022-04-25,Beauty,Makeup Palette,South,Retail,29,136.96,3773.25,895.37
2022-04-25,Clothing,Sneakers,North,Wholesale,65,186.33,14533.74,3293.13
2022-04-25,Beauty,Face Serum,Central,Retail,75,229.8,17235.0,3343.28
2022-04-25,Sports,Bike Helmet,East,Wholesale,53,102.27,5420.31,1574.11
2022-04-25,Sports,Running Shoes,North,Wholesale,58,114.68,7981.73,1584.51
2022-04-25,Clothing,T-Shirt,South,Wholesale,40,225.21,8557.98,2478.43
2022-04-25,Clothing,Sneakers,Central,Wholesale,11,406.02,4466.22,981.18
2022-04-25,Electronics,Headphones,Central,Retail,26,396.96,10320.96,3796.92
2022-04-25,Home & Garden,Office Chair,Central,Direct,61,451.99,27571.39,10333.87
2022-04-25,Home & Garden,Office Chair,South,Retail,36,241.07,8244.59,1433.8
2022-04-25,Clothing,T-Shirt,South,Wholesale,98,472.0,43943.2,19128.95
2022-04-25,Electronics,Laptop,East,Wholesale,55,491.64,27040.2,10819.93
2022-04-26,Sports,Tennis Racket,South,Retail,59,179.62,10067.7,2342.7
2022-04-26,Home & Garden,Office Chair,East,Retail,7,433.19,3032.33,652.97
2022-04-26,Beauty,Fragrance,West,Retail,83,231.33,21120.43,7746.85
2022-04-26,Home & Garden,Office Chair,West,Wholesale,88,443.27,42908.54,
2022-04-26,Electronics,Smartwatch,South,Direct,45,63.49,2714.2,819.91
2022-04-26,Clothing,Jacket,South,Direct,95,353.13,31869.98,13859.26
2022-04-26,Home & Garden,Office Chair,Central,Retail,60,382.28,22936.8,9706.83
2022-04-26,Clothing,Jeans,Central,Retail,44,373.92,16452.48,4225.35
2022-04-26,Electronics,Tablet,East,Wholesale,79,314.01,24806.79,4433.09
2022-04-26,Sports,Tennis Racket,East,Wholesale,70,69.12,4838.4,915.5
2022-04-26,Home & Garden,Office Chair,Central,Wholesale,75,456.14,34210.5,7906.06
2022-04-26,Electronics,Smartwatch,Central,Retail,55,247.11,13591.05,2181.22
2022-04-26,Electronics,Smartphone,East,Direct,19,430.55,8180.45,
2022-04-26,Sports,Dumbbell Set,East,Wholesale,42,41.88,1758.96,501.37
2022-04-26,Beauty,Skin Care Kit,Central,Wholesale,11,57.73,635.03,144.71
2022-04-26,Home & Garden,Cookware Set,North,Retail,66,76.88,6088.9,1224.14
2022-04-26,Home & Garden,Bedding Set,East,Retail,46,104.16,4791.36,1142.68
2022-04-26,Electronics,Tablet,South,Wholesale,93,465.38,41116.32,7370.32
2022-04-26,Sports,Running Shoes,West,Retail,76,215.22,17992.39,7934.44
2022-04-26,Electronics,Tablet,East,Wholesale,23,345.71,7951.33,2716.81
2022-04-27,Home & Garden,Lamp,North,Wholesale,85,122.87,12532.74,4929.78
2022-04-27,Clothing,Sneakers,Central,Direct,5,405.34,2026.7,509.35
2022-04-27,Electronics,Headphones,North,Retail,86,457.54,47218.13,19285.95
2022-04-27,Beauty,Hair Dryer,West,Direct,39,107.75,4622.48,1248.92
2022-04-27,Sports,Running Shoes,Central,Direct,56,235.54,13190.24,4391.01
2022-04-27,Home & Garden,Bedding Set,North,Wholesale,67,104.36,8390.54,1478.85
2022-04-27,Home & Garden,Office Chair,South,Direct,36,86.82,2969.24,1310.89
2022-04-27,Sports,Running Shoes,South,Retail,51,43.35,2100.31,934.62
2022-04-27,Sports,Tennis Racket,West,Retail,25,487.92,13417.8,4234.2
2022-04-27,Beauty,Skin Care Kit,West,Direct,77,291.9,24723.93,9210.9
2022-04-27,Beauty,Fragrance,East,Wholesale,61,407.05,24830.05,8940.88
2022-04-27,Beauty,Fragrance,North,Wholesale,68,322.85,26344.56,8317.55
2022-04-27,Electronics,Laptop,East,Wholesale,36,402.91,14504.76,3085.18
2022-04-27,Beauty,Makeup Palette,North,Wholesale,62,243.86,18143.18,3573.51
2022-04-27,Beauty,Face Serum,North,Retail,83,231.26,23033.5,6071.54
2022-04-28,Clothing,Jeans,Central,Direct,85,403.91,34332.35,7187.33
2022-04-28,Clothing,T-Shirt,South,Wholesale,14,181.56,2414.75,765.18
2022-04-28,Clothing,Dress,South,Wholesale,94,260.51,23263.54,5230.58
2022-04-28,Home & Garden,Garden Tools,Central,Wholesale,63,114.19,7193.97,2678.93
2022-04-28,Sports,Tennis Racket,West,Direct,30,438.62,14474.46,4513.25
2022-04-28,Electronics,Headphones,East,Wholesale,95,466.63,44329.85,19005.37
2022-04-28,Electronics,Tablet,East,Direct,17,174.78,2971.26,1035.78
2022-04-28,Electronics,Headphones,West,Retail,56,31.29,1927.46,602.68
2022-04-28,Electronics,Laptop,North,Direct,47,443.65,25021.86,3996.2
2022-04-28,Home & Garden,Garden Tools,North,Retail,85,339.85,34664.7,11162.28
2022-04-28,Clothing,Sneakers,East,Retail,61,383.33,23383.13,
2022-04-28,Home & Garden,Lamp,North,Wholesale,37,441.16,19587.5,8696.1
2022-04-28,Beauty,Face Serum,Central,Direct,44,309.79,13630.76,4487.56
2022-04-28,Electronics,Headphones,South,Retail,10,29.65,281.68,45.64
2022-04-28,Sports,Tennis Racket,East,Direct,81,279.21,22616.01,9508.03
2022-04-28,Home & Garden,Lamp,South,Direct,27,171.8,4406.67,1379.9
2022-04-28,Clothing,T-Shirt,South,Direct,48,324.51,14797.66,3955.22
2022-04-28,Home & Garden,Bedding Set,North,Wholesale,94,367.12,41411.14,17389.84
2022-04-28,Home & Garden,Bedding Set,South,Direct,22,479.18,10014.86,2498.96
2022-04-28,Electronics,Smartwatch,North,Retail,49,108.12,6357.46,1504.67
2022-04-29,Home & Garden,Office Chair,East,Retail,99,60.42,5981.58,1927.11
2022-04-29,Clothing,Sneakers,North,Retail,59,199.92,14154.34,5795.39
2022-04-29,Electronics,Tablet,North,Direct,77,497.41,45960.68,18503.03
2022-04-29,Home & Garden,Office Chair,Central,Wholesale,33,146.72,4841.76,1412.17
2022-04-29,Clothing,Dress,West,Retail,73,101.11,8119.13,2062.38
2022-04-29,Clothing,T-Shirt,West,Retail,61,233.38,15659.8,5857.84
2022-04-29,Home & Garden,Bedding Set,North,Direct,1,76.36,91.63,38.79
2022-04-29,Home & Garden,Lamp,South,Retail,36,214.54,7337.27,1751.13
2022-04-29,Clothing,Sneakers,East,Wholesale,99,494.81,48986.19,12326.04
2022-04-29,Clothing,Jacket,South,Wholesale,29,416.09,11463.28,3741.2
2022-04-29,Sports,Running Shoes,South,Direct,73,129.48,8979.44,2978.51
2022-04-29,Clothing,Dress,West,Retail,97,486.41,51899.95,14016.45
2022-04-29,Sports,Running Shoes,East,Retail,89,310.98,27677.22,10879.54
2022-04-30,Clothing,Jacket,East,Wholesale,91,269.91,24561.81,4729.1
2022-04-30,Clothing,Sneakers,East,Retail,24,263.34,6320.16,2759.43
2022-04-30,Electronics,Smartphone,Central,Wholesale,10,28.71,287.1,101.09
2022-04-30,Home & Garden,Office Chair,West,Wholesale,52,420.56,24056.03,5244.57
2022-04-30,Home & Garden,Bedding Set,West,Direct,38,209.08,8739.54,2323.48
2022-04-30,Beauty,Fragrance,North,Wholesale,54,117.14,7590.67,3090.24
2022-04-30,Beauty,Makeup Palette,East,Direct,63,482.64,30406.32,4691.15
2022-04-30,Home & Garden,Office Chair,North,Direct,82,476.09,46847.26,16842.54
2022-04-30,Home & Garden,Cookware Set,North,Wholesale,20,75.22,1805.28,745.58
2022-04-30,Sports,Tennis Racket,East,Direct,43,70.51,3031.93,976.41
2022-04-30,Sports,Yoga Mat,East,Direct,53,310.34,16448.02,5708.91
2022-04-30,Electronics,Smartwatch,East,Retail,26,496.24,12902.24,3295.31
2022-04-30,Clothing,T-Shirt,North,Retail,45,319.73,17265.42,4203.75
2022-04-30,Sports,Dumbbell Set,North,Retail,29,258.15,8983.62,4042.57
2022-05-01,Clothing,Jeans,South,Direct,1,67.92,64.52,18.68
2022-05-01,Clothing,Jeans,East,Wholesale,69,166.38,11480.22,3241.26
2022-05-01,Sports,Yoga Mat,East,Wholesale,6,298.53,1791.18,391.91
2022-05-01,Electronics,Headphones,East,Wholesale,43,260.14,11186.02,4938.12
2022-05-01,Electronics,Smartwatch,South,Retail,50,368.64,17510.4,5641.01
2022-05-01,Clothing,Sneakers,West,Retail,27,482.31,14324.61,5484.81
2022-05-01,Home & Garden,Bedding Set,North,Direct,37,145.21,6447.32,1670.77
2022-05-01,Beauty,Makeup Palette,North,Direct,43,296.43,15295.79,6131.78
2022-05-01,Electronics,Laptop,West,Retail,26,201.13,5752.32,2089.83
2022-05-01,Clothing,Jeans,North,Direct,8,291.05,2794.08,1250.06
2022-05-01,Clothing,Jacket,Central,Wholesale,18,154.35,2778.3,590.49
2022-05-01,Beauty,Hair Dryer,East,Retail,53,178.64,9467.92,2731.92
2022-05-01,Home & Garden,Cookware Set,South,Direct,23,174.8,3819.38,857.64
2022-05-01,Clothing,Jeans,Central,Direct,89,117.33,10442.37,2056.44
2022-05-01,Home & Garden,Cookware Set,East,Direct,73,437.64,31947.72,12046.33
2022-05-01,Home & Garden,Cookware Set,North,Wholesale,24,431.37,12423.46,1964.63
2022-05-01,Clothing,Jacket,Central,Wholesale,18,154.35,2778.3,590.49
2022-05-02,Sports,Bike Helmet,West,Direct,56,165.04,10166.46,2712.93
2022-05-02,Beauty,Hair Dryer,West,Direct,95,77.65,8114.43,3320.01
2022-05-02,Beauty,Fragrance,East,Retail,9,283.1,2547.9,1107.27
2022-05-02,Beauty,Hair Dryer,South,Retail,65,73.16,4517.63,1976.02
2022-05-02,Sports,Running Shoes,South,Wholesale,31,190.29,5604.04,2046.72
2022-05-02,Clothing,Sneakers,West,Wholesale,93,80.76,8261.75,2859.63
2022-05-02,Clothing,T-Shirt,South,Wholesale,43,126.82,5180.6,778.74
2022-05-02,Clothing,Jeans,Central,Wholesale,32,438.47,14031.04,3328.13
2022-05-02,Beauty,Skin Care Kit,East,Direct,66,236.08,15581.28,6990.41
2022-05-02,Clothing,Sneakers,Central,Retail,34,22.39,761.26,246.17
2022-05-02,Home & Garden,Bedding Set,North,Direct,95,334.39,38120.46,13300.01
2022-05-03,Beauty,Hair Dryer,South,Retail,58,161.07,8874.96,2036.82
2022-05-03,Beauty,Face Serum,Central,Direct,10,241.39,2413.9,502.97
2022-05-03,Sports,Tennis Racket,North,Wholesale,24,481.61,13870.37,5139.3
2022-05-03,Beauty,Fragrance,South,Wholesale,4,328.21,1247.2,372.28
2022-05-03,Home & Garden,Lamp,East,Wholesale,37,429.2,15880.4,3627.87
2022-05-03,Sports,Bike Helmet,Central,Retail,14,243.42,3407.88,906.72
2022-05-03,Home & Garden,Garden Tools,South,Direct,1,105.14,99.88,33.8
2022-05-03,Electronics,Tablet,North,Direct,17,51.42,1048.97,
2022-05-03,Beauty,Makeup Palette,North,Retail,84,201.03,20263.82,3906.07
2022-05-03,Clothing,Jacket,Central,Retail,57,85.54,4875.78,1309.11
2022-05-03,Sports,Running Shoes,Central,Retail,86,384.51,33067.86,13536.65
2022-05-03,Beauty,Skin Care Kit,North,Wholesale,73,78.14,6845.06,1327.12
2022-05-03,Electronics,Smartwatch,South,Retail,60,470.16,26799.12,11144.32
2022-05-03,Home & Garden,Office Chair,East,Direct,53,423.22,22430.66,9571.36
2022-05-03,Sports,Tennis Racket,South,Wholesale,77,443.1,32412.77,11173.95
2022-05-03,Sports,Tennis Racket,Central,Direct,24,56.97,1367.28,432.72
2022-05-03,Electronics,Tablet,Central,Direct,81,216.21,17513.01,3035.17
2022-05-03,Beauty,Hair Dryer,Central,Wholesale,79,140.53,11101.87,2096.69
2022-05-03,Beauty,Fragrance,South,Wholesale,10,468.13,4447.23,1953.59
2022-05-04,Electronics,Laptop,East,Retail,45,441.1,19849.5,5563.64
2022-05-04,Beauty,Face Serum,South,Direct,97,243.16,22407.19,9389.94
2022-05-04,Beauty,Makeup Palette,North,Retail,14,73.94,1242.19,463.06
2022-05-04,Beauty,Fragrance,North,Direct,9,10.02,108.22,35.83
2022-05-04,Beauty,Fragrance,West,Wholesale,4,314.82,1385.21,596.45
2022-05-04,Clothing,Dress,North,Retail,25,21.52,645.6,102.86
2022-05-04,Clothing,Sneakers,Central,Wholesale,41,290.04,11891.64,5281.58
2022-05-04,Electronics,Smartphone,South,Wholesale,82,159.17,12399.34,4888.76
2022-05-04,Beauty,Hair Dryer,West,Retail,75,102.36,8444.7,3094.85
2022-05-04,Home & Garden,Lamp,North,Retail,55,132.72,8759.52,1931.63
2022-05-04,Beauty,Face Serum,South,Wholesale,1,454.4,431.68,74.31
2022-05-04,Home & Garden,Lamp,North,Direct,56,349.67,23497.82,7018.08
2022-05-04,Home & Garden,Lamp,North,Wholesale,10,285.59,3427.08,1147.36
2022-05-04,Home & Garden,Cookware Set,North,Retail,67,61.18,4918.87,1319.1
2022-05-04,Home & Garden,Cookware Set,East,Direct,40,68.52,2740.8,1227.31
2022-05-04,Clothing,Sneakers,East,Retail,58,189.07,10966.06,4381.34
2022-05-04,Beauty,Skin Care Kit,East,Direct,84,433.83,36441.72,12418.65
2022-05-04,Beauty,Makeup Palette,Central,Wholesale,15,364.65,5469.75,1170.56
2022-05-04,Electronics,Smartphone,North,Wholesale,75,23.14,2082.6,937.01
2022-05-04,Sports,Yoga Mat,West,Wholesale,55,83.93,5077.77,1811.33
2022-05-04,Clothing,Jeans,Central,Wholesale,69,428.38,29558.22,10448.99
2022-05-04,Sports,Yoga Mat,Central,Wholesale,4,56.35,225.4,84.71
2022-05-04,Sports,Tennis Racket,Central,Wholesale,65,147.72,9601.8,1740.09
2022-05-04,Home & Garden,Lamp,West,Direct,18,83.02,1643.8,
2022-05-04,Clothing,Sneakers,South,Direct,45,254.93,10898.26,1879.29
2022-05-04,Home & Garden,Lamp,Central,Direct,36,430.74,15506.64,5254.27
2022-05-04,Clothing,Jeans,North,Direct,64,49.32,3787.78,709.84
2022-05-05,Clothing,Sneakers,Central,Wholesale,60,34.61,2076.6,466.74
2022-05-05,Sports,Running Shoes,West,Wholesale,48,15.69,828.43,153.25
2022-05-05,Sports,Running Shoes,West,Wholesale,64,425.85,29979.84,13195.5
2022-05-05,Electronics,Smartphone,Central,Direct,62,348.39,21600.18,8840.83
2022-05-05,Electronics,Headphones,South,Retail,97,16.68,1537.06,470.31
2022-05-05,Electronics,Laptop,South,Retail,65,457.51,28251.24,10378.25
2022-05-05,Electronics,Laptop,East,Direct,23,233.75,5376.25,1799.51
2022-05-05,Clothing,Jeans,East,Wholesale,10,397.94,3979.4,961.45
2022-05-05,Home & Garden,Office Chair,South,Retail,87,203.34,16806.05,6282.75
2022-05-05,Beauty,Makeup Palette,East,Retail,18,326.7,5880.6,1438.07
2022-05-05,Electronics,Laptop,Central,Retail,78,29.38,2291.64,544.48
2022-05-05,Beauty,Face Serum,North,Direct,28,259.38,8715.17,1849.31
2022-05-05,Beauty,Skin Care Kit,South,Wholesale,49,342.73,15954.08,5414.65
2022-05-05,Beauty,Makeup Palette,North,Direct,83,41.1,4093.56,714.57
2022-05-05,Home & Garden,Garden Tools,South,Retail,76,287.23,20738.01,7675.95
2022-05-05,Sports,Bike Helmet,South,Wholesale,96,390.83,35643.7,10065.41
2022-05-05,Beauty,Hair Dryer,Central,Retail,69,320.11,22087.59,7664.19
2022-05-05,Beauty,Hair Dryer,East,Direct,85,406.58,34559.3,5751.4
2022-05-05,Clothing,Dress,North,Wholesale,8,439.67,4220.83,1016.35
2022-05-05,Sports,Bike Helmet,East,Direct,44,289.34,12730.96,4072.13
2022-05-05,Clothing,Dress,East,Wholesale,77,403.37,31059.49,8453.6
2022-05-05,Beauty,Skin Care Kit,North,Retail,29,313.77,10919.2,2029.62
2022-05-05,Beauty,Makeup Palette,West,Direct,59,440.17,28567.03,7995.8
2022-05-06,Electronics,Laptop,East,Wholesale,45,231.68,10425.6,3132.22
2022-05-06,Beauty,Face Serum,East,Wholesale,64,443.44,28380.16,6284.02
2022-05-06,Home & Garden,Lamp,East,Wholesale,47,462.58,21741.26,8488.35
2022-05-06,Electronics,Tablet,Central,Retail,49,123.39,6046.11,1051.03
2022-05-06,Sports,Running Shoes,West,Retail,6,83.01,547.87,209.43
2022-05-06,Sports,Tennis Racket,Central,Direct,32,60.33,1930.56,295.26
2022-05-06,Beauty,Skin Care Kit,West,Retail,65,401.54,28710.11,5073.33
2022-05-06,Clothing,Jeans,North,Wholesale,73,58.81,5151.76,1604.29
2022-05-06,Clothing,T-Shirt,South,Direct,22,123.14,2573.63,671.2
2022-05-06,Electronics,Laptop,North,Direct,3,444.72,1600.99,527.59
2022-05-06,Electronics,Laptop,West,Direct,39,405.23,17384.37,5870.3
2022-05-06,Electronics,Smartwatch,North,Wholesale,5,145.17,871.02,159.61
2022-05-06,Clothing,Jeans,West,Direct,79,440.25,38257.73,
2022-05-06,Sports,Running Shoes,South,Retail,28,123.55,3286.43,1421.48
2022-05-06,Electronics,Smartphone,West,Retail,3,288.15,950.89,249.47
2022-05-06,Home & Garden,Office Chair,South,Wholesale,35,346.1,11507.82,3542.21
2022-05-07,Home & Garden,Office Chair,East,Direct,86,243.39,20931.54,8775.62
2022-05-07,Sports,Yoga Mat,Central,Retail,39,121.09,4722.51,1521.12
2022-05-07,Beauty,Fragrance,South,Wholesale,86,132.53,10827.7,4223.0
2022-05-07,Sports,Running Shoes,Central,Retail,94,397.71,37384.74,9820.27
2022-05-07,Electronics,Tablet,Central,Wholesale,45,472.01,21240.45,8869.5
2022-05-07,Home & Garden,Lamp,North,Retail,96,241.57,27828.86,12496.4
2022-05-07,Beauty,Hair Dryer,North,Wholesale,40,370.02,17760.96,4554.02
2022-05-07,Sports,Dumbbell Set,North,Wholesale,65,93.53,7295.34,1576.88
2022-05-07,Sports,Bike Helmet,North,Direct,27,297.28,9631.87,1965.72
2022-05-07,Clothing,Jacket,Central,Wholesale,76,484.18,36797.68,12423.12
2022-05-07,Sports,Bike Helmet,East,Wholesale,99,256.79,25422.21,10879.29
2022-05-07,Beauty,Face Serum,East,Direct,44,251.98,11087.12,2447.8
2022-05-08,Clothing,Sneakers,West,Direct,65,456.25,32621.88,5435.58
2022-05-08,Electronics,Laptop,North,Retail,81,394.11,38307.49,11027.75
2022-05-08,Electronics,Smartwatch,Central,Retail,69,359.74,24822.06,9606.64
2022-05-08,Sports,Dumbbell Set,West,Wholesale,15,105.82,1746.03,507.87
2022-05-08,Sports,Yoga Mat,South,Retail,30,326.12,9294.42,3107.61
2022-05-08,Home & Garden,Lamp,East,Direct,41,403.75,16553.75,2727.9
2022-05-08,Beauty,Fragrance,North,Direct,46,454.38,25081.78,7708.38
2022-05-08,Beauty,Makeup Palette,West,Direct,77,346.87,29379.89,11145.25
2022-05-08,Sports,Dumbbell Set,Central,Direct,46,286.65,13185.9,5648.35
2022-05-08,Beauty,Face Serum,Central,Wholesale,35,119.56,4184.6,871.67
2022-05-08,Electronics,Smartwatch,South,Retail,95,151.69,13690.02,2666.81
2022-05-08,Clothing,Jacket,South,Retail,21,401.07,8001.35,2311.89
2022-05-08,Sports,Yoga Mat,Central,Retail,37,275.2,10182.4,2740.08
2022-05-08,Electronics,Smartphone,South,Wholesale,85,418.04,33756.73,9555.29
2022-05-08,Beauty,Face Serum,South,Direct,39,172.32,6384.46,2144.52
2022-05-08,Clothing,Jeans,North,Retail,63,136.46,10316.38,2481.48
2022-05-08,Clothing,Jeans,North,Retail,96,471.6,54328.32,23434.31
2022-05-08,Home & Garden,Bedding Set,South,Direct,24,346.27,7894.96,2987.89
2022-05-09,Clothing,Dress,North,Direct,7,395.53,3322.45,741.14
2022-05-09,Home & Garden,Cookware Set,East,Direct,26,321.18,8350.68,
2022-05-09,Beauty,Face Serum,North,Wholesale,32,383.86,14740.22,5092.24
2022-05-09,Sports,Running Shoes,Central,Direct,93,11.8,1097.4,312.94
2022-05-09,Electronics,Headphones,West,Retail,96,417.23,44059.49,14159.48
2022-05-09,Beauty,Makeup Palette,West,Retail,54,348.9,20724.66,5335.36
2022-05-09,Sports,Bike Helmet,North,Direct,66,252.67,20011.46,5391.86
2022-05-09,Electronics,Smartphone,Central,Direct,76,274.53,20864.28,8873.69
2022-05-09,Sports,Dumbbell Set,North,Direct,2,320.73,769.75,235.94
2022-05-09,Clothing,Jeans,West,Wholesale,52,374.87,21442.56,5584.26
2022-05-09,Beauty,Makeup Palette,North,Wholesale,99,12.45,1479.06,275.38
2022-05-09,Home & Garden,Office Chair,South,Direct,65,389.05,24023.84,4263.94
2022-05-10,Clothing,Jacket,South,Retail,78,342.26,25361.47,7138.03
2022-05-10,Clothing,Jeans,North,Direct,5,273.34,1640.04,437.89
2022-05-10,Home & Garden,Lamp,South,Direct,56,123.18,6553.18,2378.85
2022-05-10,Home & Garden,Garden Tools,North,Wholesale,43,422.94,21823.7,7791.35
2022-05-10,Beauty,Face Serum,West,Direct,55,470.1,28441.05,5150.84
2022-05-10,Sports,Bike Helmet,South,Retail,36,455.69,15584.6,4807.08
2022-05-10,Electronics,Tablet,North,Retail,63,177.29,13403.12,5957.06
2022-05-10,Beauty,Face Serum,North,Wholesale,58,11.28,785.09,301.14
2022-05-10,Home & Garden,Cookware Set,Central,Wholesale,74,376.92,27892.08,10667.35
2022-05-10,Beauty,Fragrance,East,Wholesale,77,330.84,25474.68,7081.66
2022-05-10,Electronics,Smartphone,Central,Retail,67,134.18,8990.06,3154.01
2022-05-10,Beauty,Face Serum,North,Retail,91,180.24,19682.21,5137.91
2022-05-10,Home & Garden,Garden Tools,North,Direct,51,412.93,25271.32,11008.47
2022-05-10,Beauty,Skin Care Kit,North,Direct,63,45.24,3420.14,1028.91
2022-05-10,Beauty,Makeup Palette,Central,Direct,43,313.09,13462.87,2625.41
2022-05-10,Home & Garden,Office Chair,East,Direct,37,131.87,4879.19,796.91
2022-05-10,Home & Garden,Cookware Set,Central,Wholesale,10,412.6,4126.0,1471.33
2022-05-10,Electronics,Tablet,Central,Retail,42,413.59,17370.78,5498.83
2022-05-10,Sports,Tennis Racket,North,Direct,65,480.84,37505.52,9625.99
2022-05-11,Clothing,Dress,North,Retail,48,295.43,17016.77,3308.54
2022-05-11,Clothing,Dress,South,Retail,49,160.34,7463.83,2661.22
2022-05-11,Home & Garden,Cookware Set,Central,Wholesale,2,309.63,619.26,187.71
2022-05-11,Beauty,Makeup Palette,South,Wholesale,32,77.46,2354.78,384.35
2022-05-11,Home & Garden,Lamp,South,Wholesale,96,471.58,43008.1,13842.23
2022-05-11,Home & Garden,Cookware Set,West,Wholesale,63,279.56,19373.51,7554.62
2022-05-11,Electronics,Smartwatch,West,Retail,94,146.45,15142.93,2682.33
2022-05-11,Home & Garden,Garden Tools,West,Retail,53,84.61,4932.76,1032.31
2022-05-11,Home & Garden,Cookware Set,East,Direct,57,341.3,19454.1,3109.16
2022-05-11,Clothing,T-Shirt,East,Retail,81,208.07,16853.67,2549.17
2022-05-11,Home & Garden,Office Chair,West,Wholesale,56,489.04,30124.86,6503.27
2022-05-11,Home & Garden,Office Chair,North,Wholesale,2,286.34,687.22,141.02
2022-05-11,Electronics,Tablet,South,Wholesale,61,109.59,6350.74,1367.95
2022-05-11,Clothing,T-Shirt,South,Retail,35,391.08,13003.41,
2022-05-11,Sports,Yoga Mat,South,Direct,11,370.24,3869.01,671.21
2022-05-11,Clothing,Dress,West,Wholesale,67,485.59,35787.98,11401.28
2022-05-11,Sports,Tennis Racket,North,Direct,90,371.45,40116.6,6761.69
2022-05-11,Home & Garden,Cookware Set,West,Wholesale,49,407.48,21963.17,4586.23
2022-05-12,Home & Garden,Office Chair,East,Direct,4,374.79,1499.16,278.21
2022-05-12,Clothing,T-Shirt,West,Wholesale,72,24.75,1960.2,375.74
2022-05-12,Home & Garden,Cookware Set,East,Direct,72,211.62,15236.64,3409.01
2022-05-12,Electronics,Smartphone,West,Direct,11,254.2,3075.82,638.21
2022-05-12,Beauty,Hair Dryer,Central,Direct,85,349.67,29721.95,6257.01
2022-05-12,Home & Garden,Bedding Set,East,Wholesale,88,81.96,7212.48,
2022-05-12,Home & Garden,Lamp,North,Retail,48,201.95,11632.32,3978.85
2022-05-12,Clothing,Jeans,Central,Wholesale,86,293.17,25212.62,5938.87
2022-05-12,Beauty,Skin Care Kit,Central,Retail,21,315.7,6629.7,
2022-05-12,Beauty,Skin Care Kit,Central,Wholesale,12,94.57,1134.84,335.16
2022-05-13,Clothing,Dress,South,Direct,63,394.75,23625.79,9070.55
2022-05-13,Home & Garden,Cookware Set,North,Retail,67,332.86,26761.94,4365.76
2022-05-13,Sports,Dumbbell Set,West,Wholesale,92,424.3,42939.16,17223.48
2022-05-13,Electronics,Headphones,North,Wholesale,98,227.04,26699.9,5537.0
2022-05-13,Electronics,Laptop,South,Retail,54,15.26,782.84,223.53
2022-05-13,Beauty,Fragrance,South,Direct,29,349.43,9626.8,2488.14
2022-05-13,Beauty,Face Serum,West,Direct,65,342.06,24457.29,8846.31
2022-05-13,Beauty,Face Serum,South,Wholesale,22,499.11,10431.4,3380.63
2022-05-13,Sports,Bike Helmet,West,Direct,7,141.59,1090.24,384.63
2022-05-13,Clothing,Sneakers,Central,Retail,39,132.81,5179.59,2178.34
2022-05-13,Electronics,Headphones,South,Direct,38,272.65,9842.66,2825.72
2022-05-13,Clothing,Jacket,Central,Retail,84,129.55,10882.2,3651.53
2022-05-13,Beauty,Hair Dryer,West,Retail,34,360.6,13486.44,5505.93
2022-05-13,Sports,Yoga Mat,South,Wholesale,42,356.53,14225.55,4788.28
2022-05-13,Clothing,Jeans,South,Wholesale,11,243.32,2542.69,399.33
2022-05-13,Sports,Dumbbell Set,South,Direct,21,465.7,9290.71,3804.49
2022-05-14,Electronics,Laptop,West,Direct,36,31.6,1251.36,312.92
2022-05-14,Clothing,Dress,North,Direct,36,430.62,18602.78,3597.9
2022-05-14,Electronics,Smartwatch,West,Wholesale,1,172.55,189.81,63.44
2022-05-14,Home & Garden,Garden Tools,North,Wholesale,13,337.78,5269.37,1870.04
2022-05-14,Electronics,Smartwatch,Central,Wholesale,11,290.18,3191.98,503.01
2022-05-14,Home & Garden,Bedding Set,East,Wholesale,21,20.15,423.15,175.11
2022-05-14,Clothing,Jeans,West,Wholesale,16,157.32,2768.83,442.98
2022-05-14,Electronics,Laptop,West,Direct,98,126.8,13669.04,3516.73
2022-05-14,Beauty,Fragrance,East,Direct,59,221.99,13097.41,4904.98
2022-05-14,Electronics,Smartphone,South,Wholesale,14,195.6,2601.48,492.71
2022-05-14,Beauty,Face Serum,East,Retail,23,221.85,5102.55,1517.58
2022-05-14,Clothing,Jacket,West,Direct,21,240.51,5555.78,2056.3
2022-05-14,Home & Garden,Office Chair,North,Wholesale,83,164.25,16359.3,6484.88
2022-05-14,Clothing,Dress,South,Wholesale,13,204.93,2530.89,486.15
2022-05-14,Clothing,Jeans,North,Direct,78,107.89,10098.5,2474.9
2022-05-14,Home & Garden,Lamp,Central,Wholesale,51,418.32,21334.32,6763.38
2022-05-14,Clothing,Dress,East,Direct,45,422.44,19009.8,3287.98
2022-05-14,Clothing,T-Shirt,North,Retail,54,452.46,29319.41,7485.32
2022-05-14,Electronics,Headphones,West,Retail,24,320.08,8450.11,2702.57
2022-05-14,Electronics,Tablet,North,Retail,30,316.18,11382.48,4565.69
2022-05-14,Home & Garden,Lamp,Central,Wholesale,51,418.32,21334.32,6763.38
2022-05-14,Electronics,Smartwatch,Central,Wholesale,11,290.18,3191.98,503.01
2022-05-15,Beauty,Face Serum,North,Retail,54,235.64,15269.47,2640.4
2022-05-15,Sports,Dumbbell Set,Central,Wholesale,67,292.81,19618.27,8143.05
2022-05-15,Beauty,Face Serum,West,Wholesale,72,39.47,3126.02,1155.85
2022-05-15,Home & Garden,Bedding Set,South,Retail,22,385.41,8055.07,2490.5
2022-05-15,Home & Garden,Garden Tools,North,Direct,2,406.34,975.22,198.24
2022-05-15,Beauty,Fragrance,Central,Direct,45,471.61,21222.45,7574.37
2022-05-15,Sports,Tennis Racket,East,Wholesale,34,396.3,13474.2,5345.66
2022-05-15,Clothing,Jeans,North,Wholesale,67,86.27,6936.11,1432.88
2022-05-15,Home & Garden,Bedding Set,North,Wholesale,73,182.08,15950.21,3664.57
2022-05-15,Electronics,Smartphone,North,Direct,93,35.6,3972.96,1358.64
2022-05-15,Beauty,Fragrance,South,Direct,17,494.19,7981.17,2056.61
2022-05-15,Sports,Running Shoes,West,Wholesale,55,498.53,30161.06,8445.78
2022-05-15,Home & Garden,Office Chair,Central,Wholesale,78,385.31,30054.18,
2022-05-15,Sports,Tennis Racket,East,Retail,17,485.89,8260.13,3247.68
2022-05-16,Sports,Bike Helmet,North,Direct,55,109.14,7203.24,2568.51
2022-05-16,Sports,Bike Helmet,West,Direct,84,444.2,41044.08,8210.2
2022-05-16,Sports,Running Shoes,South,Direct,29,453.42,12491.72,3608.11
2022-05-16,Electronics,Laptop,West,Wholesale,92,89.89,9096.87,1810.48
2022-05-16,Beauty,Skin Care Kit,Central,Retail,19,214.42,4073.98,1080.65
2022-05-16,Home & Garden,Cookware Set,East,Wholesale,10,205.88,2058.8,386.34
2022-05-16,Home & Garden,Lamp,West,Wholesale,47,312.89,16176.41,2528.03
2022-05-16,Beauty,Fragrance,Central,Direct,82,85.39,7001.98,2815.2
2022-05-16,Home & Garden,Cookware Set,North,Direct,74,336.84,29911.39,6937.98
2022-05-16,Sports,Running Shoes,East,Retail,58,295.48,17137.84,3178.74
2022-05-16,Home & Garden,Office Chair,East,Retail,73,328.42,23974.66,5662.32
2022-05-16,Beauty,Face Serum,South,Direct,68,81.18,5244.23,1219.9
2022-05-16,Beauty,Hair Dryer,Central,Retail,40,33.75,1350.0,477.72
2022-05-16,Clothing,Jeans,South,Wholesale,3,457.72,1304.5,223.96
2022-05-16,Sports,Yoga Mat,South,Direct,52,295.06,14575.96,2194.16
2022-05-16,Beauty,Fragrance,Central,Wholesale,86,231.46,19905.56,8636.1
2022-05-16,Home & Garden,Office Chair,East,Retail,73,328.42,23974.66,5662.32
2022-05-17,Home & Garden,Garden Tools,East,Direct,18,197.53,3555.54,1400.92
2022-05-17,Home & Garden,Lamp,South,Retail,57,129.39,7006.47,2274.27
2022-05-17,Home & Garden,Bedding Set,South,Retail,6,31.57,179.95,27.65
2022-05-17,Sports,Bike Helmet,East,Retail,21,245.37,5152.77,1450.19
2022-05-17,Clothing,Sneakers,Central,Retail,90,244.74,22026.6,8498.75
2022-05-17,Beauty,Makeup Palette,East,Wholesale,34,29.56,1005.04,412.64
2022-05-17,Clothing,Sneakers,East,Retail,8,67.18,537.44,192.05
2022-05-17,Beauty,Face Serum,West,Wholesale,38,184.88,7727.98,3088.47
2022-05-17,Clothing,T-Shirt,North,Direct,68,39.64,3234.62,826.83
2022-05-17,Electronics,Smartphone,East,Wholesale,85,455.09,38682.65,7404.94
2022-05-17,Sports,Dumbbell Set,Central,Wholesale,99,383.0,37917.0,11183.04
2022-05-17,Beauty,Hair Dryer,Central,Retail,84,14.08,1182.72,343.65
2022-05-17,Clothing,Jacket,East,Wholesale,38,83.28,3164.64,1236.81
2022-05-17,Sports,Bike Helmet,North,Wholesale,50,481.14,28868.4,12910.46
2022-05-17,Sports,Bike Helmet,West,Retail,57,113.74,7131.5,1255.81
2022-05-17,Clothing,Jeans,East,Direct,99,254.59,25204.41,8998.65
2022-05-18,Beauty,Face Serum,Central,Wholesale,44,222.5,9790.0,3485.57
2022-05-18,Beauty,Skin Care Kit,West,Wholesale,59,332.64,21588.34,9431.02
2022-05-18,Home & Garden,Office Chair,South,Direct,72,176.03,12040.45,2670.89
2022-05-18,Clothing,Jacket,East,Direct,19,248.44,4720.36,1003.36
2022-05-18,Clothing,Sneakers,East,Retail,98,108.39,10622.22,3566.48
2022-05-18,Electronics,Tablet,West,Wholesale,5,166.76,917.18,366.18
2022-05-18,Electronics,Laptop,West,Retail,43,317.23,15004.98,3846.16
2022-05-18,Home & Garden,Office Chair,East,Retail,79,484.22,38253.38,11422.54
2022-05-18,Electronics,Smartphone,East,Direct,84,127.6,10718.4,3630.94
2022-05-18,Sports,Dumbbell Set,North,Direct,21,453.49,11427.95,4400.07
2022-05-18,Sports,Running Shoes,North,Retail,65,17.04,1329.12,304.7
2022-05-18,Sports,Running Shoes,Central,Direct,34,76.68,2607.12,773.16
2022-05-18,Home & Garden,Lamp,North,Direct,38,372.23,16973.69,3361.05
2022-05-18,Clothing,Sneakers,West,Direct,26,65.31,1867.87,426.91
2022-05-18,Home & Garden,Cookware Set,North,Retail,14,53.99,907.03,295.97
2022-05-18,Home & Garden,Bedding Set,West,Wholesale,77,313.14,26522.96,7319.87
2022-05-18,Clothing,Jacket,North,Retail,17,298.37,6086.75,2261.99
2022-05-18,Beauty,Fragrance,South,Direct,42,350.69,13992.53,5003.51
2022-05-18,Sports,Tennis Racket,West,Direct,66,181.6,13184.16,2756.38
2022-05-18,Electronics,Headphones,Central,Direct,33,104.33,3442.89,823.9
2022-05-19,Electronics,Laptop,West,Direct,5,150.67,828.68,169.05
2022-05-19,Electronics,Headphones,Central,Wholesale,56,389.17,21793.52,4121.43
2022-05-19,Sports,Bike Helmet,South,Retail,43,464.27,18965.43,6942.09
2022-05-19,Beauty,Hair Dryer,East,Direct,11,444.38,4888.18,834.25
2022-05-19,Home & Garden,Cookware Set,North,Wholesale,25,337.95,10138.5,3184.09
2022-05-19,Sports,Running Shoes,South,Wholesale,96,395.09,36032.21,15563.99
2022-05-19,Sports,Bike Helmet,Central,Direct,30,247.39,7421.7,1805.4
2022-05-19,Clothing,Jacket,South,Retail,36,292.48,10002.82,1990.14
2022-05-19,Home & Garden,Lamp,Central,Retail,99,252.71,25018.29,9161.52
2022-05-19,Sports,Yoga Mat,West,Wholesale,73,270.72,21738.82,6593.61
2022-05-19,Home & Garden,Lamp,West,Retail,52,194.75,11139.7,1687.37
2022-05-19,Sports,Running Shoes,North,Direct,9,51.34,554.47,116.1
2022-05-19,Beauty,Skin Care Kit,North,Wholesale,94,43.9,4951.92,797.25
2022-05-19,Clothing,Dress,West,Direct,91,64.19,6425.42,2489.21
2022-05-19,Clothing,Jeans,North,Direct,4,217.73,1045.1,
2022-05-19,Beauty,Face Serum,East,Wholesale,94,166.48,15649.12,3078.74
2022-05-19,Home & Garden,Lamp,East,Wholesale,20,263.4,5268.0,1347.4
2022-05-20,Beauty,Fragrance,West,Retail,25,461.72,12697.3,3840.58
2022-05-20,Home & Garden,Bedding Set,Central,Direct,54,447.93,24188.22,7024.29
2022-05-20,Clothing,Jacket,Central,Wholesale,67,285.09,19101.03,3532.7
2022-05-20,Sports,Dumbbell Set,South,Wholesale,16,441.61,6712.47,1251.41
2022-05-20,Home & Garden,Cookware Set,South,Direct,36,12.09,413.48,175.9
2022-05-20,Clothing,Jeans,West,Wholesale,4,225.78,993.43,191.73
2022-05-20,Electronics,Laptop,North,Wholesale,37,51.54,2288.38,918.66
2022-05-20,Sports,Dumbbell Set,Central,Direct,64,462.38,29592.32,4595.64
2022-05-20,Sports,Running Shoes,East,Wholesale,49,464.85,22777.65,5351.83
2022-05-20,Home & Garden,Office Chair,Central,Retail,71,94.38,6700.98,2972.23
2022-05-20,Clothing,Dress,South,Wholesale,13,27.18,335.67,60.79
2022-05-20,Beauty,Skin Care Kit,South,Direct,44,133.17,5566.51,1325.29
2022-05-20,Clothing,T-Shirt,East,Retail,99,74.06,7331.94,2225.15
2022-05-20,Home & Garden,Office Chair,South,Retail,92,227.99,19926.33,5615.65
2022-05-20,Sports,Running Shoes,South,Wholesale,9,40.19,343.62,56.07
2022-05-20,Home & Garden,Cookware Set,South,Retail,73,65.04,4510.52,942.71
2022-05-20,Beauty,Skin Care Kit,South,Wholesale,80,437.65,33261.4,8326.41
2022-05-20,Clothing,Sneakers,West,Wholesale,95,59.9,6259.55,2683.7
2022-05-21,Sports,Dumbbell Set,East,Retail,53,36.49,1933.97,785.72
2022-05-21,Sports,Tennis Racket,Central,Retail,60,358.02,21481.2,8089.24
2022-05-21,Home & Garden,Cookware Set,Central,Direct,75,182.3,13672.5,2640.37
2022-05-21,Home & Garden,Office Chair,West,Wholesale,97,129.34,13800.58,2398.77
2022-05-21,Home & Garden,Bedding Set,Central,Direct,63,147.09,9266.67,1955.88
2022-05-21,Clothing,T-Shirt,North,Direct,42,48.12,2425.25,1069.42
2022-05-21,Electronics,Laptop,South,Direct,98,124.01,11545.33,2260.45
2022-05-21,Sports,Dumbbell Set,North,Retail,89,47.37,5059.12,1616.63
2022-05-21,Electronics,Smartphone,South,Direct,33,116.06,3638.48,994.33
2022-05-21,Home & Garden,Lamp,East,Wholesale,96,120.44,11562.24,4655.19
2022-05-21,Electronics,Smartphone,East,Wholesale,64,364.29,23314.56,6740.06
2022-05-21,Beauty,Makeup Palette,West,Retail,88,306.25,29645.0,12106.69
2022-05-21,Beauty,Makeup Palette,West,Direct,11,69.27,838.17,223.85
2022-05-21,Electronics,Smartwatch,West,Wholesale,19,148.99,3113.89,898.62
2022-05-21,Clothing,Sneakers,North,Wholesale,24,171.37,4935.46,1459.98
2022-05-21,Clothing,Jacket,East,Direct,47,479.81,22551.07,9223.56
2022-05-21,Electronics,Smartphone,West,Retail,96,306.7,32387.52,12490.9
2022-05-21,Sports,Bike Helmet,West,Wholesale,68,305.64,22861.87,5012.35
2022-05-21,Sports,Running Shoes,North,Retail,23,468.32,12925.63,1985.04
2022-05-21,Sports,Tennis Racket,North,Wholesale,72,192.33,16617.31,5289.35
2022-05-21,Clothing,Sneakers,South,Direct,29,145.06,3996.4,1046.74
2022-05-21,Home & Garden,Garden Tools,North,Retail,4,407.69,1956.91,822.41
2022-05-21,Beauty,Skin Care Kit,East,Wholesale,96,30.61,2938.56,567.69
2022-05-21,Beauty,Face Serum,Central,Retail,17,117.69,2000.73,801.9
2022-05-22,Home & Garden,Lamp,West,Direct,75,205.71,16971.08,3662.29
2022-05-22,Electronics,Headphones,East,Wholesale,85,418.71,35590.35,5871.36
2022-05-22,Electronics,Laptop,Central,Retail,52,448.14,23303.28,5621.55
2022-05-22,Clothing,Jeans,North,Wholesale,78,359.26,33626.74,9107.6
2022-05-22,Beauty,Hair Dryer,South,Direct,21,468.72,9350.96,3758.04
2022-05-22,Clothing,T-Shirt,East,Retail,41,365.07,14967.87,2560.44
2022-05-22,Sports,Dumbbell Set,Central,Wholesale,16,333.18,5330.88,876.84
2022-05-22,Beauty,Hair Dryer,East,Wholesale,27,284.31,7676.37,2848.16
2022-05-22,Sports,Dumbbell Set,East,Wholesale,76,407.32,30956.32,13842.79
2022-05-22,Home & Garden,Garden Tools,East,Wholesale,20,176.25,3525.0,1042.44
2022-05-22,Sports,Yoga Mat,North,Retail,54,473.44,30678.91,8056.23
2022-05-22,Home & Garden,Cookware Set,North,Retail,71,299.25,25496.1,6180.42
2022-05-22,Clothing,Dress,South,Retail,16,321.27,4883.3,2149.41
2022-05-23,Home & Garden,Garden Tools,West,Wholesale,62,444.71,30329.22,4609.41
2022-05-23,Beauty,Hair Dryer,East,Retail,76,21.39,1625.64,626.86
2022-05-23,Beauty,Makeup Palette,South,Wholesale,15,39.19,558.46,142.3
2022-05-23,Clothing,Dress,West,Direct,87,439.21,42032.4,16447.87
2022-05-23,Electronics,Tablet,Central,Direct,13,496.32,6452.16,2051.81
2022-05-23,Home & Garden,Office Chair,West,Direct,95,162.83,17015.74,
2022-05-23,Home & Garden,Lamp,North,Retail,44,448.8,23696.64,10090.15
2022-05-23,Sports,Tennis Racket,Central,Retail,58,313.18,18164.44,4306.15
2022-05-23,Sports,Running Shoes,East,Retail,44,83.4,3669.6,1053.44
2022-05-23,Home & Garden,Garden Tools,West,Retail,95,344.18,35966.81,13478.14
2022-05-23,Sports,Dumbbell Set,South,Retail,56,450.97,23991.6,10096.39
2022-05-23,Sports,Bike Helmet,East,Direct,96,234.41,22503.36,4675.62
2022-05-23,Sports,Bike Helmet,East,Wholesale,58,186.36,10808.88,2779.71
2022-05-23,Sports,Tennis Racket,Central,Retail,10,208.66,2086.6,495.26
2022-05-23,Home & Garden,Bedding Set,South,Retail,19,485.77,8768.15,1742.35
2022-05-23,Sports,Bike Helmet,North,Wholesale,8,134.44,1290.62,448.54
2022-05-23,Electronics,Headphones,South,Direct,80,156.38,11884.88,1907.09
2022-05-23,Home & Garden,Lamp,Central,Retail,16,268.96,4303.36,1811.37
2022-05-23,Sports,Dumbbell Set,East,Direct,29,69.7,2021.3,736.01
2022-05-23,Clothing,T-Shirt,Central,Wholesale,58,85.52,4960.16,780.16
2022-05-23,Sports,Bike Helmet,North,Retail,31,184.35,6857.82,1298.17
2022-05-23,Beauty,Makeup Palette,Central,Wholesale,89,209.1,18609.9,4979.11
2022-05-24,Clothing,Jeans,North,Direct,49,355.9,20926.92,4256.56
2022-05-24,Beauty,Hair Dryer,Central,Retail,68,410.48,27912.64,9961.21
2022-05-24,Clothing,T-Shirt,South,Direct,58,433.95,23910.64,9257.18
2022-05-24,Home & Garden,Bedding Set,South,Direct,8,360.01,2736.08,778.98
2022-05-24,Beauty,Fragrance,Central,Direct,50,120.92,6046.0,1413.92
2022-05-24,Clothing,Sneakers,West,Retail,33,198.78,7215.71,3242.07
2022-05-24,Electronics,Tablet,South,Direct,28,320.32,8520.51,
2022-05-24,Beauty,Makeup Palette,East,Wholesale,5,40.23,201.15,78.47
2022-05-24,Beauty,Hair Dryer,East,Wholesale,34,267.84,9106.56,1787.7
2022-05-24,Home & Garden,Office Chair,Central,Retail,38,81.94,3113.72,1036.71
2022-05-24,Sports,Running Shoes,North,Wholesale,86,217.99,22496.57,9951.81
2022-05-24,Clothing,Jacket,South,Direct,94,269.66,24080.64,5635.95
2022-05-24,Home & Garden,Cookware Set,East,Direct,23,67.85,1560.55,406.36
2022-05-24,Sports,Yoga Mat,East,Wholesale,79,138.18,10916.22,4508.27
2022-05-24,Beauty,Skin Care Kit,South,Direct,19,193.14,3486.18,1486.41
2022-05-24,Sports,Dumbbell Set,South,Retail,90,359.54,30740.67,11990.21
2022-05-24,Home & Garden,Garden Tools,East,Direct,91,491.1,44690.1,14255.66
2022-05-24,Sports,Yoga Mat,East,Direct,68,244.64,16635.52,3961.23
2022-05-24,Home & Garden,Bedding Set,Central,Retail,69,280.59,19360.71,3922.82
2022-05-24,Home & Garden,Cookware Set,South,Direct,65,439.66,27149.01,12159.2
2022-05-24,Beauty,Face Serum,West,Direct,31,403.28,13751.85,2081.46
2022-05-24,Beauty,Face Serum,East,Wholesale,8,189.96,1519.68,666.12
2022-05-24,Beauty,Face Serum,East,Wholesale,8,189.96,1519.68,666.12
2022-05-25,Clothing,Dress,Central,Direct,97,136.74,13263.78,3911.59
2022-05-25,Clothing,Sneakers,East,Wholesale,7,485.46,3398.22,825.03
2022-05-25,Sports,Dumbbell Set,West,Wholesale,48,325.56,17189.57,3679.5
2022-05-25,Home & Garden,Cookware Set,Central,Wholesale,37,340.9,12613.3,2801.62
2022-05-25,Clothing,T-Shirt,South,Retail,3,142.85,407.12,123.5
2022-05-25,Home & Garden,Office Chair,West,Retail,99,174.34,18985.63,3708.85
2022-05-25,Clothing,Jeans,East,Direct,82,409.63,33589.66,7852.46
2022-05-25,Electronics,Headphones,Central,Retail,26,264.16,6868.16,1343.34
2022-05-25,Home & Garden,Lamp,East,Direct,45,308.41,13878.45,2302.5
2022-05-25,Beauty,Hair Dryer,West,Retail,92,46.7,4726.04,2068.04
2022-05-25,Beauty,Skin Care Kit,East,Retail,60,124.57,7474.2,1593.9
2022-05-25,Sports,Yoga Mat,Central,Wholesale,65,256.01,16640.65,4687.36
2022-05-25,Home & Garden,Bedding Set,West,Retail,66,346.92,25186.39,5903.6
2022-05-25,Clothing,Sneakers,Central,Wholesale,33,264.62,8732.46,2599.79
2022-05-25,Clothing,Jacket,South,Wholesale,87,158.15,13071.1,5079.45
2022-05-25,Sports,Dumbbell Set,East,Retail,19,325.68,6187.92,2501.24
2022-05-25,Clothing,Sneakers,North,Direct,69,49.42,4091.98,1391.27
2022-05-25,Home & Garden,Office Chair,North,Wholesale,93,457.55,51062.58,16036.16
2022-05-25,Clothing,Jacket,East,Wholesale,33,432.53,14273.49,3847.17
2022-05-26,Clothing,Dress,South,Direct,54,251.09,12880.92,2163.59
2022-05-26,Clothing,Jeans,North,Retail,3,82.38,296.57,107.18
2022-05-26,Sports,Running Shoes,North,Direct,75,245.95,22135.5,7905.68
2022-05-26,Beauty,Makeup Palette,West,Wholesale,11,424.68,5138.63,1542.25
2022-05-26,Beauty,Skin Care Kit,North,Wholesale,59,464.33,32874.56,
2022-05-26,Clothing,Jeans,Central,Retail,27,70.15,1894.05,696.01
2022-05-26,Beauty,Skin Care Kit,West,Retail,68,412.76,30874.45,13150.22
2022-05-26,Beauty,Face Serum,South,Retail,37,88.02,3093.9,835.52
2022-05-26,Beauty,Face Serum,East,Direct,74,330.39,24448.86,
2022-05-26,Electronics,Smartphone,North,Retail,63,126.3,9548.28,3961.3
2022-05-26,Home & Garden,Office Chair,South,Retail,96,315.15,28741.68,11898.47
2022-05-26,Clothing,Dress,East,Wholesale,5,360.85,1804.25,325.96
2022-05-26,Electronics,Tablet,South,Retail,23,370.82,8102.42,3234.17
2022-05-26,Clothing,Jacket,West,Wholesale,43,17.12,809.78,218.61
2022-05-26,Beauty,Fragrance,Central,Direct,72,444.55,32007.6,14064.82
2022-05-26,Sports,Yoga Mat,East,Direct,49,119.4,5850.6,1480.02
2022-05-26,Sports,Yoga Mat,Central,Retail,16,401.72,6427.52,2141.52
2022-05-26,Clothing,Sneakers,East,Direct,68,220.39,14986.52,3211.62
2022-05-26,Home & Garden,Office Chair,Central,Direct,19,106.33,2020.27,480.69
2022-05-27,Electronics,Smartphone,East,Retail,48,158.6,7612.8,
2022-05-27,Sports,Yoga Mat,North,Wholesale,82,290.58,28593.07,11130.14
2022-05-27,Home & Garden,Lamp,Central,Direct,20,477.31,9546.2,3474.43
2022-05-27,Beauty,Makeup Palette,East,Retail,42,198.19,8323.98,3139.72
2022-05-27,Home & Garden,Lamp,Central,Retail,79,75.61,5973.19,997.12
2022-05-27,Beauty,Fragrance,East,Wholesale,49,478.64,23453.36,8278.16
2022-05-27,Sports,Dumbbell Set,Central,Wholesale,95,255.1,24234.5,7923.88
2022-05-27,Beauty,Skin Care Kit,South,Retail,63,86.08,5151.89,1685.19
2022-05-27,Beauty,Hair Dryer,East,Wholesale,96,394.88,37908.48,10968.93
2022-05-27,Beauty,Hair Dryer,Central,Retail,49,253.93,12442.57,3821.15
2022-05-27,Home & Garden,Lamp,West,Wholesale,9,312.63,3095.04,1036.63
2022-05-27,Sports,Running Shoes,South,Wholesale,7,22.37,148.76,30.63
2022-05-27,Electronics,Smartwatch,South,Wholesale,73,84.26,5843.43,968.81
2022-05-27,Sports,Yoga Mat,Central,Direct,6,309.24,1855.44,
2022-05-27,Beauty,Fragrance,West,Retail,6,355.97,2349.4,455.47
2022-05-27,Clothing,Jacket,West,Direct,30,49.04,1618.32,528.28
2022-05-27,Beauty,Hair Dryer,West,Retail,47,350.74,18133.26,7626.79
2022-05-27,Clothing,Jacket,Central,Retail,53,220.98,11711.94,3573.79
2022-05-27,Home & Garden,Lamp,North,Direct,69,178.65,14792.22,3516.85
2022-05-28,Sports,Dumbbell Set,Central,Wholesale,3,319.66,958.98,309.28
2022-05-28,Sports,Bike Helmet,West,Direct,94,486.9,50345.46,19994.37
2022-05-28,Home & Garden,Office Chair,East,Retail,95,20.26,1924.7,753.78
2022-05-28,Clothing,Dress,North,Direct,11,96.17,1269.44,265.72
2022-05-28,Electronics,Smartwatch,Central,Retail,79,241.43,19072.97,4555.23
2022-05-28,Beauty,Face Serum,South,Retail,12,153.38,1748.53,553.67
2022-05-28,Home & Garden,Lamp,West,Wholesale,87,85.31,8164.17,3311.67
2022-05-28,Sports,Tennis Racket,West,Direct,56,97.67,6016.47,2259.31
2022-05-28,Home & Garden,Bedding Set,South,Direct,71,417.64,28169.82,8900.76
2022-05-28,Clothing,Jeans,West,Direct,58,416.44,26568.87,10168.81
2022-05-28,Electronics,Smartphone,West,Retail,69,484.27,36756.09,9962.08
2022-05-28,Clothing,Jacket,North,Retail,83,354.67,35325.13,11587.15
2022-05-28,Home & Garden,Garden Tools,West,Retail,70,260.64,20069.28,6466.02
2022-05-28,Beauty,Skin Care Kit,West,Direct,98,35.09,3782.7,735.13
2022-05-29,Sports,Yoga Mat,West,Retail,79,150.4,13069.76,4437.36
2022-05-29,Home & Garden,Lamp,South,Direct,56,497.89,26487.75,11727.0
2022-05-29,Clothing,Jacket,South,Retail,19,36.98,667.49,170.01
2022-05-29,Clothing,Jeans,South,Wholesale,10,115.44,1096.68,286.78
2022-05-29,Sports,Dumbbell Set,South,Wholesale,42,362.4,14459.76,4351.12
2022-05-29,Home & Garden,Office Chair,North,Wholesale,12,107.85,1553.04,631.85
2022-05-29,Clothing,Jeans,North,Wholesale,67,306.76,24663.5,6493.35
2022-05-29,Sports,Dumbbell Set,West,Wholesale,58,467.19,29806.72,5458.0
2022-05-29,Home & Garden,Garden Tools,East,Direct,30,121.67,3650.1,1333.27
2022-05-29,Sports,Tennis Racket,West,Wholesale,10,101.58,1117.38,169.92
2022-05-29,Home & Garden,Garden Tools,North,Direct,66,82.43,6528.46,1428.16
2022-05-29,Electronics,Headphones,West,Direct,24,410.49,10836.94,1799.42
2022-05-29,Home & Garden,Cookware Set,Central,Direct,24,346.33,8311.92,2423.25
2022-05-29,Beauty,Skin Care Kit,East,Retail,95,143.47,13629.65,4100.67
2022-05-29,Beauty,Face Serum,South,Wholesale,29,446.93,12312.92,2087.36
2022-05-29,Sports,Bike Helmet,East,Retail,47,16.62,781.14,132.35
2022-05-29,Beauty,Hair Dryer,Central,Retail,88,413.51,36388.88,10291.26
2022-05-29,Clothing,T-Shirt,West,Retail,27,462.84,13746.35,5077.23
2022-05-30,Clothing,Jeans,East,Retail,53,32.4,1717.2,702.72
2022-05-30,Clothing,Jacket,South,Wholesale,52,28.8,1422.72,636.13
2022-05-30,Electronics,Tablet,West,Retail,72,296.74,23501.81,4338.97
2022-05-30,Sports,Bike Helmet,East,Retail,39,316.46,12341.94,3837.61
2022-05-30,Electronics,Tablet,West,Direct,27,462.95,13749.62,2168.68
2022-05-30,Sports,Yoga Mat,West,Wholesale,46,176.48,8929.89,1398.88
2022-05-30,Clothing,Dress,West,Retail,24,194.73,5140.87,1643.38
2022-05-30,Home & Garden,Bedding Set,West,Wholesale,18,300.48,5949.5,1380.47
2022-05-30,Home & Garden,Office Chair,Central,Retail,32,476.3,15241.6,4014.74
2022-05-30,Electronics,Headphones,East,Wholesale,80,482.52,38601.6,8414.21
2022-05-30,Home & Garden,Garden Tools,South,Direct,63,497.43,29771.19,12590.83
2022-05-30,Electronics,Headphones,West,Retail,33,120.64,4379.23,1698.23
2022-05-31,Clothing,Jacket,South,Retail,28,54.76,1456.62,569.55
2022-05-31,Clothing,Jacket,East,Direct,83,461.12,38272.96,15611.4
2022-05-31,Electronics,Headphones,East,Wholesale,46,341.14,15692.44,5167.38
2022-05-31,Home & Garden,Garden Tools,North,Wholesale,75,206.68,18601.2,7492.38
2022-05-31,Home & Garden,Bedding Set,East,Retail,81,163.62,13253.22,2006.93
2022-05-31,Home & Garden,Office Chair,West,Retail,94,485.86,50237.92,20959.54
2022-05-31,Home & Garden,Office Chair,Central,Wholesale,83,237.0,19671.0,4263.66
2022-05-31,Home & Garden,Cookware Set,South,Wholesale,83,205.64,16214.71,3489.88
2022-05-31,Beauty,Face Serum,East,Retail,66,411.5,27159.0,9809.74
2022-05-31,Beauty,Hair Dryer,East,Wholesale,1,181.73,181.73,47.15
2022-05-31,Clothing,Dress,West,Retail,63,65.25,4521.83,2002.1
2022-06-01,Electronics,Headphones,West,Retail,10,450.64,4957.04,1222.57
2022-06-01,Clothing,Jeans,East,Retail,94,479.53,45075.82,15489.53
2022-06-01,Clothing,Jeans,Central,Retail,6,115.36,692.16,281.69
2022-06-01,Sports,Running Shoes,Central,Retail,63,234.3,14760.9,2712.28
2022-06-01,Sports,Yoga Mat,East,Direct,66,441.56,29142.96,7729.97
2022-06-01,Electronics,Smartwatch,West,Direct,86,208.87,19759.1,7279.33
2022-06-01,Electronics,Headphones,North,Direct,69,15.62,1293.34,314.74
2022-06-01,Clothing,Sneakers,Central,Retail,29,188.41,5463.89,2401.47
2022-06-01,Sports,Bike Helmet,West,Retail,98,143.07,15422.95,6480.79
2022-06-01,Electronics,Smartphone,North,Wholesale,31,378.67,14086.52,5225.03
2022-06-01,Beauty,Hair Dryer,North,Direct,79,346.82,32878.54,7671.47
2022-06-01,Home & Garden,Cookware Set,East,Wholesale,22,50.09,1101.98,281.5
2022-06-01,Home & Garden,Garden Tools,North,Wholesale,33,117.36,4647.46,1000.77
2022-06-01,Clothing,Jeans,East,Wholesale,84,365.02,30661.68,8004.52
2022-06-02,Sports,Dumbbell Set,North,Wholesale,61,330.5,24192.6,10808.83
2022-06-02,Home & Garden,Office Chair,Central,Retail,97,273.56,26535.32,11207.44
2022-06-02,Clothing,Jeans,West,Retail,8,59.27,521.58,126.82
2022-06-02,Home & Garden,Lamp,North,Retail,23,200.51,5534.08,2261.19
2022-06-02,Electronics,Headphones,Central,Retail,43,305.31,13128.33,5428.03
2022-06-02,Clothing,Sneakers,East,Direct,41,44.52,1825.32,605.74
2022-06-02,Sports,Tennis Racket,South,Wholesale,10,110.23,1047.18,413.82
2022-06-02,Electronics,Laptop,West,Retail,19,310.34,6486.11,2754.59
2022-06-02,Home & Garden,Garden Tools,East,Wholesale,22,437.26,9619.72,1989.24
2022-06-02,Sports,Dumbbell Set,East,Retail,10,499.7,4997.0,763.42
2022-06-02,Sports,Yoga Mat,Central,Wholesale,68,175.17,11911.56,4458.95
2022-06-02,Home & Garden,Lamp,East,Retail,32,16.71,534.72,191.93
2022-06-02,Clothing,Jacket,West,Retail,32,221.31,7790.11,
2022-06-03,Electronics,Smartphone,West,Retail,95,256.75,26830.38,8066.64
2022-06-03,Beauty,Hair Dryer,North,Wholesale,81,376.75,36620.1,12138.14
2022-06-03,Sports,Bike Helmet,West,Direct,93,475.23,48616.03,16672.56
2022-06-03,Home & Garden,Cookware Set,West,Retail,48,205.23,10836.14,3985.44
2022-06-03,Clothing,T-Shirt,West,Direct,30,116.38,3840.54,
2022-06-03,Clothing,Dress,North,Retail,51,87.29,5342.15,1319.57
2022-06-03,Sports,Running Shoes,Central,Direct,54,415.42,22432.68,9172.71
2022-06-03,Clothing,Jacket,West,Direct,41,449.64,20278.76,8004.91
2022-06-03,Clothing,Sneakers,North,Retail,27,128.84,4174.42,1547.84
2022-06-03,Clothing,Jeans,Central,Retail,28,389.06,10893.68,4592.06
2022-06-03,Electronics,Smartphone,North,Wholesale,7,363.98,3057.43,942.09
2022-06-03,Beauty,Hair Dryer,East,Retail,36,42.29,1522.44,582.49
2022-06-03,Sports,Running Shoes,North,Retail,41,330.49,16260.11,3496.15
2022-06-03,Beauty,Hair Dryer,Central,Retail,1,111.73,111.73,39.71
2022-06-03,Electronics,Tablet,West,Direct,9,401.04,3970.3,1292.01
2022-06-04,Electronics,Headphones,East,Retail,53,162.61,8618.33,2166.31
2022-06-04,Clothing,Sneakers,South,Retail,98,221.92,20660.75,6975.59
2022-06-04,Electronics,Smartwatch,West,Wholesale,51,477.34,26778.77,8701.96
2022-06-04,Sports,Tennis Racket,East,Retail,93,142.62,13263.66,4729.67
2022-06-04,Sports,Yoga Mat,West,Retail,92,130.27,13183.32,5827.78
2022-06-04,Home & Garden,Office Chair,North,Direct,32,226.1,8682.24,1875.48
2022-06-04,Home & Garden,Bedding Set,North,Direct,98,69.05,8120.28,3318.68
2022-06-04,Home & Garden,Lamp,Central,Wholesale,42,99.82,4192.44,1759.17
2022-06-04,Electronics,Headphones,North,Retail,50,43.01,2580.6,478.28
2022-06-04,Beauty,Face Serum,North,Direct,10,114.12,1369.44,327.57
2022-06-04,Home & Garden,Garden Tools,East,Wholesale,79,208.55,16475.45,3368.75
2022-06-05,Sports,Tennis Racket,North,Retail,42,488.82,24636.53,9108.98
2022-06-05,Sports,Tennis Racket,West,Direct,23,95.57,2417.92,738.87
2022-06-05,Home & Garden,Garden Tools,Central,Wholesale,85,492.2,41837.0,6731.99
2022-06-05,Clothing,Jacket,North,Retail,9,494.34,5338.87,2215.55
2022-06-05,Sports,Yoga Mat,North,Direct,61,87.27,6388.16,1713.56
2022-06-05,Beauty,Skin Care Kit,West,Direct,28,127.18,3917.14,1382.13
2022-06-05,Home & Garden,Office Chair,North,Wholesale,81,335.47,32607.68,6124.22
2022-06-05,Electronics,Laptop,East,Direct,92,349.55,32158.6,7590.76
2022-06-05,Electronics,Smartphone,South,Wholesale,85,437.52,35329.74,5703.15
2022-06-05,Home & Garden,Cookware Set,East,Retail,60,412.44,24746.4,5729.16
2022-06-05,Sports,Yoga Mat,Central,Retail,44,360.25,15851.0,4327.87
2022-06-05,Sports,Yoga Mat,South,Wholesale,58,64.69,3564.42,1558.75
2022-06-05,Sports,Yoga Mat,North,Direct,23,59.78,1649.93,302.35
2022-06-06,Electronics,Laptop,North,Retail,32,107.69,4135.3,645.58
2022-06-06,Sports,Yoga Mat,East,Direct,55,163.14,8972.7,2032.02
2022-06-06,Clothing,Dress,North,Retail,69,21.29,1762.81,535.05
2022-06-06,Beauty,Skin Care Kit,West,Direct,71,382.82,29898.24,10971.54
2022-06-06,Sports,Bike Helmet,North,Retail,50,124.6,7476.0,2005.07
2022-06-06,Clothing,Dress,East,Direct,49,379.1,18575.9,8132.14
2022-06-06,Sports,Running Shoes,South,Direct,26,108.51,2680.2,820.39
2022-06-06,Electronics,Tablet,Central,Direct,66,255.06,16833.96,4816.67
2022-06-06,Sports,Tennis Racket,Central,Retail,76,30.42,2311.92,479.05
2022-06-06,Clothing,Jacket,West,Direct,77,260.89,22097.38,4218.82
2022-06-06,Electronics,Headphones,East,Direct,33,492.01,16236.33,6313.01
2022-06-06,Sports,Tennis Racket,East,Direct,38,117.26,4455.88,1222.93
2022-06-06,Clothing,T-Shirt,West,Direct,9,116.3,1151.37,229.03
2022-06-06,Sports,Tennis Racket,North,Retail,22,21.72,573.41,163.94
2022-06-06,Electronics,Tablet,East,Wholesale,42,465.18,19537.56,5608.75
2022-06-06,Clothing,Sneakers,Central,Wholesale,72,21.38,1539.36,336.29
2022-06-07,Sports,Yoga Mat,South,Wholesale,15,236.11,3364.57,623.25
2022-06-07,Beauty,Skin Care Kit,East,Retail,99,312.84,30971.16,10194.9
2022-06-07,Clothing,Jeans,East,Direct,50,475.24,23762.0,3795.16
2022-06-07,Electronics,Laptop,East,Direct,20,196.2,3924.0,1511.4
2022-06-07,Electronics,Headphones,Central,Retail,4,401.52,1606.08,676.94
2022-06-07,Sports,Running Shoes,Central,Direct,30,273.04,8191.2,3490.68
2022-06-07,Sports,Bike Helmet,East,Retail,22,88.41,1945.02,501.05
2022-06-07,Beauty,Makeup Palette,South,Direct,56,129.74,6902.17,2419.3
2022-06-07,Sports,Yoga Mat,West,Wholesale,2,155.2,341.44,
2022-06-07,Sports,Tennis Racket,Central,Wholesale,71,445.23,31611.33,11834.69
2022-06-07,Clothing,Dress,East,Wholesale,54,332.91,17977.14,5331.55
2022-06-07,Clothing,T-Shirt,North,Direct,15,293.79,5288.22,1245.02
2022-06-07,Beauty,Makeup Palette,West,Retail,88,222.03,21492.5,6961.41
2022-06-07,Electronics,Tablet,East,Wholesale,4,309.19,1236.76,450.32
2022-06-07,Beauty,Fragrance,North,Wholesale,60,425.84,30660.48,4618.8
2022-06-07,Clothing,Dress,West,Retail,26,75.56,2161.02,778.51
2022-06-07,Sports,Yoga Mat,South,Retail,58,241.03,13280.75,4986.35
2022-06-07,Beauty,Face Serum,East,Wholesale,8,275.18,2201.44,636.46
2022-06-07,Electronics,Headphones,North,Direct,31,416.28,15485.62,3941.33
2022-06-07,Electronics,Tablet,East,Direct,27,68.54,1850.58,748.78
2022-06-07,Clothing,Dress,South,Retail,76,92.53,6680.67,1251.29
2022-06-07,Beauty,Skin Care Kit,West,Wholesale,65,56.42,4034.03,1546.88
2022-06-07,Home & Garden,Cookware Set,East,Direct,20,245.14,4902.8,1848.74
2022-06-07,Clothing,Sneakers,East,Retail,72,140.21,10095.12,3610.23
2022-06-07,Electronics,Smartphone,West,Direct,95,98.09,10250.41,2549.57
2022-06-08,Beauty,Makeup Palette,North,Retail,43,76.96,3971.14,1154.72
2022-06-08,Clothing,Sneakers,South,Wholesale,71,82.56,5568.67,1127.64
2022-06-08,Electronics,Headphones,West,Direct,47,265.85,13744.45,3499.71
2022-06-08,Sports,Running Shoes,West,Wholesale,1,423.92,466.31,185.34
2022-06-08,Clothing,T-Shirt,South,Retail,41,54.79,2134.07,735.87
2022-06-08,Beauty,Skin Care Kit,Central,Retail,25,459.82,11495.5,4471.26
2022-06-08,Clothing,Sneakers,East,Retail,56,469.94,26316.64,8807.27
2022-06-08,Clothing,Dress,South,Direct,89,301.23,25469.0,10306.42
2022-06-08,Clothing,Dress,Central,Direct,8,334.95,2679.6,420.02
2022-06-08,Sports,Bike Helmet,North,Retail,88,481.23,50817.89,9964.88
2022-06-08,Sports,Running Shoes,West,Retail,35,107.0,4119.5,1728.2
2022-06-08,Clothing,Jacket,South,Retail,22,107.71,2251.14,488.22
2022-06-08,Home & Garden,Bedding Set,Central,Wholesale,21,312.77,6568.17,2145.6
2022-06-08,Beauty,Face Serum,South,Retail,43,90.33,3689.98,956.77
2022-06-08,Sports,Dumbbell Set,South,Direct,51,20.86,1010.67,255.97
2022-06-08,Electronics,Smartwatch,West,Retail,5,118.25,650.38,143.21
2022-06-08,Beauty,Skin Care Kit,Central,Wholesale,77,380.58,29304.66,6106.11
2022-06-08,Beauty,Hair Dryer,Central,Wholesale,75,104.24,7818.0,3439.16
2022-06-08,Beauty,Face Serum,Central,Wholesale,46,197.46,9083.16,2163.93
2022-06-08,Home & Garden,Garden Tools,South,Retail,29,273.36,7531.07,2186.75
2022-06-09,Beauty,Face Serum,North,Retail,51,76.13,4659.16,766.45
2022-06-09,Sports,Tennis Racket,East,Wholesale,65,437.38,28429.7,4811.06
2022-06-09,Sports,Yoga Mat,North,Wholesale,81,381.26,37058.47,15387.86
2022-06-09,Home & Garden,Bedding Set,South,Retail,80,272.16,20684.16,4186.9
2022-06-09,Beauty,Makeup Palette,Central,Direct,80,324.34,25947.2,5558.89
2022-06-09,Beauty,Hair Dryer,South,Retail,58,288.89,15917.84,6275.87
2022-06-09,Sports,Running Shoes,North,Direct,32,43.4,1666.56,303.47
2022-06-09,Home & Garden,Cookware Set,Central,Wholesale,98,119.14,11675.72,2644.41
2022-06-09,Clothing,Jeans,Central,Direct,46,318.86,14667.56,2893.98
2022-06-10,Beauty,Skin Care Kit,South,Retail,81,113.4,8726.13,3037.81
2022-06-10,Beauty,Hair Dryer,Central,Wholesale,65,159.96,10397.4,2268.66
2022-06-10,Electronics,Laptop,West,Wholesale,63,234.65,16261.25,
2022-06-10,Electronics,Laptop,West,Retail,66,271.95,19743.57,5259.12
2022-06-10,Home & Garden,Office Chair,East,Wholesale,77,327.97,25253.69,6063.32
2022-06-10,Sports,Running Shoes,Central,Direct,86,275.43,23686.98,7605.81
2022-06-10,Home & Garden,Garden Tools,West,Wholesale,73,50.18,4029.45,664.42
2022-06-10,Home & Garden,Office Chair,South,Direct,6,285.63,1628.09,278.19
2022-06-10,Clothing,Jeans,South,Wholesale,59,170.57,9560.45,3113.33
2022-06-10,Beauty,Face Serum,North,Direct,24,409.1,11782.08,4386.34
2022-06-10,Clothing,Jacket,Central,Wholesale,87,273.63,23805.81,10047.47
2022-06-10,Beauty,Skin Care Kit,West,Direct,83,272.99,24923.99,10033.58
2022-06-10,Home & Garden,Garden Tools,Central,Wholesale,96,478.54,45939.84,12884.89
2022-06-10,Beauty,Makeup Palette,Central,Retail,1,322.96,322.96,59.39
2022-06-11,Electronics,Laptop,Central,Retail,10,243.65,2436.5,799.6
2022-06-11,Beauty,Face Serum,Central,Direct,75,492.36,36927.0,15358.55
2022-06-11,Electronics,Headphones,Central,Direct,70,16.1,1127.0,301.5
2022-06-11,Sports,Bike Helmet,South,Retail,89,312.45,26417.65,4681.04
2022-06-11,Clothing,Jacket,West,Wholesale,51,278.3,15612.63,2904.88
2022-06-11,Clothing,T-Shirt,South,Wholesale,22,187.35,3915.61,837.87
2022-06-11,Sports,Yoga Mat,Central,Wholesale,69,305.54,21082.26,7226.72
2022-06-11,Beauty,Hair Dryer,East,Wholesale,6,76.4,458.4,160.08
2022-06-11,Clothing,Dress,West,Direct,88,233.92,22643.46,7055.31
2022-06-11,Clothing,Dress,West,Direct,88,233.92,22643.46,7055.31
2022-06-12,Beauty,Face Serum,West,Retail,9,32.02,317.0,128.58
2022-06-12,Electronics,Tablet,East,Direct,73,187.73,13704.29,3252.93
2022-06-12,Electronics,Headphones,North,Direct,18,18.9,408.24,81.9
2022-06-12,Beauty,Fragrance,West,Direct,63,99.04,6863.47,1087.53
2022-06-12,Sports,Yoga Mat,East,Retail,59,401.37,23680.83,8327.85
2022-06-12,Home & Garden,Cookware Set,East,Retail,4,64.89,259.56,95.17
2022-06-12,Sports,Running Shoes,North,Direct,57,386.68,26448.91,8785.8
2022-06-12,Electronics,Tablet,East,Retail,73,266.61,19462.53,4029.6
2022-06-12,Sports,Dumbbell Set,North,Direct,17,21.87,446.15,127.19
2022-06-12,Electronics,Tablet,Central,Retail,1,135.11,135.11,38.0
2022-06-12,Home & Garden,Cookware Set,North,Wholesale,78,452.47,42351.19,14983.76
2022-06-12,Home & Garden,Bedding Set,North,Wholesale,47,349.98,19738.87,3484.03
2022-06-12,Clothing,T-Shirt,South,Retail,63,348.74,20872.09,8336.72
2022-06-12,Beauty,Face Serum,Central,Retail,89,46.77,4162.53,633.35
2022-06-12,Electronics,Laptop,West,Retail,85,340.46,31833.01,12802.61
2022-06-13,Sports,Running Shoes,South,Retail,38,158.59,5725.1,2236.8
2022-06-13,Home & Garden,Lamp,South,Direct,77,177.41,12977.54,4409.89
2022-06-13,Beauty,Face Serum,North,Wholesale,87,497.65,51954.66,20517.95
2022-06-13,Clothing,Jeans,Central,Retail,1,422.51,422.51,117.84
2022-06-13,Beauty,Fragrance,Central,Direct,61,287.27,17523.47,6711.85
2022-06-13,Clothing,Jacket,North,Retail,44,119.92,6331.78,1862.27
2022-06-13,Beauty,Skin Care Kit,North,Retail,80,496.86,47698.56,13209.31
2022-06-13,Sports,Tennis Racket,North,Direct,71,312.12,26592.62,
2022-06-13,Clothing,Dress,South,Retail,9,146.89,1255.91,251.0
2022-06-13,Clothing,Jeans,West,Direct,50,70.24,3863.2,880.42
2022-06-13,Clothing,Jeans,North,Retail,77,315.06,29111.54,8311.28
2022-06-13,Sports,Dumbbell Set,East,Wholesale,67,45.14,3024.38,797.01
2022-06-13,Electronics,Laptop,Central,Wholesale,47,297.0,13959.0,5326.07
2022-06-13,Beauty,Skin Care Kit,South,Retail,93,62.66,5536.01,1419.31
2022-06-13,Electronics,Headphones,Central,Retail,93,283.57,26372.01,5718.49
2022-06-13,Clothing,T-Shirt,West,Direct,66,131.11,9518.59,4071.58
2022-06-13,Electronics,Smartwatch,East,Wholesale,72,49.84,3588.48,1542.84
2022-06-13,Electronics,Smartphone,North,Retail,60,138.74,9989.28,2820.06
2022-06-13,Beauty,Makeup Palette,North,Direct,28,437.43,14697.65,2310.63
2022-06-14,Sports,Yoga Mat,North,Retail,21,188.74,4756.25,1506.22
2022-06-14,Sports,Running Shoes,South,Direct,51,140.85,6824.18,1537.45
2022-06-14,Home & Garden,Lamp,Central,Wholesale,55,271.56,14935.8,2500.85
2022-06-14,Electronics,Smartphone,North,Direct,70,67.76,5691.84,956.17
2022-06-14,Electronics,Smartphone,East,Retail,10,94.17,941.7,236.85
2022-06-14,Sports,Tennis Racket,South,Direct,9,183.29,1567.13,521.64
2022-06-14,Sports,Yoga Mat,Central,Retail,90,486.3,43767.0,11913.15
2022-06-14,Beauty,Fragrance,East,Retail,67,156.7,10498.9,2380.68
2022-06-14,Home & Garden,Cookware Set,West,Retail,47,469.04,24249.37,7412.2
2022-06-14,Beauty,Face Serum,South,Retail,65,15.1,932.42,331.63
2022-06-14,Home & Garden,Cookware Set,Central,Wholesale,58,209.99,12179.42,4576.07
2022-06-14,Electronics,Headphones,North,Direct,27,439.38,14235.91,2296.43
2022-06-14,Electronics,Smartphone,South,Retail,14,144.49,1921.72,406.38
2022-06-14,Sports,Running Shoes,East,Retail,43,56.48,2428.64,990.26
2022-06-14,Home & Garden,Cookware Set,East,Wholesale,14,238.09,3333.26,1080.51
2022-06-15,Beauty,Makeup Palette,West,Retail,76,435.72,36426.19,5872.72
2022-06-15,Home & Garden,Bedding Set,West,Wholesale,87,150.18,14372.23,3023.31
2022-06-15,Beauty,Makeup Palette,North,Retail,24,289.81,8346.53,2354.08
2022-06-15,Clothing,Jacket,North,Direct,1,180.44,216.53,45.26
2022-06-15,Beauty,Skin Care Kit,North,Retail,7,425.73,3576.13,1240.37
2022-06-15,Sports,Dumbbell Set,South,Wholesale,6,120.83,688.73,274.21
2022-06-15,Home & Garden,Bedding Set,South,Direct,65,63.73,3935.33,1023.68
2022-06-15,Clothing,T-Shirt,East,Direct,70,177.59,12431.3,3519.11
2022-06-15,Home & Garden,Office Chair,Central,Wholesale,26,104.65,2720.9,1134.38
2022-06-15,Home & Garden,Garden Tools,South,Retail,28,181.06,4816.2,1325.27
2022-06-15,Home & Garden,Office Chair,Central,Retail,30,86.43,2592.9,1026.02
2022-06-15,Clothing,Dress,North,Retail,69,217.81,18034.67,5517.58
2022-06-15,Home & Garden,Bedding Set,West,Wholesale,10,88.2,970.2,168.44
2022-06-15,Electronics,Smartphone,Central,Wholesale,84,202.37,16999.08,3245.39
2022-06-16,Beauty,Makeup Palette,Central,Retail,96,85.73,8230.08,3530.41
2022-06-16,Electronics,Smartphone,Central,Direct,94,291.88,27436.72,11073.02
2022-06-16,Electronics,Smartwatch,Central,Retail,42,63.65,2673.3,454.25
2022-06-16,Clothing,Dress,South,Wholesale,97,390.12,35949.56,7471.2
2022-06-16,Home & Garden,Office Chair,East,Retail,48,88.3,4238.4,946.7
2022-06-16,Clothing,Jacket,Central,Retail,81,415.84,33683.04,5940.15
2022-06-16,Clothing,T-Shirt,Central,Direct,67,254.39,17044.13,5949.56
2022-06-16,Clothing,Jeans,West,Wholesale,97,100.63,10737.22,2933.03
2022-06-16,Sports,Tennis Racket,North,Retail,45,193.74,10461.96,4647.27
2022-06-16,Clothing,Jacket,North,Retail,27,99.42,3221.21,700.26
2022-06-16,Electronics,Laptop,Central,Wholesale,52,309.1,16073.2,6812.47
2022-06-16,Electronics,Tablet,South,Wholesale,59,384.2,21534.41,7467.56
2022-06-16,Electronics,Laptop,South,Retail,27,93.41,2395.97,859.12
2022-06-17,Clothing,Dress,Central,Wholesale,96,362.0,34752.0,13321.75
2022-06-17,Electronics,Tablet,East,Retail,60,440.38,26422.8,5037.49
2022-06-17,Clothing,Jeans,Central,Wholesale,85,327.41,27829.85,8444.36
2022-06-17,Clothing,T-Shirt,North,Direct,9,78.56,848.45,153.29
2022-06-17,Electronics,Smartphone,West,Wholesale,33,306.25,11116.88,4172.86
2022-06-17,Electronics,Smartphone,South,Wholesale,40,250.47,9517.86,1771.8
2022-06-17,Clothing,Dress,North,Direct,22,91.42,2413.49,918.92
2022-06-17,Home & Garden,Lamp,North,Retail,59,223.85,15848.58,4638.67
2022-06-17,Home & Garden,Lamp,West,Retail,19,476.42,9957.18,2794.75
2022-06-17,Beauty,Skin Care Kit,South,Wholesale,63,298.12,17842.48,4344.17
2022-06-17,Sports,Running Shoes,South,Direct,12,47.59,542.53,224.89
2022-06-17,Clothing,Dress,Central,Direct,32,449.4,14380.8,6117.11
2022-06-17,Clothing,Sneakers,East,Retail,67,66.46,4452.82,1213.62
2022-06-17,Sports,Yoga Mat,West,Direct,21,253.95,5866.24,1750.75
2022-06-17,Beauty,Makeup Palette,East,Direct,91,145.27,13219.57,4087.93
2022-06-17,Electronics,Headphones,Central,Direct,20,466.45,9329.0,2179.88
2022-06-17,Home & Garden,Bedding Set,North,Wholesale,44,314.37,16598.74,5444.26
2022-06-18,Clothing,Sneakers,Central,Wholesale,47,270.12,12695.64,5383.54
2022-06-18,Home & Garden,Lamp,Central,Wholesale,48,354.03,16993.44,2782.39
2022-06-18,Home & Garden,Garden Tools,West,Retail,58,379.31,24199.98,9886.66
2022-06-18,Sports,Running Shoes,Central,Wholesale,90,100.14,9012.6,3701.95
2022-06-18,Clothing,Sneakers,Central,Wholesale,74,467.92,34626.08,8727.71
2022-06-18,Beauty,Face Serum,North,Retail,15,457.8,8240.4,2716.86
2022-06-18,Sports,Bike Helmet,Central,Retail,16,484.67,7754.72,1411.22
2022-06-18,Beauty,Makeup Palette,West,Retail,97,405.72,43290.32,
2022-06-18,Home & Garden,Office Chair,West,Direct,40,21.94,965.36,191.12
2022-06-18,Beauty,Fragrance,South,Direct,62,219.47,12926.78,4927.46
2022-06-18,Beauty,Face Serum,South,Direct,81,258.88,19920.82,8290.63
2022-06-18,Electronics,Laptop,North,Retail,1,449.58,539.5,121.07
2022-06-18,Home & Garden,Garden Tools,South,Direct,74,182.73,12845.92,4224.21
2022-06-18,Clothing,Dress,Central,Retail,94,102.66,9650.04,1496.97
2022-06-18,Electronics,Smartphone,West,Direct,81,326.91,29127.68,8278.92
2022-06-18,Beauty,Makeup Palette,East,Wholesale,11,142.34,1565.74,379.91
2022-06-18,Sports,Tennis Racket,West,Wholesale,99,389.67,42435.06,15548.45
2022-06-18,Sports,Yoga Mat,South,Wholesale,83,463.59,36554.07,15873.03
2022-06-18,Electronics,Tablet,South,Direct,40,89.11,3386.18,1209.95
2022-06-19,Sports,Yoga Mat,West,Wholesale,44,337.75,16347.1,6366.26
2022-06-19,Electronics,Laptop,South,Retail,65,425.93,26301.18,10666.74
2022-06-19,Clothing,Jeans,North,Direct,44,491.97,25976.02,8778.68
2022-06-19,Sports,Dumbbell Set,North,Wholesale,67,455.88,36652.75,15130.32
2022-06-19,Home & Garden,Lamp,East,Retail,79,445.88,35224.52,11241.66
2022-06-19,Electronics,Tablet,Central,Direct,64,340.43,21787.52,7127.33
2022-06-19,Sports,Dumbbell Set,East,Wholesale,58,289.43,16786.94,7541.2
2022-06-19,Electronics,Headphones,North,Retail,44,16.43,867.5,172.17
2022-06-19,Clothing,Dress,East,Wholesale,39,57.03,2224.17,538.35
2022-06-19,Clothing,Dress,East,Wholesale,63,245.81,15486.03,6853.9
2022-06-19,Beauty,Skin Care Kit,North,Direct,38,18.83,858.65,226.53
2022-06-19,Home & Garden,Lamp,Central,Retail,18,241.9,4354.2,1757.76
2022-06-19,Clothing,Jeans,West,Wholesale,65,233.62,16703.83,4061.07
2022-06-19,Beauty,Makeup Palette,South,Wholesale,58,113.26,6240.63,1318.71
2022-06-19,Home & Garden,Garden Tools,South,Wholesale,19,24.51,442.41,107.61
2022-06-19,Sports,Running Shoes,North,Retail,40,127.58,6123.84,2565.69
2022-06-19,Clothing,Dress,East,Direct,42,104.3,4380.6,808.77
2022-06-20,Electronics,Laptop,North,Wholesale,50,224.73,13483.8,3720.13
2022-06-20,Clothing,Jeans,West,Direct,65,407.61,29144.12,10206.74
2022-06-20,Electronics,Smartphone,South,Wholesale,71,279.82,18873.86,4169.92
2022-06-20,Clothing,Jeans,Central,Direct,22,356.02,7832.44,1228.05
2022-06-20,Clothing,Sneakers,East,Wholesale,74,24.3,1798.2,805.82
2022-06-20,Home & Garden,Bedding Set,East,Wholesale,55,362.38,19930.9,7548.81
2022-06-20,Beauty,Hair Dryer,West,Direct,95,275.32,28770.94,11990.05
2022-06-20,Sports,Yoga Mat,South,Wholesale,49,47.3,2201.81,671.38
2022-06-20,Home & Garden,Garden Tools,South,Wholesale,32,469.03,14258.51,4849.72
2022-06-20,Clothing,Sneakers,South,Wholesale,83,317.6,25042.76,4188.07
2022-06-20,Home & Garden,Bedding Set,East,Wholesale,97,472.61,45843.17,10062.24
2022-06-20,Sports,Bike Helmet,South,Direct,67,262.68,16719.58,7019.66
2022-06-20,Sports,Tennis Racket,North,Retail,74,285.17,25323.1,5603.97
2022-06-21,Sports,Bike Helmet,West,Retail,54,357.97,21263.42,6020.85
2022-06-21,Clothing,Jacket,South,Direct,13,400.49,4946.05,1974.14
2022-06-21,Beauty,Fragrance,East,Retail,71,240.42,17069.82,4727.99
2022-06-21,Beauty,Hair Dryer,West,Wholesale,73,28.77,2310.23,812.98
2022-06-21,Beauty,Hair Dryer,Central,Direct,96,237.24,22775.04,10063.01
2022-06-21,Clothing,T-Shirt,South,Wholesale,49,339.03,15781.85,3415.73
2022-06-21,Electronics,Tablet,West,Retail,26,360.06,10297.72,2421.11
2022-06-21,Clothing,Dress,West,Direct,82,292.02,26340.2,10494.35
2022-06-21,Home & Garden,Lamp,West,Retail,68,42.81,3202.19,700.35
2022-06-21,Home & Garden,Office Chair,Central,Wholesale,85,177.41,15079.85,4636.21
2022-06-21,Clothing,Sneakers,East,Direct,64,29.65,1897.6,290.96
2022-06-21,Beauty,Makeup Palette,South,Wholesale,36,446.67,15276.11,4483.36
2022-06-22,Clothing,Dress,Central,Retail,47,405.77,19071.19,8345.51
2022-06-22,Home & Garden,Office Chair,North,Wholesale,77,420.1,38817.24,13779.48
2022-06-22,Sports,Yoga Mat,Central,Direct,38,160.48,6098.24,1998.8
2022-06-22,Clothing,Dress,North,Retail,24,102.63,2955.74,1064.44
2022-06-22,Home & Garden,Lamp,Central,Direct,98,168.1,16473.8,3686.3
2022-06-22,Home & Garden,Cookware Set,West,Retail,95,208.56,21794.52,9193.76
2022-06-22,Clothing,Jeans,South,Direct,23,364.51,7964.54,1413.46
2022-06-22,Beauty,Hair Dryer,South,Retail,40,81.85,3110.3,
2022-06-22,Clothing,Sneakers,West,Wholesale,36,143.06,5665.18,1693.07
2022-06-22,Sports,Dumbbell Set,Central,Wholesale,25,294.44,7361.0,1732.43
2022-06-22,Clothing,Jacket,South,Wholesale,89,377.7,31934.53,8290.6
2022-06-22,Sports,Yoga Mat,East,Retail,24,133.07,3193.68,1104.04
2022-06-22,Clothing,Sneakers,South,Wholesale,11,204.81,2140.26,699.29
2022-06-22,Sports,Running Shoes,East,Retail,74,239.41,17716.34,6870.28
2022-06-22,Beauty,Makeup Palette,West,Direct,5,432.2,2377.1,581.92
2022-06-22,Home & Garden,Garden Tools,West,Direct,52,147.03,8410.12,3542.19
2022-06-22,Clothing,Dress,North,Direct,66,172.62,13671.5,3612.15
2022-06-23,Home & Garden,Bedding Set,West,Retail,59,92.43,5998.71,2330.45
2022-06-23,Clothing,Sneakers,South,Retail,28,369.7,9834.02,3214.82
2022-06-23,Clothing,Jacket,Central,Direct,66,262.75,17341.5,3806.48
2022-06-23,Home & Garden,Office Chair,North,Wholesale,37,144.19,6402.04,1803.29
2022-06-23,Sports,Yoga Mat,South,Retail,70,205.68,13677.72,4901.24
2022-06-23,Sports,Tennis Racket,Central,Direct,54,110.13,5947.02,2104.78
2022-06-23,Electronics,Headphones,East,Direct,87,321.85,28000.95,9136.68
2022-06-23,Beauty,Makeup Palette,East,Direct,83,18.75,1556.25,522.97
2022-06-23,Beauty,Fragrance,East,Retail,9,120.5,1084.5,444.9
2022-06-23,Electronics,Headphones,North,Wholesale,55,16.25,1072.5,216.69
2022-06-23,Home & Garden,Cookware Set,West,Retail,78,335.21,28761.02,8986.34
2022-06-23,Beauty,Hair Dryer,North,Retail,38,128.01,5837.26,1368.63
2022-06-23,Sports,Dumbbell Set,South,Direct,4,104.45,396.91,
2022-06-23,Beauty,Face Serum,Central,Direct,41,389.99,15989.59,
2022-06-23,Electronics,Headphones,Central,Direct,53,416.88,22094.64,6783.69
2022-06-23,Home & Garden,Garden Tools,East,Wholesale,51,408.57,20837.07,4281.96
2022-06-23,Clothing,Jeans,East,Direct,52,376.77,19592.04,4109.74
2022-06-23,Beauty,Face Serum,Central,Direct,41,389.99,15989.59,
2022-06-24,Clothing,Sneakers,Central,Retail,53,287.3,15226.9,5904.32
2022-06-24,Clothing,Dress,West,Direct,86,185.66,17563.44,4216.25
2022-06-24,Sports,Dumbbell Set,Central,Wholesale,21,195.55,4106.55,1084.88
2022-06-24,Electronics,Headphones,Central,Retail,54,330.72,17858.88,6606.23
2022-06-24,Beauty,Skin Care Kit,North,Wholesale,79,10.1,957.48,408.62
2022-06-24,Home & Garden,Cookware Set,Central,Direct,18,380.7,6852.6,1865.17
2022-06-24,Beauty,Face Serum,West,Direct,85,265.81,24853.24,10472.67
2022-06-24,Home & Garden,Cookware Set,North,Direct,58,207.47,14439.91,6089.14
2022-06-24,Home & Garden,Bedding Set,North,Wholesale,32,108.19,4154.5,1647.04
2022-06-24,Home & Garden,Office Chair,South,Wholesale,56,397.04,21122.53,4638.71
2022-06-24,Electronics,Headphones,West,Retail,22,300.85,7280.57,2862.03
2022-06-24,Sports,Yoga Mat,South,Direct,66,89.14,5589.08,1297.69
2022-06-24,Beauty,Fragrance,Central,Wholesale,34,346.92,11795.28,5007.59
2022-06-24,Beauty,Hair Dryer,Central,Wholesale,3,380.1,1140.3,333.89
2022-06-24,Electronics,Smartphone,North,Retail,51,422.21,25839.25,9881.43
2022-06-24,Clothing,T-Shirt,North,Direct,64,341.48,26225.66,6888.86
2022-06-24,Clothing,Sneakers,South,Retail,21,279.9,5584.0,1583.74
2022-06-25,Beauty,Skin Care Kit,Central,Direct,28,360.75,10101.0,4437.16
2022-06-25,Sports,Tennis Racket,East,Retail,53,144.8,7674.4,1272.82
2022-06-25,Beauty,Fragrance,West,Wholesale,94,77.89,8053.83,3321.31
2022-06-25,Beauty,Face Serum,Central,Direct,35,431.7,15109.5,2625.69
2022-06-25,Clothing,Dress,Central,Wholesale,85,471.88,40109.8,6470.47
2022-06-25,Clothing,Dress,Central,Retail,81,474.51,38435.31,13979.9
2022-06-25,Electronics,Smartphone,East,Direct,61,160.47,9788.67,2084.07
2022-06-25,Sports,Running Shoes,North,Retail,7,430.68,3617.71,764.65
2022-06-25,Electronics,Tablet,South,Wholesale,2,444.74,845.01,252.18
2022-06-26,Beauty,Makeup Palette,West,Wholesale,64,24.45,1721.28,610.99
2022-06-26,Sports,Bike Helmet,South,Wholesale,59,10.41,583.48,113.34
2022-06-26,Home & Garden,Garden Tools,North,Retail,75,201.98,18178.2,5755.85
2022-06-26,Sports,Dumbbell Set,North,Retail,1,307.67,369.2,107.67
2022-06-26,Electronics,Headphones,South,Wholesale,95,440.59,39763.25,13188.72
2022-06-26,Clothing,T-Shirt,West,Direct,88,438.82,42477.78,9738.49
2022-06-26,Home & Garden,Office Chair,South,Wholesale,65,37.68,2326.74,864.8
2022-06-26,Electronics,Smartphone,West,Retail,2,228.96,503.71,206.31
2022-06-26,Beauty,Skin Care Kit,East,Retail,24,252.51,6060.24,1485.26
2022-06-26,Electronics,Laptop,Central,Wholesale,52,379.31,19724.12,5655.29
2022-06-26,Sports,Bike Helmet,West,Wholesale,31,474.65,16185.57,4093.66
2022-06-26,Home & Garden,Office Chair,West,Direct,42,485.85,22446.27,6490.09
2022-06-26,Electronics,Smartwatch,South,Wholesale,84,198.16,15813.17,6064.17
2022-06-27,Sports,Tennis Racket,West,Direct,82,273.32,24653.46,10496.17
2022-06-27,Sports,Yoga Mat,Central,Wholesale,55,73.15,4023.25,1371.45
2022-06-27,Sports,Yoga Mat,East,Direct,78,107.35,8373.3,2525.72
2022-06-27,Electronics,Tablet,East,Retail,83,191.4,15886.2,2650.06
2022-06-27,Clothing,Sneakers,South,Retail,45,478.99,20476.82,4590.49
2022-06-27,Sports,Bike Helmet,Central,Retail,85,468.91,39857.35,11041.6
2022-06-27,Home & Garden,Office Chair,Central,Wholesale,84,36.83,3093.72,486.2
2022-06-27,Home & Garden,Lamp,East,Retail,91,73.16,6657.56,1856.01
2022-06-27,Home & Garden,Lamp,East,Wholesale,59,369.19,21782.21,8990.69
2022-06-27,Electronics,Laptop,West,Wholesale,35,378.69,14579.57,4993.57
2022-06-27,Clothing,Dress,East,Wholesale,32,373.42,11949.44,4825.84
2022-06-27,Electronics,Smartphone,South,Retail,20,302.07,5739.33,2283.41
2022-06-27,Electronics,Laptop,Central,Direct,74,226.72,16777.28,3984.14
2022-06-27,Clothing,Dress,East,Wholesale,95,489.62,46513.9,13325.69
2022-06-27,Clothing,Dress,West,Wholesale,99,115.34,12560.53,5415.91
2022-06-27,Sports,Bike Helmet,South,Wholesale,71,14.18,956.44,325.07
2022-06-27,Sports,Tennis Racket,East,Retail,92,10.26,943.92,341.49
2022-06-27,Sports,Yoga Mat,East,Direct,62,456.48,28301.76,5604.96
2022-06-27,Home & Garden,Lamp,North,Retail,72,229.59,19836.58,4917.6
2022-06-27,Sports,Dumbbell Set,West,Wholesale,28,58.85,1812.58,546.04
2022-06-27,Beauty,Skin Care Kit,Central,Direct,29,179.74,5212.46,1370.46
2022-06-27,Beauty,Makeup Palette,Central,Retail,21,76.94,1615.74,468.34
2022-06-27,Sports,Yoga Mat,West,Retail,33,304.06,11037.38,4061.8
2022-06-28,Clothing,Sneakers,West,Direct,86,470.78,44535.79,15729.83
2022-06-28,Clothing,Jeans,West,Retail,66,33.99,2467.67,591.38
2022-06-28,Clothing,T-Shirt,East,Retail,34,237.5,8075.0,1453.04
2022-06-28,Electronics,Headphones,East,Wholesale,78,319.33,24907.74,3956.29
2022-06-28,Clothing,T-Shirt,Central,Wholesale,47,119.68,5624.96,1327.82
2022-06-28,Sports,Dumbbell Set,South,Retail,94,45.7,4081.01,1409.54
2022-06-28,Electronics,Tablet,East,Retail,96,203.14,19501.44,4332.31
2022-06-28,Electronics,Laptop,West,Direct,54,391.78,23271.73,8267.5
2022-06-28,Electronics,Smartwatch,North,Retail,60,247.27,17803.44,6245.13
2022-06-28,Clothing,T-Shirt,North,Wholesale,34,55.05,2246.04,525.08
2022-06-28,Electronics,Laptop,North,Retail,59,58.74,4158.79,1367.21
2022-06-28,Sports,Dumbbell Set,Central,Retail,94,82.84,7786.96,3378.97
2022-06-28,Electronics,Smartphone,North,Direct,16,48.84,937.73,340.21
2022-06-28,Home & Garden,Garden Tools,Central,Wholesale,5,418.25,2091.25,
2022-06-28,Electronics,Headphones,West,Direct,87,154.46,14781.82,5422.13
2022-06-28,Home & Garden,Cookware Set,North,Direct,7,419.47,3523.55,912.86
2022-06-28,Beauty,Face Serum,Central,Wholesale,88,206.98,18214.24,7741.55
2022-06-28,Clothing,T-Shirt,West,Direct,6,137.67,908.62,387.01
2022-06-28,Home & Garden,Garden Tools,North,Retail,99,66.07,7849.12,1180.07
2022-06-29,Home & Garden,Office Chair,North,Direct,46,277.55,15320.76,6037.19
2022-06-29,Beauty,Fragrance,Central,Wholesale,95,364.33,34611.35,14917.52
2022-06-29,Clothing,T-Shirt,East,Direct,36,39.87,1435.32,623.73
2022-06-29,Beauty,Fragrance,South,Wholesale,59,190.84,10696.58,4411.22
2022-06-29,Clothing,T-Shirt,North,Direct,66,242.47,19203.62,5962.43
2022-06-29,Home & Garden,Garden Tools,North,Direct,47,497.32,28048.85,4475.6
2022-06-29,Electronics,Smartwatch,South,Wholesale,35,382.22,12708.82,3706.46
2022-06-29,Home & Garden,Cookware Set,South,Direct,47,129.97,5803.16,2079.33
2022-06-29,Home & Garden,Cookware Set,Central,Wholesale,27,57.57,1554.39,347.17
2022-06-29,Home & Garden,Cookware Set,North,Wholesale,32,243.16,9337.34,3997.88
2022-06-29,Electronics,Laptop,East,Wholesale,34,337.76,11483.84,
2022-06-29,Sports,Tennis Racket,East,Retail,78,365.85,28536.3,7965.17
2022-06-29,Electronics,Laptop,North,Retail,83,337.59,33623.96,10499.78
2022-06-29,Beauty,Hair Dryer,Central,Wholesale,37,95.58,3536.46,1044.03
2022-06-29,Electronics,Laptop,North,Retail,83,337.59,33623.96,10499.78
2022-06-30,Sports,Dumbbell Set,West,Retail,70,417.77,32168.29,13251.87
2022-06-30,Sports,Tennis Racket,Central,Wholesale,41,162.26,6652.66,2739.93
2022-06-30,Electronics,Laptop,East,Retail,57,50.6,2884.2,826.32
2022-06-30,Sports,Running Shoes,North,Retail,79,36.43,3453.56,565.94
2022-06-30,Electronics,Headphones,West,Wholesale,20,125.43,2759.46,1239.72
2022-06-30,Electronics,Tablet,Central,Retail,21,292.61,6144.81,1719.97
2022-06-30,Home & Garden,Bedding Set,North,Wholesale,35,266.46,11191.32,4910.33
2022-06-30,Electronics,Smartphone,Central,Wholesale,19,198.74,3776.06,1553.57
2022-06-30,Home & Garden,Lamp,South,Wholesale,30,182.47,5200.4,1799.5
2022-06-30,Clothing,T-Shirt,West,Direct,41,480.99,21692.65,5548.21
2022-06-30,Clothing,Jacket,South,Wholesale,74,37.51,2636.95,813.35
2022-06-30,Home & Garden,Garden Tools,North,Direct,11,437.67,5777.24,2435.43
2022-06-30,Sports,Tennis Racket,West,Retail,22,84.72,2050.22,637.66
2022-07-01,Electronics,Smartphone,North,Retail,79,448.19,42488.41,8325.92
2022-07-01,Home & Garden,Lamp,North,Direct,95,167.48,19092.72,5459.39
2022-07-01,Clothing,Jeans,South,Direct,38,11.08,399.99,110.95
2022-07-01,Home & Garden,Office Chair,North,Retail,34,319.88,13051.1,4847.73
2022-07-01,Home & Garden,Bedding Set,South,Wholesale,33,442.3,13866.1,6177.14
2022-07-01,Electronics,Tablet,West,Wholesale,86,260.78,24669.79,6772.23
2022-07-01,Sports,Bike Helmet,South,Direct,89,55.25,4671.39,1718.32
2022-07-01,Electronics,Smartphone,South,Direct,2,208.62,396.38,95.06
2022-07-01,Beauty,Hair Dryer,West,Retail,11,178.9,2164.69,585.96
2022-07-01,Home & Garden,Garden Tools,West,Direct,44,485.55,23500.62,9179.05
2022-07-01,Beauty,Hair Dryer,East,Wholesale,14,94.35,1320.9,328.86
2022-07-01,Electronics,Smartwatch,South,Direct,80,306.39,23285.64,4957.68
2022-07-02,Home & Garden,Cookware Set,East,Wholesale,11,448.84,4937.24,1635.96
2022-07-02,Clothing,Jacket,Central,Wholesale,20,60.46,1209.2,259.9
2022-07-02,Electronics,Headphones,South,Retail,28,496.14,13197.32,4239.29
2022-07-02,Clothing,Jacket,East,Wholesale,31,282.48,8756.88,2629.61
2022-07-02,Electronics,Laptop,North,Wholesale,74,192.18,17065.58,2565.09
2022-07-02,Beauty,Face Serum,West,Retail,62,77.09,5257.54,2259.33
2022-07-02,Electronics,Laptop,West,Retail,11,321.41,3889.06,1195.76
2022-07-02,Sports,Yoga Mat,South,Direct,52,157.7,7790.38,1659.9
2022-07-02,Sports,Bike Helmet,North,Retail,87,443.29,46279.48,13371.64
2022-07-02,Clothing,Sneakers,North,Retail,7,468.14,3932.38,808.0
2022-07-02,Home & Garden,Office Chair,West,Direct,89,151.17,14799.54,3685.4
2022-07-02,Electronics,Laptop,North,Direct,65,29.73,2318.94,787.29
2022-07-02,Beauty,Skin Care Kit,North,Direct,89,210.63,22495.28,6453.68
2022-07-02,Clothing,Dress,North,Retail,26,461.82,14408.78,5642.99
2022-07-02,Sports,Tennis Racket,North,Direct,28,380.63,12789.17,4759.1
2022-07-02,Sports,Running Shoes,North,Direct,46,56.79,3134.81,
2022-07-03,Beauty,Face Serum,South,Wholesale,51,212.64,10302.41,2938.92
2022-07-03,Electronics,Smartphone,Central,Wholesale,85,167.28,14218.8,3261.16
2022-07-03,Home & Garden,Office Chair,South,Retail,21,124.77,2489.16,
2022-07-03,Sports,Yoga Mat,South,Retail,31,215.35,6342.06,2481.22
2022-07-03,Clothing,Dress,East,Wholesale,27,87.22,2354.94,936.61
2022-07-03,Clothing,Dress,North,Wholesale,92,290.07,32023.73,6995.1
2022-07-03,Home & Garden,Garden Tools,South,Wholesale,97,83.09,7656.74,1575.53
2022-07-03,Beauty,Fragrance,Central,Wholesale,96,436.28,41882.88,13912.02
2022-07-03,Beauty,Fragrance,East,Retail,81,359.56,29124.36,9973.75
2022-07-03,Home & Garden,Office Chair,North,Direct,81,281.56,27367.63,10005.0
2022-07-03,Home & Garden,Lamp,East,Wholesale,7,370.2,2591.4,396.27
2022-07-03,Beauty,Hair Dryer,West,Retail,93,421.33,43102.06,14509.84
2022-07-03,Sports,Running Shoes,North,Direct,78,194.39,18194.9,5951.05
2022-07-03,Clothing,T-Shirt,East,Wholesale,46,344.37,15841.02,4971.26
2022-07-03,Electronics,Smartwatch,Central,Wholesale,57,427.76,24382.32,10956.59
2022-07-03,Electronics,Tablet,Central,Direct,4,80.93,323.72,136.53
2022-07-03,Clothing,Dress,East,Retail,8,48.18,385.44,72.52
2022-07-03,Beauty,Makeup Palette,Central,Direct,83,155.62,12916.46,4504.03
2022-07-04,Beauty,Skin Care Kit,Central,Wholesale,85,416.44,35397.4,8149.7
2022-07-04,Home & Garden,Bedding Set,Central,Retail,59,80.18,4730.62,1933.49
2022-07-04,Beauty,Face Serum,West,Direct,67,367.3,27070.01,8102.66
2022-07-04,Sports,Tennis Racket,South,Direct,25,289.13,6866.84,2973.39
2022-07-04,Sports,Bike Helmet,East,Wholesale,82,455.07,37315.74,14648.84
2022-07-04,Sports,Yoga Mat,West,Direct,49,481.65,25960.94,8612.61
2022-07-04,Electronics,Laptop,South,Wholesale,8,47.54,361.3,67.93
2022-07-04,Beauty,Fragrance,Central,Wholesale,64,319.99,20479.36,7818.89
2022-07-04,Beauty,Skin Care Kit,West,Retail,61,166.9,11198.99,3919.37
2022-07-04,Sports,Tennis Racket,Central,Retail,93,155.36,14448.48,5478.63
2022-07-04,Home & Garden,Cookware Set,East,Direct,70,441.58,30910.6,10201.77
2022-07-04,Sports,Running Shoes,East,Wholesale,98,474.69,46519.62,
2022-07-04,Clothing,T-Shirt,North,Direct,51,33.6,2056.32,316.38
2022-07-04,Sports,Tennis Racket,North,Direct,68,360.51,29417.62,10183.71
2022-07-04,Home & Garden,Cookware Set,Central,Wholesale,1,261.12,261.12,105.26
2022-07-04,Beauty,Face Serum,East,Direct,28,367.79,10298.12,2322.35
2022-07-04,Electronics,Laptop,North,Wholesale,28,189.25,6358.8,2343.23
2022-07-04,Home & Garden,Cookware Set,West,Direct,83,319.55,29174.92,12592.64
2022-07-04,Beauty,Fragrance,Central,Wholesale,22,107.45,2363.9,697.26
2022-07-04,Beauty,Face Serum,North,Wholesale,43,97.04,5007.26,2078.56
2022-07-04,Beauty,Fragrance,Central,Wholesale,64,319.99,20479.36,7818.89
2022-07-05,Clothing,Jeans,Central,Direct,86,32.41,2787.26,751.45
2022-07-05,Electronics,Headphones,West,Retail,86,454.96,43039.22,9245.33
2022-07-05,Home & Garden,Office Chair,Central,Wholesale,4,161.85,647.4,
2022-07-05,Electronics,Headphones,South,Wholesale,24,68.02,1550.86,303.42
2022-07-05,Electronics,Laptop,South,Direct,41,197.83,7705.48,2580.96
2022-07-05,Clothing,T-Shirt,North,Direct,66,95.31,7548.55,3056.71
2022-07-05,Sports,Yoga Mat,North,Retail,45,333.06,17985.24,7900.52
2022-07-05,Beauty,Skin Care Kit,East,Wholesale,45,402.3,18103.5,6090.89
2022-07-05,Home & Garden,Garden Tools,West,Retail,86,460.84,43595.46,18950.1
2022-07-05,Sports,Dumbbell Set,Central,Retail,13,199.73,2596.49,783.85
2022-07-05,Home & Garden,Garden Tools,South,Direct,27,147.12,3773.63,1036.0
2022-07-05,Sports,Running Shoes,East,Wholesale,64,204.4,13081.6,2337.56
2022-07-05,Home & Garden,Office Chair,South,Wholesale,71,318.62,21490.92,5315.8
2022-07-05,Electronics,Smartwatch,East,Direct,92,50.36,4633.12,1890.94
2022-07-05,Clothing,Dress,North,Direct,65,482.08,37602.24,14478.95
2022-07-05,Clothing,Jeans,North,Retail,52,58.02,3620.45,1072.14
2022-07-05,Beauty,Face Serum,Central,Direct,74,427.72,31651.28,8403.72
2022-07-05,Clothing,Sneakers,South,Retail,16,109.17,1659.38,426.5
2022-07-06,Clothing,Sneakers,West,Direct,77,79.93,6770.07,2198.88
2022-07-06,Home & Garden,Garden Tools,Central,Retail,35,212.32,7431.2,3017.4
2022-07-06,Home & Garden,Office Chair,West,Direct,51,193.41,10850.3,2814.01
2022-07-06,Sports,Running Shoes,South,Retail,59,315.83,17702.27,7738.66
2022-07-06,Sports,Yoga Mat,West,Wholesale,6,151.14,997.52,158.21
2022-07-06,Clothing,Sneakers,Central,Wholesale,78,463.82,36177.96,7550.34
2022-07-06,Sports,Yoga Mat,East,Retail,70,182.63,12784.1,2805.9
2022-07-06,Sports,Dumbbell Set,Central,Wholesale,29,203.74,5908.46,2076.36
2022-07-06,Sports,Yoga Mat,East,Wholesale,17,141.65,2408.05,595.55
2022-07-06,Clothing,Sneakers,West,Retail,1,321.06,353.17,128.65
2022-07-06,Beauty,Face Serum,North,Retail,88,49.19,5194.46,994.83
2022-07-06,Electronics,Smartphone,South,Wholesale,45,50.22,2146.91,457.1
2022-07-06,Electronics,Headphones,South,Direct,26,471.16,11637.65,5132.58
2022-07-06,Sports,Dumbbell Set,North,Direct,31,208.39,7752.11,2664.16
2022-07-07,Home & Garden,Office Chair,Central,Direct,79,291.46,23025.34,9839.4
2022-07-07,Electronics,Smartphone,North,Wholesale,44,115.15,6079.92,2224.29
2022-07-07,Home & Garden,Lamp,South,Direct,72,342.11,23400.32,7947.59
2022-07-07,Beauty,Skin Care Kit,South,Direct,29,234.68,6465.43,1452.09
2022-07-07,Electronics,Smartphone,Central,Retail,91,327.99,29847.09,4975.01
2022-07-07,Electronics,Smartphone,East,Direct,28,372.28,10423.84,3664.61
2022-07-07,Electronics,Smartwatch,Central,Retail,23,48.98,1126.54,332.9
2022-07-07,Clothing,T-Shirt,North,Retail,34,357.22,14574.58,3885.65
2022-07-07,Beauty,Fragrance,Central,Wholesale,58,392.88,22787.04,9077.97
2022-07-07,Clothing,T-Shirt,South,Direct,45,298.0,12739.5,2325.38
2022-07-07,Clothing,Jeans,East,Direct,26,301.47,7838.22,3199.53
2022-07-07,Home & Garden,Cookware Set,West,Retail,5,115.31,634.21,231.43
2022-07-07,Electronics,Smartphone,West,Retail,45,188.46,9328.77,2316.32
2022-07-07,Electronics,Smartwatch,Central,Retail,63,342.64,21586.32,3546.63
2022-07-07,Sports,Dumbbell Set,Central,Wholesale,91,227.28,20682.48,8365.65
2022-07-07,Beauty,Hair Dryer,Central,Wholesale,36,468.17,16854.12,4879.75
2022-07-07,Electronics,Tablet,North,Direct,89,277.69,29657.29,13084.08
2022-07-07,Home & Garden,Cookware Set,East,Direct,21,131.93,2770.53,904.79
2022-07-08,Electronics,Headphones,West,Direct,57,31.76,1991.35,421.61
2022-07-08,Clothing,Sneakers,North,Retail,33,101.14,4005.14,1230.9
2022-07-08,Electronics,Laptop,Central,Retail,27,181.97,4913.19,1480.32
2022-07-08,Beauty,Makeup Palette,South,Direct,55,446.0,23303.5,7430.13
2022-07-08,Electronics,Headphones,North,Wholesale,96,142.08,16367.62,2757.06
2022-07-08,Beauty,Fragrance,North,Wholesale,72,447.45,38659.68,16997.21
2022-07-08,Beauty,Hair Dryer,North,Direct,6,292.4,2105.28,425.88
2022-07-08,Home & Garden,Garden Tools,South,Direct,63,339.5,20319.08,7909.47
2022-07-08,Sports,Bike Helmet,Central,Wholesale,50,303.6,15180.0,5081.36
2022-07-08,Clothing,Jeans,Central,Wholesale,42,329.8,13851.6,
2022-07-08,Home & Garden,Cookware Set,Central,Retail,38,401.5,15257.0,3563.97
2022-07-09,Electronics,Laptop,North,Direct,78,110.65,10356.84,4353.52
2022-07-09,Clothing,Sneakers,Central,Wholesale,95,165.1,15684.5,3449.83
2022-07-09,Clothing,Sneakers,Central,Retail,56,129.07,7227.92,2357.97
2022-07-09,Clothing,Dress,West,Retail,40,171.47,7544.68,1857.47
2022-07-09,Home & Garden,Bedding Set,Central,Wholesale,97,227.51,22068.47,9071.87
2022-07-09,Home & Garden,Bedding Set,South,Direct,1,495.03,470.28,148.81
2022-07-09,Beauty,Skin Care Kit,Central,Retail,30,178.39,5351.7,1828.74
2022-07-09,Sports,Bike Helmet,Central,Wholesale,29,114.97,3334.13,926.99
2022-07-10,Sports,Running Shoes,East,Wholesale,32,480.65,15380.8,2426.69
2022-07-10,Electronics,Laptop,South,Retail,26,459.82,11357.55,4860.68
2022-07-10,Sports,Tennis Racket,East,Retail,19,430.67,8182.73,1911.11
2022-07-10,Sports,Yoga Mat,South,Direct,79,181.33,13608.82,3246.69
2022-07-10,Home & Garden,Lamp,North,Retail,27,115.05,3727.62,738.27
2022-07-10,Electronics,Smartwatch,East,Retail,31,366.04,11347.24,4929.9
2022-07-10,Beauty,Makeup Palette,North,Wholesale,36,63.3,2734.56,1107.93
2022-07-10,Sports,Bike Helmet,East,Wholesale,50,244.88,12244.0,4979.05
2022-07-10,Sports,Bike Helmet,West,Retail,12,417.25,5507.7,1818.21
2022-07-10,Electronics,Headphones,West,Retail,22,213.49,5166.46,974.34
2022-07-10,Clothing,Dress,West,Retail,73,74.76,6003.23,2290.84
2022-07-10,Home & Garden,Garden Tools,West,Retail,60,236.32,15597.12,6082.15
2022-07-10,Beauty,Skin Care Kit,East,Retail,41,32.96,1351.36,595.93
2022-07-11,Clothing,Sneakers,North,Retail,66,325.3,25763.76,5499.41
2022-07-11,Beauty,Makeup Palette,West,Retail,80,405.84,35713.92,9014.2
2022-07-11,Electronics,Smartwatch,Central,Wholesale,94,485.7,45655.8,11633.02
2022-07-11,Electronics,Tablet,Central,Retail,68,211.01,14348.68,3333.15
2022-07-11,Beauty,Hair Dryer,Central,Direct,10,348.61,3486.1,676.52
2022-07-11,Sports,Tennis Racket,South,Direct,56,496.4,26408.48,10098.34
2022-07-11,Sports,Tennis Racket,West,Retail,48,222.56,11751.17,4589.81
2022-07-11,Sports,Bike Helmet,North,Direct,11,411.73,5434.84,2217.01
2022-07-11,Home & Garden,Office Chair,West,Retail,1,92.72,101.99,40.87
2022-07-11,Sports,Yoga Mat,Central,Direct,76,135.24,10278.24,4505.24
2022-07-12,Beauty,Skin Care Kit,East,Wholesale,73,286.17,20890.41,6662.63
2022-07-12,Beauty,Face Serum,West,Retail,10,326.33,3589.63,687.14
2022-07-12,Sports,Running Shoes,North,Direct,74,245.58,21807.5,8882.29
2022-07-12,Home & Garden,Bedding Set,South,Retail,35,21.96,730.17,169.1
2022-07-12,Sports,Running Shoes,Central,Direct,64,196.29,12562.56,1978.37
2022-07-12,Electronics,Headphones,North,Direct,50,171.53,10291.8,3246.35
2022-07-12,Beauty,Hair Dryer,North,Retail,70,52.92,4445.28,1017.67
2022-07-12,Electronics,Tablet,South,Wholesale,7,62.38,414.83,121.39
2022-07-12,Home & Garden,Lamp,East,Direct,71,90.71,6440.41,1185.57
2022-07-12,Clothing,Jeans,North,Retail,13,202.25,3155.1,1292.1
2022-07-12,Clothing,Sneakers,Central,Retail,24,122.16,2931.84,973.16
2022-07-12,Clothing,Jeans,North,Retail,64,295.64,22705.15,8075.69
2022-07-12,Home & Garden,Garden Tools,South,Direct,54,232.79,11942.13,4717.83
2022-07-12,Beauty,Fragrance,Central,Wholesale,8,400.28,3202.24,973.34
2022-07-13,Sports,Tennis Racket,Central,Retail,53,152.39,8076.67,3284.05
2022-07-13,Clothing,Jacket,West,Direct,10,218.75,2406.25,717.36
2022-07-13,Electronics,Tablet,Central,Wholesale,9,411.37,3702.33,1517.38
2022-07-13,Clothing,Sneakers,Central,Wholesale,42,148.44,6234.48,1377.13
2022-07-13,Electronics,Smartwatch,North,Retail,73,215.91,18913.72,6157.94
2022-07-13,Beauty,Skin Care Kit,North,Wholesale,12,169.23,2436.91,730.7
2022-07-13,Clothing,Jeans,East,Direct,67,225.94,15137.98,3086.78
2022-07-13,Electronics,Smartphone,West,Retail,21,350.13,8088.0,2702.06
2022-07-13,Home & Garden,Bedding Set,North,Direct,30,116.14,4181.04,954.07
2022-07-13,Beauty,Fragrance,South,Direct,97,334.28,30803.9,13209.03
2022-07-13,Home & Garden,Garden Tools,North,Direct,74,133.76,11877.89,2065.76
2022-07-13,Electronics,Smartwatch,East,Retail,7,311.54,2180.78,957.72
2022-07-13,Clothing,T-Shirt,Central,Wholesale,78,488.5,38103.0,14476.86
2022-07-13,Clothing,Sneakers,Central,Retail,84,321.19,26979.96,9524.79
2022-07-13,Home & Garden,Garden Tools,Central,Wholesale,35,337.08,11797.8,2891.16
2022-07-14,Sports,Running Shoes,South,Direct,78,402.95,29858.59,6440.54
2022-07-14,Clothing,Dress,West,Wholesale,21,36.24,837.14,208.72
2022-07-14,Clothing,Dress,North,Retail,13,365.33,5699.15,1763.88
2022-07-14,Electronics,Smartwatch,West,Wholesale,67,384.93,28369.34,12447.83
2022-07-14,Sports,Yoga Mat,East,Retail,63,51.58,3249.54,1104.32
2022-07-14,Home & Garden,Bedding Set,North,Wholesale,54,413.54,26797.39,7051.45
2022-07-14,Sports,Running Shoes,West,Retail,39,384.07,16476.6,4020.99
2022-07-14,Sports,Bike Helmet,Central,Retail,74,488.45,36145.3,9498.78
2022-07-14,Beauty,Makeup Palette,South,Retail,59,479.09,26852.99,9017.77
2022-07-14,Beauty,Skin Care Kit,Central,Retail,68,488.29,33203.72,6447.17
2022-07-14,Sports,Running Shoes,East,Direct,70,439.33,30753.1,12952.95
2022-07-14,Electronics,Headphones,East,Direct,69,133.18,9189.42,4123.14
2022-07-14,Sports,Yoga Mat,East,Retail,20,445.92,8918.4,3240.75
2022-07-14,Sports,Bike Helmet,East,Direct,43,10.29,442.47,
2022-07-14,Beauty,Makeup Palette,West,Retail,22,353.28,8549.38,3094.57
2022-07-14,Electronics,Smartwatch,North,Direct,98,333.06,39167.86,13402.05
2022-07-14,Clothing,Jacket,South,Wholesale,66,472.17,29605.06,12753.63
2022-07-14,Sports,Bike Helmet,Central,Direct,88,293.07,25790.16,5315.43
2022-07-14,Home & Garden,Cookware Set,East,Retail,39,461.81,18010.59,4655.51
2022-07-14,Sports,Running Shoes,Central,Retail,49,95.29,4669.21,1972.32
2022-07-14,Electronics,Laptop,South,Retail,88,90.18,7539.05,1288.13
2022-07-14,Home & Garden,Cookware Set,Central,Retail,32,81.73,2615.36,740.1
2022-07-14,Electronics,Headphones,Central,Wholesale,9,104.5,940.5,418.75
2022-07-14,Electronics,Smartwatch,East,Retail,35,214.29,7500.15,2604.82
2022-07-14,Sports,Yoga Mat,Central,Retail,6,84.92,509.52,81.36
2022-07-14,Home & Garden,Office Chair,West,Wholesale,15,353.17,5827.31,2564.07
2022-07-14,Home & Garden,Bedding Set,North,Retail,44,493.89,26077.39,9811.14
2022-07-15,Beauty,Fragrance,Central,Direct,49,115.91,5679.59,1209.35
2022-07-15,Home & Garden,Bedding Set,South,Wholesale,79,284.3,21336.72,9588.08
2022-07-15,Sports,Yoga Mat,South,Direct,40,420.28,15970.64,5473.06
2022-07-15,Sports,Running Shoes,East,Direct,97,208.68,20241.96,8605.84
2022-07-15,Beauty,Hair Dryer,Central,Direct,64,370.16,23690.24,5359.36
2022-07-15,Clothing,Jacket,Central,Retail,84,22.46,1886.64,336.82
2022-07-15,Clothing,Sneakers,South,Retail,90,37.31,3190.01,504.56
2022-07-15,Home & Garden,Cookware Set,Central,Direct,6,304.74,1828.44,287.19
2022-07-15,Clothing,T-Shirt,West,Wholesale,78,487.09,41792.32,17158.74
2022-07-15,Beauty,Makeup Palette,Central,Direct,38,425.6,16172.8,6037.19
2022-07-15,Beauty,Hair Dryer,Central,Direct,72,432.08,31109.76,9017.48
2022-07-15,Home & Garden,Cookware Set,East,Retail,32,259.42,8301.44,2041.7
2022-07-15,Sports,Dumbbell Set,North,Wholesale,12,276.16,3976.7,1696.23
2022-07-16,Home & Garden,Garden Tools,South,Retail,28,177.45,4720.17,1792.94
2022-07-16,Clothing,Jeans,Central,Retail,31,208.87,6474.97,1191.83
2022-07-16,Beauty,Fragrance,South,Wholesale,26,38.9,960.83,196.8
2022-07-16,Clothing,Jeans,Central,Direct,30,380.44,11413.2,4545.5
2022-07-16,Electronics,Headphones,West,Retail,11,429.94,5202.27,1871.66
2022-07-16,Beauty,Fragrance,Central,Direct,74,103.45,7655.3,2024.05
2022-07-16,Clothing,Sneakers,North,Direct,69,312.95,25912.26,9725.71
2022-07-16,Beauty,Hair Dryer,Central,Wholesale,20,402.26,8045.2,1845.62
2022-07-16,Electronics,Tablet,Central,Direct,20,364.41,7288.2,2438.32
2022-07-16,Sports,Bike Helmet,South,Wholesale,24,118.48,2701.34,994.35
2022-07-16,Sports,Tennis Racket,East,Wholesale,40,233.56,9342.4,3728.85
2022-07-16,Sports,Running Shoes,West,Direct,20,39.1,860.2,317.24
2022-07-16,Electronics,Smartphone,South,Wholesale,67,496.4,31595.86,13156.3
2022-07-16,Clothing,Jacket,Central,Wholesale,84,236.07,19829.88,3746.82
2022-07-16,Beauty,Hair Dryer,East,Direct,59,354.19,20897.21,7189.26
2022-07-17,Home & Garden,Bedding Set,East,Wholesale,40,133.19,5327.6,991.98
2022-07-17,Beauty,Face Serum,West,Retail,18,427.02,8455.0,2455.38
2022-07-17,Beauty,Makeup Palette,South,Retail,68,440.87,28480.2,4519.37
2022-07-17,Home & Garden,Office Chair,Central,Direct,56,128.5,7196.0,3180.97
2022-07-17,Home & Garden,Bedding Set,West,Wholesale,56,261.2,16089.92,4344.0
2022-07-17,Electronics,Smartwatch,East,Wholesale,61,170.1,10376.1,2040.6
2022-07-17,Sports,Bike Helmet,West,Wholesale,13,441.28,6310.3,2245.36
2022-07-17,Clothing,Jacket,East,Wholesale,14,54.1,757.4,149.43
2022-07-17,Beauty,Makeup Palette,North,Retail,47,324.96,18327.74,6788.09
2022-07-17,Electronics,Smartwatch,South,Retail,14,477.31,6348.22,2668.33
2022-07-17,Clothing,Jeans,East,Wholesale,48,200.29,9613.92,
2022-07-17,Sports,Tennis Racket,East,Wholesale,78,495.31,38634.18,14421.33
2022-07-17,Electronics,Tablet,East,Direct,11,48.24,530.64,116.69
2022-07-17,Electronics,Smartphone,West,Retail,18,266.66,5279.87,1250.83
2022-07-18,Home & Garden,Lamp,Central,Wholesale,95,305.66,29037.7,11116.91
2022-07-18,Clothing,Dress,West,Wholesale,64,441.42,31075.97,6982.91
2022-07-18,Clothing,Jeans,Central,Wholesale,1,398.97,398.97,177.76
2022-07-18,Sports,Yoga Mat,North,Retail,58,19.74,1373.9,307.13
2022-07-18,Clothing,Sneakers,Central,Direct,3,443.51,1330.53,595.66
2022-07-18,Home & Garden,Lamp,Central,Retail,15,24.88,373.2,101.19
2022-07-18,Electronics,Tablet,Central,Wholesale,10,272.62,2726.2,565.96
2022-07-18,Home & Garden,Lamp,East,Retail,15,243.76,3656.4,1317.22
2022-07-18,Electronics,Smartphone,East,Direct,69,60.64,4184.16,1242.07
2022-07-18,Beauty,Face Serum,West,Retail,40,370.05,16282.2,4761.68
2022-07-19,Electronics,Smartphone,North,Direct,72,66.44,5740.42,1361.47
2022-07-19,Sports,Yoga Mat,Central,Direct,94,148.69,13976.86,5016.48
2022-07-19,Electronics,Laptop,Central,Retail,9,269.59,2426.31,895.59
2022-07-19,Beauty,Face Serum,North,Direct,38,369.38,16843.73,6243.1
2022-07-19,Home & Garden,Cookware Set,West,Retail,68,340.57,25474.64,5829.61
2022-07-19,Beauty,Makeup Palette,South,Retail,6,134.92,769.04,280.26
2022-07-19,Clothing,Sneakers,North,Retail,40,101.29,4861.92,1404.78
2022-07-19,Beauty,Makeup Palette,Central,Retail,74,489.33,36210.42,9947.39
2022-07-19,Sports,Dumbbell Set,Central,Retail,92,223.98,20606.16,3951.94
2022-07-19,Beauty,Makeup Palette,North,Direct,36,379.67,16401.74,5307.1
2022-07-19,Beauty,Makeup Palette,South,Direct,99,159.56,15006.62,3912.91
2022-07-19,Clothing,Jacket,Central,Retail,2,171.04,342.08,74.33
2022-07-19,Beauty,Skin Care Kit,East,Wholesale,32,328.53,10512.96,4504.86
2022-07-19,Electronics,Headphones,East,Retail,66,35.97,2374.02,900.17
2022-07-19,Home & Garden,Cookware Set,East,Wholesale,86,94.9,8161.4,2665.03
2022-07-19,Home & Garden,Office Chair,Central,Wholesale,11,354.2,3896.2,1208.94
2022-07-20,Home & Garden,Lamp,Central,Wholesale,75,362.81,27210.75,6491.33
2022-07-20,Home & Garden,Garden Tools,South,Wholesale,93,316.27,27942.45,9169.09
2022-07-20,Home & Garden,Lamp,South,Direct,60,190.45,10855.65,4793.39
2022-07-20,Clothing,Jacket,East,Retail,31,282.12,8745.72,3558.57
2022-07-20,Sports,Bike Helmet,East,Direct,30,20.51,615.3,102.51
2022-07-20,Home & Garden,Office Chair,South,Direct,70,206.81,13752.86,3674.06
2022-07-20,Sports,Tennis Racket,South,Retail,95,370.61,33447.55,11964.42
2022-07-20,Electronics,Laptop,North,Direct,86,358.03,36948.7,11007.66
2022-07-20,Sports,Yoga Mat,South,Retail,83,18.16,1431.92,275.48
2022-07-20,Clothing,Sneakers,North,Retail,69,45.25,3746.7,1644.43
2022-07-20,Sports,Tennis Racket,East,Direct,65,266.11,17297.15,5361.35
2022-07-20,Clothing,Dress,East,Retail,57,270.14,15397.98,3551.87
2022-07-20,Clothing,Jacket,West,Retail,79,197.71,17181.0,4540.37
2022-07-20,Electronics,Smartphone,North,Retail,57,477.37,32652.11,9511.99
2022-07-20,Clothing,Jacket,East,Retail,12,281.76,3381.12,679.3
2022-07-20,Sports,Bike Helmet,West,Wholesale,20,65.63,1443.86,492.36
2022-07-20,Sports,Tennis Racket,North,Direct,29,392.46,13657.61,3728.22
2022-07-20,Beauty,Face Serum,North,Retail,48,452.88,26085.89,8884.32
2022-07-20,Beauty,Makeup Palette,South,Retail,54,129.91,6664.38,1296.59
2022-07-21,Electronics,Laptop,North,Direct,47,28.76,1622.06,340.78
2022-07-21,Clothing,Sneakers,East,Direct,45,219.92,9896.4,2479.76
2022-07-21,Sports,Yoga Mat,East,Direct,26,103.63,2694.38,1121.04
2022-07-21,Sports,Dumbbell Set,South,Direct,34,350.39,11317.6,4415.08
2022-07-21,Home & Garden,Bedding Set,East,Retail,54,101.36,5473.44,1825.63
2022-07-21,Electronics,Smartphone,North,Wholesale,81,107.83,10481.08,3702.62
2022-07-21,Clothing,Jacket,East,Retail,55,416.94,22931.7,7304.62
2022-07-21,Beauty,Skin Care Kit,North,Wholesale,29,305.95,10647.06,3317.27
2022-07-21,Sports,Yoga Mat,East,Direct,28,276.8,7750.4,2394.7
2022-07-21,Sports,Yoga Mat,West,Retail,41,431.27,19450.28,4388.96
2022-07-21,Clothing,Sneakers,East,Direct,87,317.36,27610.32,6193.66
2022-07-21,Electronics,Smartwatch,East,Retail,30,461.17,13835.1,2177.2
2022-07-21,Home & Garden,Bedding Set,East,Retail,54,101.36,5473.44,1825.63
2022-07-22,Beauty,Skin Care Kit,West,Retail,93,238.87,24436.4,4868.9
2022-07-22,Home & Garden,Lamp,South,Retail,83,206.92,16315.64,6274.31
2022-07-22,Sports,Bike Helmet,South,Wholesale,29,339.92,9364.8,1982.3
2022-07-22,Beauty,Face Serum,West,Wholesale,57,206.88,12971.38,2918.51
2022-07-22,Clothing,Dress,West,Wholesale,1,417.36,459.1,148.11
2022-07-22,Sports,Tennis Racket,West,Retail,41,291.32,13138.53,3192.44
2022-07-22,Electronics,Tablet,East,Direct,31,452.73,14034.63,4043.21
2022-07-22,Sports,Tennis Racket,East,Direct,33,406.81,13424.73,3440.33
2022-07-22,Clothing,T-Shirt,West,Retail,94,477.88,49412.79,15870.67
2022-07-22,Sports,Tennis Racket,West,Wholesale,9,250.04,2475.4,1063.82
2022-07-22,Sports,Dumbbell Set,West,Wholesale,52,40.11,2294.29,470.64
2022-07-22,Clothing,Jeans,Central,Retail,14,427.27,5981.78,1176.02
2022-07-22,Home & Garden,Bedding Set,Central,Direct,82,166.65,13665.3,2481.9
2022-07-22,Clothing,Jacket,Central,Wholesale,55,211.3,11621.5,3266.88
2022-07-22,Beauty,Makeup Palette,South,Direct,9,292.47,2500.62,983.4
2022-07-22,Home & Garden,Office Chair,West,Retail,50,23.81,1309.55,500.53
2022-07-23,Electronics,Tablet,North,Wholesale,59,34.77,2461.72,635.4
2022-07-23,Electronics,Headphones,North,Direct,45,435.01,23490.54,10310.82
2022-07-23,Beauty,Fragrance,East,Direct,77,482.97,37188.69,16097.27
2022-07-23,Sports,Bike Helmet,West,Retail,39,193.08,8283.13,2024.1
2022-07-23,Sports,Dumbbell Set,North,Retail,64,496.79,38153.47,16120.98
2022-07-23,Electronics,Headphones,South,Retail,46,164.22,7176.41,1551.38
2022-07-23,Electronics,Tablet,South,Wholesale,83,398.71,31438.28,12740.35
2022-07-23,Home & Garden,Bedding Set,East,Retail,56,391.56,21927.36,7584.14
2022-07-23,Electronics,Headphones,Central,Direct,1,193.55,193.55,59.93
2022-07-23,Sports,Bike Helmet,East,Wholesale,71,235.77,16739.67,6371.01
2022-07-23,Clothing,Dress,South,Direct,31,459.74,13539.34,5075.45
2022-07-23,Beauty,Face Serum,South,Direct,31,79.27,2334.5,535.63
2022-07-23,Sports,Yoga Mat,West,Direct,26,66.99,1915.91,468.95
2022-07-23,Electronics,Laptop,South,Direct,22,52.78,1103.1,252.8
2022-07-23,Clothing,Sneakers,South,Retail,16,345.53,5252.06,
2022-07-23,Electronics,Smartwatch,North,Direct,60,499.76,35982.72,12636.29
2022-07-23,Electronics,Headphones,Central,Direct,59,464.91,27429.69,10487.61
2022-07-24,Home & Garden,Bedding Set,Central,Direct,68,215.14,14629.52,2905.68
2022-07-24,Electronics,Headphones,West,Retail,18,494.55,9792.09,3154.36
2022-07-24,Sports,Dumbbell Set,North,Direct,50,351.79,21107.4,9418.86
2022-07-24,Beauty,Skin Care Kit,North,Direct,57,138.3,9459.72,3292.33
2022-07-24,Beauty,Skin Care Kit,East,Wholesale,11,323.06,3553.66,762.76
2022-07-24,Clothing,Sneakers,Central,Direct,65,148.14,9629.1,3114.71
2022-07-24,Clothing,Jeans,East,Direct,54,138.02,7453.08,1472.37
2022-07-24,Home & Garden,Office Chair,North,Direct,97,67.07,7806.95,2821.17
2022-07-24,Home & Garden,Cookware Set,North,Direct,75,13.58,1222.2,492.14
2022-07-25,Home & Garden,Office Chair,South,Retail,47,259.29,11577.3,2158.11
2022-07-25,Clothing,Sneakers,South,Wholesale,22,260.64,5447.38,1960.45
2022-07-25,Clothing,T-Shirt,Central,Retail,93,171.01,15903.93,4986.18
2022-07-25,Electronics,Smartwatch,North,Direct,43,107.49,5546.48,1948.56
2022-07-25,Home & Garden,Garden Tools,West,Retail,67,18.3,1348.71,527.56
2022-07-25,Sports,Dumbbell Set,East,Direct,38,21.9,832.2,172.77
2022-07-26,Sports,Yoga Mat,North,Retail,26,89.95,2806.44,1262.48
2022-07-26,Home & Garden,Cookware Set,East,Retail,59,71.05,4191.95,1319.77
2022-07-26,Beauty,Skin Care Kit,Central,Wholesale,43,404.9,17410.7,6245.97
2022-07-26,Sports,Bike Helmet,North,Direct,41,137.71,6775.33,2680.39
2022-07-26,Clothing,Dress,Central,Wholesale,41,449.17,18415.97,7389.58
2022-07-26,Sports,Yoga Mat,Central,Retail,59,116.59,6878.81,2699.99
2022-07-26,Home & Garden,Office Chair,North,Direct,43,84.6,4365.36,1202.51
2022-07-26,Clothing,Jacket,South,Retail,90,311.23,26610.17,3997.31
2022-07-26,Sports,Tennis Racket,Central,Retail,55,395.17,21734.35,4558.39
2022-07-26,Clothing,Jeans,North,Wholesale,30,394.26,14193.36,2229.03
2022-07-26,Electronics,Smartphone,South,Wholesale,76,176.39,12735.36,2828.35
2022-07-26,Beauty,Face Serum,East,Direct,85,102.99,8754.15,
2022-07-26,Clothing,Sneakers,West,Direct,15,88.41,1458.76,476.46
2022-07-26,Clothing,Jacket,Central,Retail,57,216.74,12354.18,3299.06
2022-07-26,Sports,Running Shoes,Central,Direct,44,210.16,9247.04,3233.12
2022-07-26,Home & Garden,Office Chair,North,Direct,46,91.51,5051.35,1792.15
2022-07-27,Home & Garden,Bedding Set,East,Retail,41,231.85,9505.85,2092.08
2022-07-27,Beauty,Fragrance,South,Retail,84,77.9,6216.42,1942.05
2022-07-27,Sports,Yoga Mat,East,Retail,53,119.05,6309.65,2217.22
2022-07-27,Home & Garden,Bedding Set,East,Retail,81,98.54,7981.74,3348.84
2022-07-27,Beauty,Makeup Palette,West,Retail,21,83.91,1938.32,337.94
2022-07-27,Beauty,Skin Care Kit,Central,Direct,61,488.21,29780.81,5848.61
2022-07-27,Sports,Bike Helmet,Central,Retail,63,306.33,19298.79,4099.16
2022-07-27,Home & Garden,Bedding Set,South,Retail,52,168.98,8347.61,1359.09
2022-07-27,Clothing,Jacket,South,Wholesale,42,82.5,3291.75,670.84
2022-07-27,Beauty,Hair Dryer,Central,Direct,60,243.13,14587.8,4962.1
2022-07-27,Sports,Yoga Mat,South,Retail,34,142.22,4593.71,1105.63
2022-07-27,Home & Garden,Cookware Set,North,Retail,30,180.11,6483.96,1409.6
2022-07-27,Sports,Dumbbell Set,Central,Direct,28,494.62,13849.36,4637.38
2022-07-27,Home & Garden,Garden Tools,West,Direct,92,479.91,48566.89,19314.3
2022-07-27,Beauty,Skin Care Kit,West,Retail,96,168.48,17791.49,5101.36
2022-07-27,Clothing,Dress,West,Direct,19,311.51,6510.56,1628.06
2022-07-27,Clothing,Jeans,East,Direct,82,434.24,35607.68,9035.1
2022-07-27,Clothing,Sneakers,North,Wholesale,2,492.68,1182.43,363.86
2022-07-27,Home & Garden,Bedding Set,North,Direct,83,259.73,25869.11,10547.05
2022-07-27,Home & Garden,Garden Tools,South,Wholesale,77,413.25,30229.24,7076.6
2022-07-28,Sports,Bike Helmet,Central,Wholesale,68,75.71,5148.28,1147.33
2022-07-28,Beauty,Fragrance,East,Retail,11,161.85,1780.35,540.14
2022-07-28,Beauty,Hair Dryer,Central,Wholesale,36,495.98,17855.28,4807.29
2022-07-28,Sports,Yoga Mat,South,Direct,94,64.34,5745.56,1145.59
2022-07-28,Electronics,Smartwatch,South,Retail,54,354.19,18169.95,7989.92
2022-07-28,Electronics,Smartwatch,East,Retail,90,331.17,29805.3,8574.59
2022-07-28,Home & Garden,Bedding Set,East,Retail,77,233.3,17964.1,5692.67
2022-07-28,Sports,Bike Helmet,Central,Direct,56,486.95,27269.2,6114.65
2022-07-28,Electronics,Smartwatch,East,Direct,9,303.04,2727.36,745.45
2022-07-28,Beauty,Hair Dryer,Central,Direct,63,148.16,9334.08,1774.7
2022-07-28,Sports,Running Shoes,South,Direct,21,293.27,5850.74,2608.67
2022-07-28,Sports,Yoga Mat,North,Wholesale,72,15.76,1361.66,320.33
2022-07-28,Electronics,Smartphone,Central,Wholesale,91,481.48,43814.68,12538.09
2022-07-29,Home & Garden,Cookware Set,South,Wholesale,51,492.38,23855.81,3970.43
2022-07-29,Clothing,Jeans,North,Direct,90,82.5,8910.0,1738.78
2022-07-29,Electronics,Tablet,South,Retail,17,54.96,887.6,290.95
2022-07-29,Home & Garden,Bedding Set,Central,Direct,91,433.23,39423.93,
2022-07-29,Electronics,Smartphone,North,Retail,16,158.0,3033.6,694.14
2022-07-29,Electronics,Laptop,South,Wholesale,70,279.86,18610.69,3059.92
2022-07-29,Electronics,Smartwatch,Central,Wholesale,68,79.26,5389.68,2369.07
2022-07-29,Sports,Yoga Mat,West,Wholesale,81,414.69,36948.88,12554.61
2022-07-29,Home & Garden,Office Chair,East,Direct,26,497.92,12945.92,3227.01
2022-07-29,Sports,Bike Helmet,South,Wholesale,93,355.19,31381.04,6457.16
2022-07-29,Beauty,Hair Dryer,West,Direct,97,414.03,44177.0,
2022-07-29,Clothing,Dress,Central,Retail,61,450.53,27482.33,7508.91
2022-07-29,Clothing,Jacket,West,Wholesale,72,137.79,10912.97,4653.27
2022-07-29,Clothing,Sneakers,East,Direct,31,133.05,4124.55,797.79
2022-07-29,Electronics,Smartwatch,Central,Direct,1,222.61,222.61,89.66
2022-07-29,Beauty,Hair Dryer,North,Retail,3,274.07,986.65,340.19
2022-07-29,Clothing,Dress,East,Retail,82,368.59,30224.38,7834.07
2022-07-29,Home & Garden,Garden Tools,Central,Retail,92,135.72,12486.24,5451.77
2022-07-29,Sports,Yoga Mat,Central,Retail,17,165.4,2811.8,1029.57
2022-07-29,Clothing,Dress,Central,Direct,10,242.21,2422.1,719.83
2022-07-29,Sports,Running Shoes,South,Direct,83,347.9,27431.91,
2022-07-29,Electronics,Smartphone,South,Retail,72,275.03,18812.05,3320.2
2022-07-29,Electronics,Tablet,West,Retail,54,311.09,18478.75,3028.92
2022-07-30,Electronics,Smartwatch,North,Wholesale,65,61.65,4808.7,1630.04
2022-07-30,Home & Garden,Lamp,Central,Direct,19,353.14,6709.66,1904.58
2022-07-30,Home & Garden,Garden Tools,East,Retail,86,205.45,17668.7,6484.28
2022-07-30,Electronics,Tablet,North,Wholesale,35,14.17,595.14,228.69
2022-07-30,Sports,Yoga Mat,South,Retail,98,429.88,40021.83,13351.9
2022-07-30,Beauty,Fragrance,West,Retail,84,306.82,28350.17,10187.21
2022-07-30,Home & Garden,Cookware Set,South,Retail,84,116.4,9288.72,3929.37
2022-07-30,Electronics,Smartwatch,East,Wholesale,72,440.21,31695.12,13870.95
2022-07-30,Beauty,Fragrance,Central,Direct,62,36.33,2252.46,860.06
2022-07-30,Clothing,T-Shirt,East,Retail,86,294.52,25328.72,4692.85
2022-07-30,Beauty,Hair Dryer,East,Wholesale,36,473.27,17037.72,5985.85
2022-07-30,Home & Garden,Garden Tools,Central,Wholesale,20,309.14,6182.8,1407.25
2022-07-30,Home & Garden,Bedding Set,West,Retail,3,198.45,654.88,204.91
2022-07-30,Home & Garden,Cookware Set,East,Wholesale,17,81.97,1393.49,524.91
2022-07-30,Beauty,Makeup Palette,North,Wholesale,56,335.12,22520.06,3615.31
2022-07-30,Electronics,Laptop,East,Retail,60,101.21,6072.6,1940.86
2022-07-30,Sports,Bike Helmet,North,Wholesale,61,116.45,8524.14,1626.77
2022-07-31,Electronics,Laptop,South,Direct,45,162.83,6960.98,1995.02
2022-07-31,Home & Garden,Lamp,North,Direct,30,336.55,12115.8,2329.88
2022-07-31,Home & Garden,Bedding Set,West,Direct,29,290.53,9267.91,1853.22
2022-07-31,Sports,Bike Helmet,South,Direct,30,96.88,2761.08,874.55
2022-07-31,Beauty,Hair Dryer,South,Direct,52,297.78,14710.33,2902.65
2022-07-31,Home & Garden,Cookware Set,West,Retail,37,349.1,14208.37,5154.63
2022-07-31,Sports,Tennis Racket,West,Wholesale,18,33.56,664.49,166.01
2022-07-31,Sports,Dumbbell Set,West,Retail,94,341.27,35287.32,5391.02
2022-07-31,Clothing,T-Shirt,West,Direct,63,245.94,17043.64,3951.95
2022-07-31,Beauty,Fragrance,West,Direct,39,433.79,18609.59,8301.51
2022-07-31,Beauty,Makeup Palette,North,Direct,64,425.5,32678.4,12218.05
2022-07-31,Sports,Tennis Racket,East,Retail,69,470.83,32487.27,
2022-07-31,Clothing,Jeans,Central,Retail,16,131.96,2111.36,449.44
2022-07-31,Home & Garden,Garden Tools,South,Retail,31,339.78,10006.52,4222.33
2022-07-31,Clothing,Jacket,Central,Wholesale,20,80.85,1617.0,613.52
2022-07-31,Home & Garden,Cookware Set,North,Retail,89,487.53,52068.2,20646.49
2022-07-31,Beauty,Hair Dryer,North,Wholesale,45,213.63,11536.02,4198.7
2022-07-31,Electronics,Headphones,North,Retail,54,270.47,17526.46,6960.47
2022-07-31,Clothing,Sneakers,South,Direct,94,78.77,7034.16,1240.37
2022-08-01,Home & Garden,Office Chair,North,Wholesale,10,252.18,3026.16,782.02
2022-08-01,Sports,Bike Helmet,North,Wholesale,85,88.23,8999.46,1512.15
2022-08-01,Beauty,Face Serum,East,Retail,87,60.2,5237.4,1942.69
2022-08-01,Home & Garden,Cookware Set,Central,Direct,65,255.28,16593.2,3350.77
2022-08-01,Electronics,Tablet,North,Wholesale,45,38.85,2097.9,
2022-08-01,Clothing,Sneakers,Central,Retail,32,305.16,9765.12,
2022-08-01,Clothing,Sneakers,South,Direct,61,59.55,3450.92,826.59
2022-08-01,Sports,Running Shoes,South,Wholesale,24,336.84,7679.95,
2022-08-01,Home & Garden,Garden Tools,South,Wholesale,43,364.95,14908.21,5717.05
2022-08-01,Electronics,Laptop,West,Direct,76,270.02,22573.67,9809.88
2022-08-01,Beauty,Skin Care Kit,North,Retail,18,368.73,7964.57,1301.4
2022-08-01,Electronics,Smartphone,Central,Retail,41,483.93,19841.13,3881.94
2022-08-01,Beauty,Hair Dryer,West,Retail,14,243.22,3745.59,1627.23
2022-08-02,Electronics,Tablet,West,Direct,50,102.08,5614.4,1018.23
2022-08-02,Home & Garden,Cookware Set,North,Direct,33,357.09,14140.76,4955.43
2022-08-02,Electronics,Smartphone,North,Wholesale,38,127.02,5792.11,2461.33
2022-08-02,Electronics,Tablet,East,Wholesale,44,41.14,1810.16,663.61
2022-08-02,Electronics,Smartwatch,North,Direct,18,206.65,4463.64,1420.14
2022-08-02,Electronics,Smartwatch,East,Direct,72,206.63,14877.36,4082.52
2022-08-02,Electronics,Smartphone,North,Wholesale,23,28.95,799.02,169.52
2022-08-02,Home & Garden,Office Chair,West,Retail,93,462.83,47347.51,12900.23
2022-08-02,Home & Garden,Garden Tools,East,Wholesale,39,172.1,6711.9,2790.05
2022-08-02,Home & Garden,Bedding Set,Central,Direct,7,444.47,3111.29,1382.23
2022-08-02,Beauty,Face Serum,South,Retail,74,46.48,3267.54,1432.32
2022-08-02,Sports,Running Shoes,South,Retail,10,390.46,3709.37,1465.62
2022-08-02,Electronics,Smartwatch,East,Direct,6,474.28,2845.68,750.08
2022-08-02,Clothing,Dress,West,Direct,41,453.54,20454.65,6358.42
2022-08-02,Electronics,Laptop,South,Direct,67,435.3,27706.85,
2022-08-02,Sports,Bike Helmet,South,Direct,16,376.72,5726.14,1065.64
2022-08-02,Beauty,Makeup Palette,East,Retail,15,193.66,2904.9,1142.68
2022-08-03,Home & Garden,Lamp,Central,Direct,53,437.0,23161.0,5337.3
2022-08-03,Sports,Tennis Racket,East,Retail,57,379.34,21622.38,4093.27
2022-08-03,Beauty,Skin Care Kit,North,Direct,24,365.8,10535.04,3597.28
2022-08-03,Home & Garden,Office Chair,South,Wholesale,31,163.47,4814.19,1114.79
2022-08-03,Beauty,Fragrance,South,Direct,11,404.09,4222.74,663.98
2022-08-03,Electronics,Headphones,South,Direct,63,310.41,18578.04,5182.61
2022-08-03,Home & Garden,Garden Tools,North,Retail,73,312.43,27368.87,8685.57
2022-08-03,Clothing,Jeans,East,Retail,4,48.68,194.72,41.45
2022-08-03,Beauty,Face Serum,North,Direct,68,387.37,31609.39,
2022-08-03,Beauty,Face Serum,West,Retail,48,179.61,9483.41,3833.34
2022-08-03,Clothing,Jeans,East,Direct,40,472.56,18902.4,5046.26
2022-08-03,Beauty,Makeup Palette,South,Direct,97,399.87,36848.02,14803.41
2022-08-03,Beauty,Face Serum,South,Direct,60,213.33,12159.81,2622.59
2022-08-03,Clothing,T-Shirt,Central,Retail,59,257.49,15191.91,5249.38
2022-08-04,Beauty,Hair Dryer,West,Wholesale,71,418.53,32687.19,7882.92
2022-08-04,Home & Garden,Bedding Set,Central,Wholesale,44,189.3,8329.2,2495.69
2022-08-04,Home & Garden,Bedding Set,East,Wholesale,32,334.52,10704.64,2638.6
2022-08-04,Electronics,Tablet,West,Wholesale,84,395.83,36574.69,6703.8
2022-08-04,Home & Garden,Office Chair,East,Direct,7,324.78,2273.46,510.85
2022-08-04,Sports,Tennis Racket,North,Direct,75,198.98,17908.2,5576.34
2022-08-04,Electronics,Headphones,North,Retail,73,293.98,25752.65,11165.48
2022-08-04,Electronics,Tablet,South,Retail,2,147.78,280.78,110.39
2022-08-04,Home & Garden,Office Chair,Central,Retail,97,266.2,25821.4,5343.71
2022-08-04,Home & Garden,Cookware Set,South,Wholesale,83,345.53,27245.04,6979.82
2022-08-04,Electronics,Smartphone,East,Wholesale,17,56.53,961.01,318.57
2022-08-04,Beauty,Hair Dryer,Central,Retail,90,82.52,7426.8,3094.27
2022-08-04,Clothing,Dress,Central,Wholesale,70,124.9,8743.0,3847.55
2022-08-04,Beauty,Makeup Palette,Central,Direct,1,66.71,66.71,10.53
2022-08-05,Sports,Running Shoes,North,Wholesale,69,204.88,16964.06,7471.63
2022-08-05,Sports,Dumbbell Set,Central,Retail,5,337.18,1685.9,683.65
2022-08-05,Clothing,Dress,East,Direct,50,136.08,6804.0,1485.83
2022-08-05,Electronics,Smartwatch,Central,Wholesale,50,180.45,9022.5,2301.8
2022-08-05,Electronics,Smartphone,East,Wholesale,76,310.01,23560.76,7177.84
2022-08-05,Home & Garden,Lamp,North,Direct,87,120.38,12567.67,4356.26
2022-08-05,Electronics,Headphones,Central,Retail,55,387.36,21304.8,9151.83
2022-08-05,Home & Garden,Lamp,North,Retail,18,260.32,5622.91,2098.45
2022-08-05,Electronics,Headphones,South,Direct,31,381.5,11235.17,2065.05
2022-08-05,Beauty,Face Serum,East,Wholesale,60,233.23,13993.8,4248.82
2022-08-05,Sports,Tennis Racket,South,Retail,25,49.5,1175.62,524.62
2022-08-05,Beauty,Skin Care Kit,Central,Direct,24,373.81,8971.44,1681.35
2022-08-05,Home & Garden,Cookware Set,South,Wholesale,41,232.29,9047.7,3103.3
2022-08-05,Beauty,Face Serum,East,Direct,55,343.82,18910.1,4960.11
2022-08-05,Beauty,Makeup Palette,Central,Direct,98,382.69,37503.62,7399.21
2022-08-05,Electronics,Tablet,South,Direct,2,13.46,25.57,9.37
2022-08-05,Clothing,Dress,Central,Retail,33,487.23,16078.59,6393.32
2022-08-05,Electronics,Smartwatch,Central,Wholesale,50,180.45,9022.5,2301.8
2022-08-06,Home & Garden,Lamp,East,Retail,50,160.4,8020.0,3426.19
2022-08-06,Clothing,Dress,Central,Retail,7,358.73,2511.11,796.31
2022-08-06,Electronics,Tablet,Central,Direct,17,69.25,1177.25,469.37
2022-08-06,Beauty,Fragrance,Central,Direct,88,418.99,36871.12,8008.13
2022-08-06,Electronics,Smartphone,East,Retail,9,172.3,1550.7,502.65
2022-08-06,Sports,Running Shoes,East,Direct,41,242.64,9948.24,
2022-08-06,Home & Garden,Bedding Set,West,Wholesale,43,247.5,11706.75,4886.32
2022-08-06,Sports,Dumbbell Set,West,Direct,21,34.93,806.88,236.95
2022-08-06,Home & Garden,Garden Tools,Central,Retail,72,266.78,19208.16,3177.52
2022-08-06,Electronics,Smartphone,South,Wholesale,2,279.71,531.45,179.38
2022-08-06,Clothing,Dress,East,Direct,39,95.12,3709.68,741.95
2022-08-06,Clothing,Jacket,South,Retail,96,226.8,20684.16,3800.98
2022-08-06,Beauty,Skin Care Kit,Central,Wholesale,98,461.95,45271.1,19737.28
2022-08-06,Home & Garden,Garden Tools,East,Wholesale,92,344.5,31694.0,6405.93
2022-08-07,Home & Garden,Cookware Set,Central,Retail,70,77.29,5410.3,2169.14
2022-08-07,Sports,Yoga Mat,Central,Wholesale,20,474.78,9495.6,1838.86
2022-08-07,Clothing,Dress,Central,Wholesale,60,212.47,12748.2,4036.08
2022-08-07,Sports,Dumbbell Set,South,Direct,72,252.24,17253.22,5760.42
2022-08-07,Electronics,Smartwatch,Central,Retail,18,440.61,7930.98,1239.59
2022-08-07,Beauty,Hair Dryer,North,Wholesale,86,35.56,3669.79,1642.63
2022-08-07,Electronics,Tablet,North,Direct,15,60.73,1093.14,
2022-08-07,Electronics,Laptop,Central,Retail,6,335.59,2013.54,348.44
2022-08-07,Beauty,Makeup Palette,Central,Wholesale,4,128.19,512.76,170.99
2022-08-07,Sports,Yoga Mat,North,Direct,94,101.19,11414.23,3131.99
2022-08-07,Electronics,Smartwatch,Central,Direct,57,438.61,25000.77,7709.62
2022-08-07,Electronics,Headphones,East,Direct,65,379.26,24651.9,6570.81
2022-08-07,Beauty,Face Serum,South,Direct,36,58.5,2000.7,628.57
2022-08-07,Home & Garden,Cookware Set,Central,Retail,70,77.29,5410.3,2169.14
2022-08-08,Clothing,Jacket,South,Wholesale,94,95.02,8485.29,2849.48
2022-08-08,Electronics,Headphones,North,Wholesale,59,72.76,5151.41,1597.93
2022-08-08,Beauty,Face Serum,West,Retail,18,161.83,3204.23,574.26
2022-08-08,Beauty,Face Serum,West,Wholesale,44,137.71,6665.16,1437.25
2022-08-08,Home & Garden,Office Chair,West,Wholesale,26,231.97,6634.34,2728.13
2022-08-08,Clothing,Jacket,North,Direct,94,159.64,18007.39,6125.55
2022-08-08,Clothing,Jacket,West,Wholesale,86,490.47,46398.46,17357.83
2022-08-09,Clothing,Jeans,West,Retail,68,221.49,16567.45,5902.36
2022-08-09,Sports,Bike Helmet,South,Wholesale,87,403.88,33380.68,14496.99
2022-08-09,Home & Garden,Bedding Set,South,Wholesale,7,473.22,3146.91,1177.6
2022-08-09,Home & Garden,Lamp,South,Direct,37,408.05,14342.96,4187.37
2022-08-09,Clothing,Jeans,South,Retail,33,328.92,10311.64,1974.63
2022-08-09,Electronics,Headphones,South,Direct,68,444.82,28735.37,5359.89
2022-08-09,Sports,Dumbbell Set,Central,Direct,73,121.56,8873.88,1418.94
2022-08-09,Sports,Bike Helmet,South,Wholesale,81,196.67,15133.76,6263.01
2022-08-09,Sports,Tennis Racket,East,Direct,64,308.11,19719.04,4370.13
2022-08-09,Clothing,Jacket,East,Wholesale,83,273.18,22673.94,7229.46
2022-08-09,Beauty,Hair Dryer,West,Retail,58,319.11,20359.22,3476.57
2022-08-09,Home & Garden,Cookware Set,Central,Direct,17,284.18,4831.06,2092.52
2022-08-09,Clothing,Jacket,East,Retail,29,306.01,8874.29,2223.35
2022-08-09,Beauty,Face Serum,West,Retail,74,61.71,5023.19,1582.82
2022-08-09,Sports,Yoga Mat,Central,Wholesale,57,35.78,2039.46,907.05
2022-08-10,Electronics,Headphones,Central,Direct,63,36.63,2307.69,647.91
2022-08-10,Clothing,Sneakers,East,Direct,28,479.14,13415.92,4435.88
2022-08-10,Sports,Dumbbell Set,East,Wholesale,19,125.22,2379.18,1030.19
2022-08-10,Home & Garden,Cookware Set,North,Retail,10,433.84,5206.08,1551.87
2022-08-10,Sports,Bike Helmet,East,Wholesale,68,194.26,13209.68,3863.23
2022-08-10,Sports,Bike Helmet,Central,Retail,78,402.98,31432.44,7653.3
2022-08-10,Electronics,Laptop,South,Retail,31,294.17,8663.31,2245.04
2022-08-10,Home & Garden,Lamp,North,Wholesale,70,69.16,5809.44,899.44
2022-08-10,Home & Garden,Lamp,East,Wholesale,3,66.67,200.01,89.66
2022-08-10,Clothing,Dress,South,Wholesale,57,198.16,10730.36,4784.82
2022-08-10,Electronics,Smartwatch,West,Direct,61,401.85,26964.14,5938.54
2022-08-10,Sports,Bike Helmet,North,Retail,86,233.63,24110.62,3651.38
2022-08-10,Home & Garden,Office Chair,South,Retail,31,68.85,2027.63,503.88
2022-08-10,Sports,Bike Helmet,East,Retail,88,437.38,38489.44,9741.44
2022-08-10,Electronics,Tablet,North,Direct,28,220.35,7403.76,2557.05
2022-08-11,Home & Garden,Lamp,East,Wholesale,86,458.99,39473.14,14187.17
2022-08-11,Sports,Tennis Racket,North,Direct,59,346.87,24558.4,5144.89
2022-08-11,Electronics,Smartwatch,East,Retail,90,437.89,39410.1,11099.33
2022-08-11,Clothing,T-Shirt,South,Retail,68,282.74,18265.0,3736.73
2022-08-11,Home & Garden,Bedding Set,East,Wholesale,47,431.58,20284.26,7760.43
2022-08-11,Electronics,Laptop,South,Retail,29,451.5,12438.82,3896.34
2022-08-11,Home & Garden,Office Chair,Central,Direct,79,233.81,18470.99,7070.61
2022-08-11,Clothing,T-Shirt,North,Direct,52,495.75,30934.8,7527.49
2022-08-11,Clothing,Jacket,West,Retail,60,226.29,14935.14,6096.73
2022-08-11,Beauty,Skin Care Kit,South,Wholesale,11,471.86,4930.94,2068.45
2022-08-11,Sports,Yoga Mat,East,Retail,49,78.89,3865.61,1712.78
2022-08-11,Clothing,Jacket,North,Retail,75,277.79,25001.1,6289.25
2022-08-12,Home & Garden,Lamp,West,Retail,96,374.54,39551.42,17032.82
2022-08-12,Electronics,Tablet,South,Wholesale,26,231.52,5718.54,1259.88
2022-08-12,Electronics,Tablet,South,Wholesale,82,314.23,24478.52,5006.74
2022-08-12,Clothing,T-Shirt,Central,Direct,35,350.25,12258.75,2299.64
2022-08-12,Clothing,Jacket,East,Retail,43,10.73,461.39,98.02
2022-08-12,Electronics,Smartwatch,West,Retail,32,249.91,8796.83,1657.96
2022-08-12,Electronics,Smartwatch,West,Retail,62,72.65,4954.73,1744.84
2022-08-12,Sports,Dumbbell Set,North,Wholesale,49,243.71,14330.15,3479.78
2022-08-12,Sports,Dumbbell Set,East,Retail,86,246.38,21188.68,3536.68
2022-08-12,Electronics,Tablet,Central,Direct,79,410.87,32458.73,9449.24
2022-08-12,Clothing,Sneakers,North,Direct,22,354.1,9348.24,2971.63
2022-08-12,Home & Garden,Bedding Set,South,Retail,59,422.91,23704.11,7022.26
2022-08-12,Home & Garden,Bedding Set,North,Wholesale,45,457.33,24695.82,6357.92
2022-08-12,Sports,Bike Helmet,East,Direct,19,68.04,1292.76,341.63
2022-08-12,Home & Garden,Lamp,West,Wholesale,98,250.81,27037.32,7907.9
2022-08-12,Electronics,Laptop,North,Direct,95,412.41,47014.74,15753.39
2022-08-12,Sports,Tennis Racket,East,Direct,89,473.98,42184.22,16663.47
2022-08-12,Electronics,Laptop,West,Wholesale,28,261.37,8050.2,1359.52
2022-08-12,Electronics,Headphones,Central,Retail,81,193.01,15633.81,4860.63
2022-08-12,Sports,Yoga Mat,East,Retail,12,116.05,1392.6,605.85
2022-08-13,Beauty,Hair Dryer,North,Wholesale,4,107.57,516.34,121.46
2022-08-13,Electronics,Smartwatch,West,Wholesale,41,80.9,3648.59,1579.35
2022-08-13,Beauty,Hair Dryer,East,Retail,14,413.79,5793.06,1833.53
2022-08-13,Electronics,Tablet,North,Retail,36,469.18,20268.58,7271.63
2022-08-13,Clothing,Dress,Central,Retail,85,315.0,26775.0,7077.41
2022-08-13,Home & Garden,Lamp,South,Direct,11,320.17,3345.78,638.73
2022-08-13,Home & Garden,Office Chair,Central,Wholesale,85,306.89,26085.65,6536.71
2022-08-13,Beauty,Fragrance,East,Retail,11,360.77,3968.47,1620.61
2022-08-13,Sports,Bike Helmet,West,Retail,28,219.0,6745.2,2587.96
2022-08-13,Clothing,Jeans,East,Retail,23,271.7,6249.1,1441.24
2022-08-13,Beauty,Skin Care Kit,East,Retail,56,245.85,13767.6,5862.03
2022-08-13,Sports,Tennis Racket,Central,Wholesale,70,371.47,26002.9,6145.62
2022-08-14,Beauty,Skin Care Kit,North,Direct,32,77.07,2959.49,777.94
2022-08-14,Beauty,Hair Dryer,South,Retail,20,21.25,403.75,131.31
2022-08-14,Electronics,Smartwatch,East,Wholesale,20,16.64,332.8,115.81
2022-08-14,Sports,Bike Helmet,East,Wholesale,24,221.23,5309.52,2175.52
2022-08-14,Sports,Dumbbell Set,Central,Wholesale,30,11.47,344.1,80.34
2022-08-14,Beauty,Makeup Palette,South,Direct,8,471.34,3582.18,1371.21
2022-08-14,Sports,Yoga Mat,Central,Retail,55,51.03,2806.65,1231.7
2022-08-14,Home & Garden,Bedding Set,West,Direct,1,349.39,384.33,130.07
2022-08-14,Electronics,Headphones,North,Direct,40,120.13,5766.24,2316.69
2022-08-14,Sports,Yoga Mat,North,Retail,95,25.28,2881.92,1059.26
2022-08-14,Beauty,Fragrance,Central,Direct,38,94.74,3600.12,663.71
2022-08-14,Clothing,Dress,Central,Direct,30,82.99,2489.7,941.69
2022-08-14,Sports,Running Shoes,East,Direct,67,248.16,16626.72,2607.97
2022-08-14,Sports,Yoga Mat,South,Wholesale,19,75.17,1356.82,481.1
2022-08-14,Home & Garden,Bedding Set,Central,Direct,25,310.82,7770.5,3116.96
2022-08-15,Sports,Yoga Mat,South,Direct,74,392.12,27566.04,5907.28
2022-08-15,Sports,Dumbbell Set,Central,Direct,90,299.25,26932.5,4436.47
2022-08-15,Home & Garden,Office Chair,North,Retail,79,316.37,29991.88,11772.54
2022-08-15,Beauty,Hair Dryer,West,Retail,16,56.88,1001.09,404.05
2022-08-15,Home & Garden,Bedding Set,South,Direct,74,94.21,6622.96,2873.17
2022-08-15,Electronics,Laptop,Central,Direct,39,317.16,12369.24,5231.66
2022-08-15,Sports,Dumbbell Set,East,Retail,65,289.4,18811.0,8180.74
2022-08-15,Clothing,Sneakers,East,Wholesale,34,301.01,10234.34,4368.56
2022-08-15,Clothing,Dress,Central,Direct,28,321.47,9001.16,2895.22
2022-08-15,Sports,Bike Helmet,West,Retail,45,205.09,10151.95,1654.47
2022-08-15,Beauty,Skin Care Kit,South,Wholesale,78,433.79,32143.84,13158.56
2022-08-15,Sports,Bike Helmet,Central,Retail,70,151.07,10574.9,4716.67
2022-08-15,Home & Garden,Garden Tools,West,Retail,76,436.53,36493.91,11362.74
2022-08-15,Clothing,Sneakers,South,Wholesale,43,425.87,17396.79,7140.96
2022-08-15,Sports,Running Shoes,East,Direct,42,195.14,8195.88,2296.74
2022-08-15,Electronics,Smartphone,North,Direct,2,247.26,593.42,187.77
2022-08-15,Beauty,Skin Care Kit,Central,Wholesale,23,107.62,2475.26,789.31
2022-08-16,Electronics,Smartphone,North,Wholesale,78,324.24,30348.86,9864.27
2022-08-16,Electronics,Smartwatch,West,Direct,80,305.72,26903.36,11115.18
2022-08-16,Electronics,Laptop,East,Retail,84,461.28,38747.52,7105.11
2022-08-16,Sports,Dumbbell Set,East,Retail,7,232.95,1630.65,375.57
2022-08-16,Electronics,Tablet,East,Wholesale,69,494.35,34110.15,5827.91
2022-08-16,Sports,Yoga Mat,Central,Wholesale,20,284.55,5691.0,1254.63
2022-08-16,Sports,Bike Helmet,West,Retail,8,67.4,593.12,242.94
2022-08-16,Electronics,Headphones,Central,Wholesale,2,103.7,207.4,81.75
2022-08-16,Electronics,Headphones,East,Wholesale,20,375.35,7507.0,2315.7
2022-08-16,Home & Garden,Bedding Set,Central,Retail,12,46.25,555.0,121.32
2022-08-16,Electronics,Laptop,North,Direct,96,316.96,36513.79,10065.82
2022-08-17,Clothing,T-Shirt,East,Retail,40,412.06,16482.4,6780.81
2022-08-17,Sports,Running Shoes,South,Direct,43,485.37,19827.36,3273.6
2022-08-17,Beauty,Face Serum,South,Wholesale,23,446.36,9752.97,1779.98
2022-08-17,Clothing,Jeans,Central,Direct,78,393.02,30655.56,8001.58
2022-08-17,Clothing,Jeans,North,Direct,89,35.05,3743.34,969.69
2022-08-17,Home & Garden,Bedding Set,Central,Direct,78,365.96,28544.88,10279.22
2022-08-17,Beauty,Makeup Palette,South,Retail,61,491.86,28503.29,5009.1
2022-08-17,Home & Garden,Office Chair,South,Retail,90,190.98,16328.79,5241.14
2022-08-17,Clothing,Jacket,West,Retail,53,193.22,11264.73,2011.39
2022-08-17,Sports,Running Shoes,North,Direct,89,113.88,12162.38,3681.43
2022-08-17,Sports,Dumbbell Set,Central,Retail,31,403.94,12522.14,2565.94
2022-08-17,Clothing,Sneakers,West,Wholesale,46,294.69,14911.31,5689.68
2022-08-17,Clothing,Sneakers,South,Direct,53,370.54,18656.69,7530.21
2022-08-18,Sports,Dumbbell Set,East,Retail,31,199.22,6175.82,1077.57
2022-08-18,Home & Garden,Cookware Set,Central,Direct,99,374.38,37063.62,13607.24
2022-08-18,Clothing,Dress,West,Direct,12,399.81,5277.49,1318.53
2022-08-18,Beauty,Makeup Palette,West,Direct,78,269.3,23105.94,6882.04
2022-08-18,Home & Garden,Cookware Set,West,Direct,95,220.4,23031.8,8646.81
2022-08-18,Beauty,Face Serum,South,Wholesale,50,281.11,13352.72,5581.97
2022-08-18,Clothing,T-Shirt,West,Wholesale,26,375.02,10725.57,3369.07
2022-08-18,Beauty,Makeup Palette,South,Direct,93,422.76,37350.85,12761.76
2022-08-18,Home & Garden,Cookware Set,East,Wholesale,53,193.29,10244.37,1847.93
2022-08-18,Clothing,Sneakers,East,Wholesale,51,389.6,19869.6,7292.57
2022-08-18,Home & Garden,Cookware Set,East,Wholesale,74,98.01,7252.74,1363.76
2022-08-18,Beauty,Skin Care Kit,Central,Direct,64,460.05,29443.2,6180.65
2022-08-18,Beauty,Face Serum,South,Direct,35,183.5,6101.38,1569.88
2022-08-18,Electronics,Smartphone,West,Wholesale,52,256.24,14656.93,6429.71
2022-08-18,Home & Garden,Cookware Set,North,Wholesale,75,193.46,17411.4,5051.45
2022-08-18,Home & Garden,Office Chair,North,Retail,6,471.02,3391.34,776.2
2022-08-19,Sports,Yoga Mat,East,Wholesale,79,289.35,22858.65,3992.57
2022-08-19,Clothing,Jacket,Central,Wholesale,4,35.72,142.88,57.56
2022-08-19,Electronics,Tablet,East,Direct,51,230.42,11751.42,4711.28
2022-08-19,Home & Garden,Garden Tools,North,Wholesale,91,54.25,5924.1,2382.77
2022-08-19,Sports,Running Shoes,Central,Wholesale,30,221.78,6653.4,2696.75
2022-08-19,Electronics,Tablet,Central,Wholesale,36,494.07,17786.52,2832.68
2022-08-19,Home & Garden,Bedding Set,East,Direct,1,482.89,482.89,185.66
2022-08-19,Home & Garden,Office Chair,South,Retail,4,220.79,839.0,193.97
2022-08-19,Sports,Yoga Mat,South,Retail,78,358.46,26561.89,10308.58
2022-08-19,Clothing,T-Shirt,West,Wholesale,16,19.52,343.55,69.02
2022-08-19,Electronics,Smartwatch,North,Retail,88,372.83,39370.85,14916.34
2022-08-19,Electronics,Headphones,Central,Direct,91,454.87,41393.17,8405.95
2022-08-19,Electronics,Headphones,West,Wholesale,46,277.45,14038.97,4985.9
2022-08-19,Electronics,Smartphone,East,Direct,2,23.67,47.34,11.72
2022-08-19,Clothing,Sneakers,South,Direct,71,264.21,17820.96,6111.3
2022-08-19,Clothing,Sneakers,South,Direct,49,87.41,4068.94,632.52
2022-08-20,Sports,Running Shoes,East,Direct,15,239.48,3592.2,619.98
2022-08-20,Electronics,Laptop,North,Direct,28,243.64,8186.3,1553.84
2022-08-20,Home & Garden,Office Chair,West,Retail,63,242.18,16783.07,3342.11
2022-08-20,Clothing,Jeans,East,Direct,7,155.69,1089.83,350.99
2022-08-20,Beauty,Makeup Palette,Central,Wholesale,21,42.72,897.12,305.83
2022-08-20,Clothing,Sneakers,South,Direct,38,235.82,8513.1,2966.8
2022-08-20,Clothing,T-Shirt,South,Retail,18,208.45,3564.49,880.1
2022-08-20,Sports,Running Shoes,West,Wholesale,67,425.42,31353.45,5686.76
2022-08-20,Home & Garden,Bedding Set,East,Wholesale,85,114.23,9709.55,2410.21
2022-08-20,Beauty,Hair Dryer,Central,Retail,5,383.1,1915.5,334.05
2022-08-20,Home & Garden,Office Chair,East,Retail,91,431.24,39242.84,11292.88
2022-08-20,Electronics,Laptop,North,Wholesale,96,110.95,12781.44,4345.1
2022-08-20,Electronics,Smartphone,South,Direct,6,161.15,918.56,404.43
2022-08-20,Clothing,Sneakers,West,Retail,32,173.41,6104.03,2711.33
2022-08-20,Clothing,Sneakers,East,Direct,19,75.29,1430.51,305.45
2022-08-20,Home & Garden,Office Chair,West,Direct,47,292.62,15128.45,2968.94
2022-08-20,Clothing,Dress,North,Retail,4,197.64,948.67,346.62
2022-08-20,Clothing,Sneakers,South,Wholesale,15,429.83,6125.08,2487.58
2022-08-20,Beauty,Hair Dryer,Central,Retail,69,429.71,29649.99,4704.08
2022-08-20,Electronics,Tablet,Central,Retail,42,427.27,17945.34,7798.3
2022-08-20,Beauty,Face Serum,West,Retail,43,371.84,17588.03,6307.56
2022-08-20,Beauty,Fragrance,West,Direct,8,203.75,1793.0,780.15
2022-08-20,Electronics,Smartwatch,North,Wholesale,5,320.12,1920.72,516.83
2022-08-21,Beauty,Skin Care Kit,South,Direct,81,345.36,26575.45,6277.49
2022-08-21,Electronics,Laptop,East,Direct,70,212.85,14899.5,5616.17
2022-08-21,Electronics,Headphones,Central,Wholesale,87,310.1,26978.7,9109.56
2022-08-21,Home & Garden,Cookware Set,South,Retail,72,56.16,3841.34,817.88
2022-08-21,Sports,Yoga Mat,West,Direct,73,492.61,39556.58,
2022-08-21,Beauty,Fragrance,Central,Direct,93,363.23,33780.39,6347.28
2022-08-21,Beauty,Makeup Palette,North,Retail,16,344.93,6622.66,1713.46
2022-08-21,Clothing,Sneakers,East,Wholesale,92,327.11,30094.12,13436.28
2022-08-21,Beauty,Fragrance,Central,Wholesale,41,119.57,4902.37,1664.94
2022-08-21,Home & Garden,Garden Tools,West,Retail,97,43.44,4635.05,1085.64
2022-08-21,Beauty,Skin Care Kit,East,Direct,25,235.15,5878.75,1089.09
2022-08-21,Beauty,Fragrance,East,Wholesale,3,249.04,747.12,307.22
2022-08-21,Electronics,Smartphone,West,Retail,13,405.49,5798.51,1963.31
2022-08-21,Sports,Running Shoes,East,Retail,26,129.3,3361.8,705.4
2022-08-21,Home & Garden,Office Chair,Central,Retail,2,354.22,708.44,176.2
2022-08-22,Sports,Running Shoes,South,Retail,20,379.07,7202.33,2224.76
2022-08-22,Electronics,Laptop,North,Direct,73,343.22,30066.07,7131.6
2022-08-22,Electronics,Tablet,Central,Retail,57,294.15,16766.55,2726.02
2022-08-22,Electronics,Tablet,North,Retail,17,266.05,5427.42,913.22
2022-08-22,Sports,Tennis Racket,South,Direct,40,285.21,10837.98,4859.83
2022-08-22,Beauty,Face Serum,South,Wholesale,71,158.78,10709.71,2174.75
2022-08-22,Electronics,Laptop,North,Direct,69,301.83,24991.52,6300.0
2022-08-22,Sports,Yoga Mat,South,Direct,13,248.47,3068.6,742.81
2022-08-22,Electronics,Laptop,East,Wholesale,79,151.28,11951.12,5137.02
2022-08-22,Beauty,Face Serum,Central,Wholesale,4,490.54,1962.16,814.63
2022-08-22,Electronics,Headphones,Central,Retail,27,422.24,11400.48,3307.53
2022-08-22,Home & Garden,Bedding Set,West,Wholesale,6,376.82,2487.01,832.7
2022-08-22,Beauty,Face Serum,Central,Direct,22,40.92,900.24,180.47
2022-08-22,Electronics,Tablet,South,Retail,18,413.16,7065.04,1327.03
2022-08-22,Sports,Dumbbell Set,Central,Retail,75,244.67,18350.25,5014.31
2022-08-22,Beauty,Hair Dryer,North,Wholesale,63,93.1,7038.36,2744.96
2022-08-22,Beauty,Fragrance,East,Wholesale,48,369.36,17729.28,4796.76
2022-08-22,Clothing,Jeans,Central,Wholesale,9,410.11,3690.99,1071.39
2022-08-22,Beauty,Makeup Palette,East,Direct,70,481.23,33686.1,9171.52
2022-08-23,Sports,Tennis Racket,South,Retail,95,128.61,11607.05,2665.23
2022-08-23,Electronics,Laptop,West,Retail,81,173.66,15473.11,5144.38
2022-08-23,Clothing,Dress,South,Retail,79,154.33,11582.47,2180.26
2022-08-23,Clothing,T-Shirt,North,Direct,66,394.43,31238.86,10908.33
2022-08-23,Clothing,Dress,North,Direct,96,36.25,4176.0,1257.08
2022-08-23,Electronics,Laptop,North,Wholesale,43,325.29,16784.96,4845.87
2022-08-23,Beauty,Makeup Palette,Central,Direct,51,23.43,1194.93,243.92
2022-08-23,Sports,Yoga Mat,East,Wholesale,47,284.02,13348.94,2407.89
2022-08-23,Sports,Running Shoes,East,Wholesale,13,350.25,4553.25,1105.31
2022-08-23,Clothing,Jeans,West,Retail,57,145.49,9122.22,2939.39
2022-08-23,Sports,Tennis Racket,North,Retail,81,29.54,2871.29,1259.71
2022-08-23,Electronics,Smartphone,South,Direct,11,375.84,3927.53,1129.71
2022-08-23,Home & Garden,Garden Tools,West,Wholesale,48,479.37,25310.74,9495.15
2022-08-23,Clothing,Sneakers,North,Retail,80,47.79,4587.84,1827.5
2022-08-23,Clothing,T-Shirt,West,Retail,21,219.36,5067.22,1190.49
2022-08-23,Electronics,Headphones,East,Direct,92,470.41,43277.72,19471.77
2022-08-23,Beauty,Hair Dryer,North,Retail,59,128.48,9096.38,3705.91
2022-08-23,Sports,Yoga Mat,East,Wholesale,86,250.61,21552.46,6146.72
2022-08-23,Beauty,Hair Dryer,North,Retail,91,214.01,23369.89,3725.12
2022-08-24,Beauty,Hair Dryer,West,Retail,26,376.07,10755.6,4512.1
2022-08-24,Beauty,Face Serum,Central,Direct,7,402.13,2814.91,728.49
2022-08-24,Clothing,Dress,East,Direct,47,237.25,11150.75,3839.75
2022-08-24,Clothing,Jeans,North,Retail,89,312.2,33342.96,13799.57
2022-08-24,Clothing,Sneakers,South,Direct,47,401.72,17936.8,3700.13
2022-08-24,Home & Garden,Lamp,West,Direct,20,396.28,8718.16,1934.67
2022-08-24,Home & Garden,Bedding Set,North,Direct,30,358.38,12901.68,2669.12
2022-08-24,Sports,Dumbbell Set,Central,Wholesale,66,346.37,22860.42,10172.49
2022-08-24,Sports,Bike Helmet,West,Wholesale,55,123.03,7443.32,1954.24
2022-08-24,Electronics,Headphones,South,Direct,55,106.2,5548.95,2003.39
2022-08-24,Beauty,Hair Dryer,East,Direct,90,395.82,35623.8,8071.64
2022-08-24,Beauty,Face Serum,Central,Wholesale,98,79.72,7812.56,2503.33
2022-08-24,Home & Garden,Bedding Set,Central,Wholesale,37,78.45,2902.65,1185.62
2022-08-24,Home & Garden,Office Chair,South,Retail,17,55.74,900.2,200.62
2022-08-24,Beauty,Face Serum,Central,Retail,88,456.73,40192.24,14831.46
2022-08-24,Beauty,Makeup Palette,South,Wholesale,20,131.89,2505.91,620.76
2022-08-25,Home & Garden,Office Chair,West,Direct,14,69.87,1076.0,319.36
2022-08-25,Sports,Tennis Racket,North,Retail,22,218.92,5779.49,2415.59
2022-08-25,Electronics,Tablet,West,Wholesale,48,445.39,23516.59,4394.37
2022-08-25,Beauty,Hair Dryer,East,Wholesale,59,136.82,8072.38,2448.77
2022-08-25,Clothing,T-Shirt,East,Retail,73,239.07,17452.11,5745.88
2022-08-25,Clothing,Sneakers,East,Direct,97,26.18,2539.46,545.06
2022-08-25,Sports,Tennis Racket,West,Direct,54,358.37,21287.18,4338.26
2022-08-25,Electronics,Smartwatch,South,Wholesale,78,341.64,25315.52,10144.75
2022-08-25,Beauty,Skin Care Kit,West,Direct,5,168.22,925.21,390.31
2022-08-25,Electronics,Tablet,West,Direct,82,146.37,13202.57,4554.98
2022-08-25,Beauty,Makeup Palette,Central,Wholesale,61,44.26,2699.86,1159.71
2022-08-25,Sports,Running Shoes,East,Direct,77,365.35,28131.95,7842.51
2022-08-25,Home & Garden,Cookware Set,West,Wholesale,84,283.57,26201.87,4540.39
2022-08-25,Sports,Dumbbell Set,South,Wholesale,41,495.49,19299.34,5630.67
2022-08-25,Clothing,Jacket,North,Wholesale,71,362.98,30925.9,12943.35
2022-08-25,Sports,Running Shoes,Central,Direct,2,92.7,185.4,67.76
2022-08-25,Sports,Bike Helmet,South,Direct,1,218.56,207.63,66.48
2022-08-25,Sports,Bike Helmet,North,Retail,30,140.3,5050.8,1600.74
2022-08-26,Sports,Yoga Mat,East,Direct,25,40.85,1021.25,420.28
2022-08-26,Clothing,Dress,South,Retail,70,203.58,13538.07,3768.51
2022-08-26,Sports,Running Shoes,Central,Retail,24,104.86,2516.64,459.57
2022-08-26,Home & Garden,Bedding Set,Central,Retail,77,426.3,32825.1,9317.39
2022-08-26,Clothing,Jeans,East,Retail,82,122.49,10044.18,3457.23
2022-08-26,Beauty,Skin Care Kit,East,Retail,92,90.39,8315.88,1827.84
2022-08-26,Clothing,T-Shirt,Central,Wholesale,32,196.09,6274.88,2358.84
2022-08-26,Home & Garden,Office Chair,North,Retail,81,361.92,35178.62,10097.58
2022-08-26,Electronics,Smartwatch,Central,Wholesale,12,225.15,2701.8,646.84
2022-08-26,Home & Garden,Garden Tools,West,Retail,50,497.71,27374.05,7142.1
2022-08-26,Electronics,Laptop,North,Retail,18,431.83,9327.53,3665.19
2022-08-26,Home & Garden,Lamp,West,Wholesale,54,33.08,1964.95,537.14
2022-08-26,Sports,Bike Helmet,North,Retail,66,332.02,26295.98,11667.54
2022-08-27,Beauty,Skin Care Kit,Central,Direct,55,25.57,1406.35,250.48
2022-08-27,Clothing,Jacket,Central,Wholesale,27,297.33,8027.91,3162.32
2022-08-27,Electronics,Smartphone,North,Retail,61,269.42,19721.54,7495.23
2022-08-27,Clothing,Sneakers,South,Retail,19,436.91,7886.23,2734.89
2022-08-27,Clothing,Sneakers,South,Retail,39,90.01,3334.87,1491.69
2022-08-27,Clothing,Jacket,East,Retail,9,331.05,2979.45,599.21
2022-08-27,Clothing,Dress,West,Wholesale,69,499.07,37879.41,5874.97
2022-08-27,Clothing,Dress,North,Wholesale,29,130.67,4547.32,1956.6
2022-08-27,Sports,Yoga Mat,North,Direct,72,71.7,6194.88,1199.3
2022-08-27,Home & Garden,Garden Tools,North,Direct,30,263.21,9475.56,2667.26
2022-08-27,Home & Garden,Garden Tools,Central,Retail,63,50.63,3189.69,931.05
2022-08-27,Beauty,Fragrance,East,Wholesale,60,353.45,21207.0,4636.12
2022-08-27,Beauty,Face Serum,North,Wholesale,56,198.08,13310.98,2923.64
2022-08-27,Beauty,Makeup Palette,South,Wholesale,49,468.1,21790.06,7532.31
2022-08-27,Sports,Tennis Racket,North,Wholesale,45,370.81,20023.74,6893.13
2022-08-27,Electronics,Laptop,North,Direct,78,295.44,27653.18,7866.28
2022-08-27,Clothing,Jeans,East,Wholesale,8,106.03,848.24,339.39
2022-08-27,Electronics,Tablet,West,Direct,25,320.1,8802.75,3355.65
2022-08-27,Beauty,Fragrance,East,Direct,16,410.52,6568.32,2910.9
2022-08-28,Clothing,T-Shirt,Central,Direct,37,378.67,14010.79,5396.12
2022-08-28,Clothing,Jacket,West,Wholesale,81,159.7,14229.27,5120.15
2022-08-28,Home & Garden,Lamp,East,Direct,62,342.49,21234.38,5097.36
2022-08-28,Electronics,Smartphone,Central,Retail,67,496.89,33291.63,10899.56
2022-08-28,Electronics,Headphones,West,Retail,57,56.2,3523.74,1100.35
2022-08-28,Electronics,Smartphone,West,Direct,14,222.88,3432.35,818.57
2022-08-28,Beauty,Fragrance,North,Retail,71,291.23,24812.8,8319.49
2022-08-28,Clothing,Dress,South,Wholesale,52,199.98,9879.01,1963.07
2022-08-28,Sports,Tennis Racket,North,Direct,27,36.47,1181.63,356.2
2022-08-28,Clothing,Jeans,East,Wholesale,47,253.19,11899.93,2893.99
2022-08-28,Clothing,Sneakers,Central,Retail,55,185.86,10222.3,1940.04
2022-08-28,Clothing,Jeans,West,Direct,14,448.8,6911.52,2618.4
2022-08-28,Electronics,Smartwatch,North,Direct,65,352.83,27520.74,11461.98
2022-08-29,Electronics,Smartwatch,North,Wholesale,24,43.58,1255.1,213.85
2022-08-29,Electronics,Laptop,East,Direct,52,247.02,12845.04,2635.97
2022-08-29,Home & Garden,Garden Tools,East,Wholesale,56,191.41,10718.96,4502.13
2022-08-29,Clothing,Jeans,West,Direct,12,151.49,1999.67,850.22
2022-08-29,Electronics,Smartphone,South,Direct,35,129.69,4312.19,1331.77
2022-08-29,Beauty,Skin Care Kit,West,Retail,73,378.95,30429.69,10295.36
2022-08-29,Home & Garden,Bedding Set,East,Wholesale,23,54.77,1259.71,463.36
2022-08-29,Beauty,Fragrance,North,Direct,78,417.81,39107.02,8687.61
2022-08-29,Electronics,Tablet,East,Wholesale,24,67.99,1631.76,672.08
2022-08-29,Clothing,Dress,East,Direct,63,387.72,24426.36,6359.36
2022-08-29,Sports,Yoga Mat,South,Retail,79,402.97,30242.9,5718.25
2022-08-29,Beauty,Skin Care Kit,East,Wholesale,37,233.29,8631.73,1506.96
2022-08-29,Clothing,Jacket,West,Direct,85,453.4,42392.9,13690.11
2022-08-29,Sports,Yoga Mat,East,Retail,65,345.61,22464.65,6947.54
2022-08-29,Sports,Dumbbell Set,South,Wholesale,32,79.85,2427.44,633.59
2022-08-29,Beauty,Makeup Palette,North,Retail,62,268.05,19942.92,8221.92
2022-08-30,Electronics,Headphones,East,Wholesale,39,54.22,2114.58,839.09
2022-08-30,Beauty,Hair Dryer,Central,Wholesale,20,208.54,4170.8,1330.07
2022-08-30,Electronics,Smartphone,North,Direct,3,377.02,1357.27,310.56
2022-08-30,Home & Garden,Bedding Set,South,Retail,47,336.69,15033.21,3899.63
2022-08-30,Electronics,Tablet,Central,Retail,85,277.98,23628.3,6107.88
2022-08-30,Electronics,Headphones,East,Direct,55,209.94,11546.7,3921.85
2022-08-30,Clothing,Dress,East,Wholesale,68,286.37,19473.16,5691.82
2022-08-30,Clothing,Jeans,East,Wholesale,67,450.09,30156.03,9231.93
2022-08-30,Home & Garden,Lamp,North,Retail,10,239.9,2878.8,992.66
2022-08-30,Clothing,Dress,West,Direct,20,74.46,1638.12,616.21
2022-08-30,Home & Garden,Cookware Set,West,Direct,27,159.0,4722.3,1007.14
2022-08-30,Clothing,Jeans,Central,Retail,54,74.72,4034.88,1195.96
2022-08-31,Home & Garden,Office Chair,South,Direct,55,306.24,16001.04,5174.44
2022-08-31,Sports,Yoga Mat,North,Wholesale,26,127.42,3975.5,1308.34
2022-08-31,Beauty,Face Serum,South,Retail,89,58.51,4947.02,1958.67
2022-08-31,Electronics,Laptop,West,Retail,87,243.44,23297.21,8805.71
2022-08-31,Sports,Running Shoes,North,Retail,71,180.34,15364.97,6841.63
2022-08-31,Sports,Tennis Racket,North,Direct,96,401.08,46204.42,14946.68
2022-08-31,Beauty,Makeup Palette,South,Retail,11,323.14,3376.81,985.1
2022-08-31,Beauty,Fragrance,East,Direct,92,171.46,15774.32,5583.68
2022-08-31,Clothing,Jeans,West,Wholesale,33,243.96,8855.75,2612.55
2022-08-31,Clothing,T-Shirt,North,Wholesale,62,378.65,28171.56,10930.15
2022-08-31,Home & Garden,Office Chair,North,Retail,66,136.73,10829.02,4657.44
2022-08-31,Clothing,Sneakers,West,Retail,39,498.3,21377.07,6027.14
2022-08-31,Beauty,Makeup Palette,South,Direct,64,148.51,9029.41,2685.47
2022-08-31,Sports,Running Shoes,Central,Retail,39,350.13,13655.07,2840.22
2022-08-31,Sports,Running Shoes,North,Direct,9,11.81,127.55,26.27
2022-09-01,Clothing,Dress,Central,Wholesale,68,217.39,14782.52,5659.51
2022-09-01,Beauty,Fragrance,West,Direct,97,496.86,53014.96,20204.55
2022-09-01,Sports,Running Shoes,South,Direct,20,194.12,3688.28,1263.65
2022-09-01,Electronics,Tablet,South,Retail,2,80.05,152.09,24.37
2022-09-01,Home & Garden,Lamp,North,Wholesale,52,325.34,20301.22,7200.87
2022-09-01,Home & Garden,Garden Tools,East,Wholesale,63,160.16,10090.08,3021.91
2022-09-01,Clothing,Jacket,West,Wholesale,6,302.73,1998.02,534.74
2022-09-01,Electronics,Tablet,East,Wholesale,53,391.47,20747.91,8290.94
2022-09-01,Home & Garden,Bedding Set,West,Retail,11,181.23,2192.88,796.95
2022-09-01,Clothing,Jeans,East,Direct,55,240.01,13200.55,3723.77
2022-09-01,Beauty,Face Serum,East,Direct,42,405.72,17040.24,4364.77
2022-09-01,Clothing,T-Shirt,North,Wholesale,71,429.63,36604.48,
2022-09-01,Beauty,Face Serum,North,Wholesale,35,381.93,16041.06,7031.31
2022-09-01,Clothing,Jeans,Central,Wholesale,2,369.41,738.82,244.36
2022-09-02,Home & Garden,Office Chair,East,Wholesale,99,391.06,38714.94,11435.58
2022-09-02,Clothing,Sneakers,South,Retail,82,142.77,11121.78,3171.11
2022-09-02,Clothing,Jacket,South,Wholesale,89,122.83,10385.28,3501.67
2022-09-02,Sports,Bike Helmet,South,Direct,99,470.49,44249.58,16346.48
2022-09-02,Sports,Tennis Racket,East,Wholesale,90,404.42,36397.8,10386.83
2022-09-02,Clothing,T-Shirt,West,Wholesale,70,213.85,16466.45,3387.01
2022-09-02,Clothing,Jacket,North,Retail,40,307.1,14740.8,6429.81
2022-09-02,Beauty,Skin Care Kit,South,Direct,33,208.21,6527.38,1566.3
2022-09-02,Beauty,Face Serum,South,Retail,41,274.0,10672.3,3297.22
2022-09-02,Clothing,Dress,North,Direct,4,374.06,1795.49,369.66
2022-09-02,Clothing,Jeans,Central,Retail,81,343.33,27809.73,7632.71
2022-09-02,Electronics,Smartphone,East,Wholesale,67,153.93,10313.31,4065.88
2022-09-02,Electronics,Smartphone,North,Direct,18,90.18,1947.89,521.98
2022-09-02,Sports,Yoga Mat,South,Wholesale,86,424.34,34668.58,14512.04
2022-09-02,Clothing,Sneakers,West,Wholesale,31,420.55,14340.76,3114.71
2022-09-02,Electronics,Headphones,South,Retail,97,218.57,20141.23,8165.0
2022-09-02,Electronics,Headphones,North,Retail,23,490.41,13535.32,5897.67
2022-09-02,Sports,Yoga Mat,South,Wholesale,86,424.34,34668.58,14512.04
2022-09-03,Sports,Tennis Racket,Central,Retail,13,202.84,2636.92,1143.65
2022-09-03,Sports,Yoga Mat,West,Direct,43,82.6,3906.98,1622.43
2022-09-03,Beauty,Makeup Palette,West,Retail,39,423.68,18175.87,3717.28
2022-09-03,Clothing,Dress,West,Retail,82,199.8,18021.96,4236.77
2022-09-03,Beauty,Skin Care Kit,East,Direct,30,160.74,4822.2,908.71
2022-09-03,Home & Garden,Lamp,East,Wholesale,55,172.33,9478.15,3670.91
2022-09-03,Electronics,Headphones,East,Retail,49,58.66,2874.34,670.87
2022-09-03,Home & Garden,Bedding Set,East,Wholesale,74,49.56,3667.44,
2022-09-03,Electronics,Smartwatch,North,Direct,54,428.13,27742.82,5962.95
2022-09-03,Clothing,Sneakers,South,Retail,22,151.84,3173.46,516.13
2022-09-03,Clothing,Sneakers,East,Retail,95,301.36,28629.2,5761.42
2022-09-03,Beauty,Makeup Palette,East,Direct,15,318.19,4772.85,1654.14
2022-09-03,Electronics,Headphones,South,Retail,5,345.48,1641.03,
2022-09-03,Beauty,Hair Dryer,South,Retail,38,490.7,17714.27,7518.74
2022-09-03,Beauty,Makeup Palette,South,Direct,19,468.98,8465.09,3573.14
2022-09-03,Electronics,Smartwatch,West,Direct,45,88.16,4363.92,1221.26
2022-09-03,Beauty,Hair Dryer,Central,Direct,47,26.69,1254.43,196.49
2022-09-04,Beauty,Skin Care Kit,South,Retail,60,439.34,25042.38,9353.52
2022-09-04,Sports,Bike Helmet,West,Direct,42,158.25,7311.15,2763.63
2022-09-04,Sports,Tennis Racket,West,Direct,73,422.18,33901.05,7043.03
2022-09-04,Home & Garden,Bedding Set,North,Retail,14,499.69,8394.79,3415.65
2022-09-04,Beauty,Skin Care Kit,East,Retail,30,261.11,7833.3,1873.03
2022-09-04,Electronics,Headphones,West,Wholesale,63,94.27,6532.91,2886.26
2022-09-04,Electronics,Headphones,Central,Wholesale,76,56.4,4286.4,1421.13
2022-09-04,Clothing,Jeans,West,Wholesale,89,424.31,41539.95,10818.65
2022-09-04,Electronics,Headphones,South,Direct,61,193.35,11204.63,
2022-09-04,Beauty,Fragrance,East,Wholesale,31,322.03,9982.93,2906.9
2022-09-04,Home & Garden,Garden Tools,South,Direct,69,277.82,18211.1,3662.16
2022-09-04,Sports,Bike Helmet,South,Wholesale,93,70.27,6208.35,1825.66
2022-09-04,Beauty,Makeup Palette,Central,Retail,69,86.96,6000.24,1881.58
2022-09-05,Home & Garden,Bedding Set,North,Wholesale,9,287.91,3109.43,1291.79
2022-09-05,Beauty,Fragrance,South,Retail,4,305.7,1161.66,324.97
2022-09-05,Clothing,Dress,South,Retail,69,208.48,13665.86,4773.92
2022-09-05,Clothing,Jeans,South,Retail,21,123.6,2465.82,876.16
2022-09-05,Beauty,Hair Dryer,South,Retail,92,411.28,35945.87,7087.98
2022-09-05,Sports,Yoga Mat,East,Wholesale,90,48.34,4350.6,1860.39
2022-09-05,Sports,Yoga Mat,South,Direct,83,340.41,26841.33,9185.91
2022-09-05,Beauty,Skin Care Kit,East,Wholesale,14,261.2,3656.8,630.32
2022-09-05,Beauty,Makeup Palette,North,Wholesale,95,425.39,48494.46,12828.75
2022-09-05,Home & Garden,Cookware Set,Central,Wholesale,23,145.75,3352.25,953.82
2022-09-05,Beauty,Fragrance,West,Direct,12,372.78,4920.7,839.88
2022-09-05,Beauty,Makeup Palette,Central,Retail,83,425.18,35289.94,7047.31
2022-09-05,Beauty,Skin Care Kit,South,Direct,75,491.23,35000.14,10767.49
2022-09-05,Clothing,Jacket,Central,Retail,48,292.5,14040.0,4492.46
2022-09-05,Clothing,T-Shirt,North,Retail,2,62.02,148.85,36.71
2022-09-05,Clothing,Jacket,North,Retail,9,129.69,1400.65,373.53
2022-09-05,Home & Garden,Bedding Set,South,Direct,80,485.85,36924.6,15923.44
2022-09-06,Clothing,T-Shirt,North,Direct,61,454.52,33270.86,11162.76
2022-09-06,Sports,Running Shoes,North,Retail,30,425.0,15300.0,3815.53
2022-09-06,Electronics,Headphones,North,Direct,97,78.89,9182.8,3875.64
2022-09-06,Sports,Tennis Racket,West,Retail,86,194.38,18388.35,5315.06
2022-09-06,Beauty,Makeup Palette,West,Wholesale,1,74.61,82.07,30.88
2022-09-06,Beauty,Skin Care Kit,East,Direct,88,239.67,21090.96,8048.29
2022-09-06,Beauty,Makeup Palette,East,Direct,78,452.04,35259.12,15034.35
2022-09-06,Sports,Dumbbell Set,West,Retail,6,391.43,2583.44,864.98
2022-09-06,Electronics,Smartwatch,South,Direct,18,292.5,5001.75,1936.68
2022-09-06,Electronics,Smartwatch,North,Direct,19,493.33,11247.92,2856.87
2022-09-06,Sports,Tennis Racket,West,Retail,82,154.88,13970.18,5292.44
2022-09-06,Beauty,Hair Dryer,West,Direct,24,365.76,9656.06,3853.83
2022-09-06,Clothing,Sneakers,Central,Wholesale,85,405.94,34504.9,13570.79
2022-09-06,Home & Garden,Office Chair,South,Wholesale,38,322.59,11645.5,2414.76
2022-09-06,Home & Garden,Bedding Set,East,Wholesale,65,471.57,30652.05,9987.08
2022-09-06,Electronics,Headphones,South,Retail,68,261.31,16880.63,6679.63
2022-09-06,Beauty,Makeup Palette,South,Direct,58,104.17,5739.77,1011.39
2022-09-06,Beauty,Face Serum,West,Direct,7,309.14,2380.38,918.66
2022-09-07,Home & Garden,Lamp,East,Wholesale,54,419.01,22626.54,10047.84
2022-09-07,Sports,Tennis Racket,West,Retail,15,246.26,4063.29,1268.56
2022-09-07,Clothing,Dress,East,Direct,39,311.63,12153.57,3788.84
2022-09-07,Home & Garden,Lamp,Central,Wholesale,23,480.32,11047.36,2847.48
2022-09-07,Electronics,Laptop,North,Retail,93,351.39,39215.12,11534.23
2022-09-07,Beauty,Skin Care Kit,West,Retail,60,222.93,14713.38,2273.0
2022-09-07,Home & Garden,Lamp,West,Direct,72,354.1,28044.72,12115.49
2022-09-07,Home & Garden,Lamp,North,Retail,97,402.86,46892.9,9170.72
2022-09-07,Clothing,Dress,Central,Direct,64,383.92,24570.88,7147.14
2022-09-07,Electronics,Laptop,Central,Retail,86,232.03,19954.58,6198.48
2022-09-07,Beauty,Skin Care Kit,South,Retail,52,286.06,14131.36,2523.4
2022-09-07,Beauty,Makeup Palette,West,Direct,65,79.89,5712.14,1457.49
2022-09-07,Sports,Running Shoes,Central,Wholesale,95,430.7,40916.5,9198.38
2022-09-07,Beauty,Face Serum,South,Wholesale,64,269.51,16386.21,6285.1
2022-09-07,Beauty,Face Serum,North,Retail,72,470.98,40692.67,16213.18
2022-09-08,Electronics,Headphones,Central,Direct,38,324.53,12332.14,2967.46
2022-09-08,Electronics,Smartphone,West,Retail,94,477.18,49340.41,10933.4
2022-09-08,Home & Garden,Cookware Set,South,Retail,31,430.3,12672.34,3560.48
2022-09-08,Beauty,Hair Dryer,North,Wholesale,49,241.21,14183.15,2962.58
2022-09-08,Home & Garden,Bedding Set,Central,Retail,17,430.98,7326.66,1375.2
2022-09-08,Beauty,Skin Care Kit,Central,Retail,55,245.21,13486.55,3066.89
2022-09-08,Sports,Running Shoes,Central,Retail,50,352.16,17608.0,4776.77
2022-09-08,Beauty,Makeup Palette,Central,Direct,36,61.95,2230.2,615.73
2022-09-08,Beauty,Skin Care Kit,South,Direct,55,412.76,21566.71,7482.87
2022-09-08,Beauty,Hair Dryer,South,Wholesale,3,29.62,84.42,36.44
2022-09-08,Sports,Yoga Mat,North,Wholesale,67,97.19,7814.08,2911.13
2022-09-08,Electronics,Tablet,West,Wholesale,96,165.42,17468.35,
2022-09-08,Beauty,Fragrance,West,Wholesale,83,58.66,5355.66,2075.97
2022-09-08,Beauty,Skin Care Kit,West,Retail,97,18.31,1953.68,397.22
2022-09-08,Sports,Tennis Racket,North,Retail,67,344.5,27697.8,6838.23
2022-09-08,Sports,Tennis Racket,South,Wholesale,98,489.79,45599.45,12337.36
2022-09-08,Electronics,Smartphone,North,Wholesale,4,390.72,1875.46,774.76
2022-09-08,Clothing,Sneakers,Central,Wholesale,75,388.96,29172.0,4982.98
2022-09-09,Beauty,Hair Dryer,West,Direct,69,65.9,5001.81,873.19
2022-09-09,Home & Garden,Bedding Set,North,Wholesale,74,371.06,32950.13,5635.85
2022-09-09,Beauty,Makeup Palette,West,Wholesale,64,212.69,14973.38,4825.97
2022-09-09,Beauty,Makeup Palette,West,Retail,61,111.56,7485.68,2568.0
2022-09-09,Clothing,T-Shirt,North,Wholesale,82,442.98,43589.23,8391.52
2022-09-09,Sports,Running Shoes,South,Direct,41,457.43,17816.9,6692.74
2022-09-09,Beauty,Makeup Palette,South,Retail,95,423.77,38245.24,6759.1
2022-09-09,Beauty,Face Serum,South,Direct,41,275.08,10714.37,2188.92
2022-09-09,Clothing,Jacket,East,Retail,74,444.55,32896.7,12697.59
2022-09-09,Sports,Tennis Racket,North,Wholesale,63,340.5,25741.8,9153.7
2022-09-10,Clothing,Dress,West,Direct,11,388.36,4699.16,1121.28
2022-09-10,Sports,Tennis Racket,East,Direct,52,31.93,1660.36,319.62
2022-09-10,Beauty,Fragrance,North,Retail,93,364.14,40638.02,9649.02
2022-09-10,Electronics,Smartwatch,South,Wholesale,74,365.86,25719.96,10462.46
2022-09-10,Clothing,Jeans,Central,Direct,4,65.66,262.64,100.54
2022-09-10,Electronics,Headphones,East,Retail,23,67.75,1558.25,388.99
2022-09-10,Beauty,Hair Dryer,Central,Wholesale,9,238.98,2150.82,902.17
2022-09-10,Sports,Yoga Mat,East,Retail,73,292.73,21369.29,6615.24
2022-09-10,Home & Garden,Garden Tools,Central,Direct,70,283.96,19877.2,7588.77
2022-09-10,Beauty,Makeup Palette,West,Wholesale,68,362.85,27141.18,9030.38
2022-09-10,Electronics,Headphones,Central,Wholesale,12,441.25,5295.0,1580.17
2022-09-10,Beauty,Face Serum,North,Retail,31,229.3,8529.96,2486.36
2022-09-10,Sports,Bike Helmet,North,Direct,25,287.4,8622.0,
2022-09-10,Electronics,Laptop,West,Retail,57,234.34,14693.12,5048.03
2022-09-10,Home & Garden,Lamp,West,Retail,21,338.66,7823.05,2405.09
2022-09-10,Electronics,Tablet,West,Wholesale,33,413.01,14992.26,3713.29
2022-09-10,Electronics,Smartwatch,South,Direct,19,425.46,7679.55,2460.19
2022-09-10,Beauty,Makeup Palette,East,Direct,67,194.42,13026.14,5693.88
2022-09-10,Sports,Bike Helmet,East,Retail,5,315.94,1579.7,423.19
2022-09-10,Sports,Dumbbell Set,East,Wholesale,24,93.79,2250.96,979.24
2022-09-11,Clothing,Dress,West,Direct,72,463.91,36741.67,5748.11
2022-09-11,Electronics,Smartwatch,East,Wholesale,61,295.75,18040.75,5348.94
2022-09-11,Home & Garden,Office Chair,North,Wholesale,94,407.02,45911.86,19982.06
2022-09-11,Clothing,Dress,East,Direct,32,188.73,6039.36,1339.68
2022-09-11,Sports,Running Shoes,East,Retail,81,162.39,13153.59,3816.18
2022-09-11,Home & Garden,Garden Tools,Central,Retail,7,91.09,637.63,233.59
2022-09-11,Sports,Tennis Racket,East,Wholesale,19,58.69,1115.11,172.65
2022-09-11,Sports,Bike Helmet,East,Retail,82,319.67,26212.94,10163.99
2022-09-11,Home & Garden,Bedding Set,West,Direct,56,390.63,24062.81,10257.57
2022-09-11,Electronics,Smartphone,West,Direct,69,237.97,18061.92,8001.68
2022-09-11,Clothing,Jacket,Central,Direct,60,157.16,9429.6,1573.51
2022-09-12,Electronics,Laptop,West,Retail,94,176.26,18225.28,7445.06
2022-09-12,Electronics,Tablet,South,Retail,73,475.07,32946.1,5783.83
2022-09-12,Clothing,Jeans,South,Retail,48,172.44,7863.26,1688.12
2022-09-12,Beauty,Skin Care Kit,East,Retail,94,27.94,2626.36,975.97
2022-09-12,Clothing,T-Shirt,South,Wholesale,83,215.31,16977.19,5558.76
2022-09-12,Sports,Bike Helmet,Central,Retail,77,149.82,11536.14,5145.51
2022-09-12,Clothing,Dress,South,Retail,83,294.3,23205.56,10213.98
2022-09-12,Clothing,T-Shirt,East,Retail,7,247.66,1733.62,557.02
2022-09-12,Electronics,Tablet,North,Wholesale,76,449.07,40955.18,18358.83
2022-09-12,Clothing,Jacket,East,Direct,92,289.28,26613.76,11960.84
2022-09-12,Home & Garden,Cookware Set,Central,Direct,36,492.51,17730.36,7949.2
2022-09-12,Sports,Running Shoes,Central,Direct,37,140.62,5202.94,1837.67
2022-09-12,Clothing,Dress,South,Retail,63,269.45,16126.58,2928.52
2022-09-12,Electronics,Smartwatch,East,Wholesale,27,296.54,8006.58,3203.67
2022-09-12,Home & Garden,Lamp,West,Wholesale,27,231.85,6885.95,1126.44
2022-09-12,Beauty,Makeup Palette,North,Direct,64,349.85,26868.48,8150.69
2022-09-12,Sports,Bike Helmet,Central,Wholesale,81,460.38,37290.78,16399.98
2022-09-12,Electronics,Headphones,North,Wholesale,85,102.61,10466.22,2714.69
2022-09-12,Home & Garden,Garden Tools,West,Retail,84,255.01,23562.92,9214.17
2022-09-12,Beauty,Fragrance,North,Wholesale,32,465.18,17862.91,7319.87
2022-09-12,Clothing,Jeans,North,Direct,81,135.83,13202.68,3539.14
2022-09-13,Clothing,Dress,West,Retail,18,216.72,4291.06,1002.23
2022-09-13,Sports,Yoga Mat,East,Retail,84,72.18,6063.12,2484.81
2022-09-13,Clothing,T-Shirt,Central,Direct,79,180.21,14236.59,5611.34
2022-09-13,Electronics,Laptop,Central,Wholesale,76,262.37,19940.12,7084.51
2022-09-13,Clothing,Jacket,North,Retail,70,31.05,2608.2,702.59
2022-09-13,Sports,Bike Helmet,North,Direct,99,88.46,10509.05,3313.54
2022-09-13,Sports,Running Shoes,North,Direct,90,294.9,31849.2,7177.23
2022-09-13,Home & Garden,Bedding Set,Central,Direct,91,350.93,31934.63,6170.59
2022-09-13,Beauty,Face Serum,South,Wholesale,87,49.63,4101.92,850.54
2022-09-13,Home & Garden,Bedding Set,West,Retail,24,494.61,13057.7,2563.09
2022-09-13,Home & Garden,Bedding Set,West,Retail,13,295.2,4221.36,1066.7
2022-09-13,Beauty,Face Serum,North,Retail,52,409.68,25564.03,8082.11
2022-09-13,Home & Garden,Office Chair,Central,Retail,24,188.87,4532.88,1365.1
2022-09-13,Sports,Yoga Mat,South,Direct,93,88.93,7856.97,2753.25
2022-09-13,Sports,Running Shoes,South,Direct,96,313.69,28608.53,6598.93
2022-09-13,Home & Garden,Bedding Set,North,Wholesale,17,103.75,2116.5,790.86
2022-09-13,Beauty,Makeup Palette,South,Retail,41,152.41,5936.37,1933.09
2022-09-13,Home & Garden,Office Chair,North,Direct,51,11.13,681.16,230.3
2022-09-13,Clothing,Dress,North,Retail,51,32.19,1970.03,739.83
2022-09-14,Electronics,Headphones,East,Wholesale,14,27.08,379.12,64.88
2022-09-14,Beauty,Makeup Palette,West,Direct,85,69.96,6541.26,1131.91
2022-09-14,Electronics,Smartphone,South,Direct,50,405.23,19248.42,6036.14
2022-09-14,Clothing,Jacket,East,Direct,31,309.77,9602.87,1709.82
2022-09-14,Home & Garden,Office Chair,Central,Retail,11,169.04,1859.44,802.34
2022-09-14,Beauty,Hair Dryer,South,Retail,30,273.26,7787.91,1386.1
2022-09-14,Electronics,Laptop,Central,Wholesale,51,57.65,2940.15,1264.65
2022-09-14,Sports,Tennis Racket,Central,Wholesale,81,195.14,15806.34,6807.12
2022-09-14,Clothing,Jeans,South,Direct,31,219.6,6467.22,1436.33
2022-09-14,Beauty,Hair Dryer,West,Wholesale,40,121.67,5353.48,2029.75
2022-09-14,Home & Garden,Garden Tools,West,Wholesale,26,462.9,13238.94,2289.29
2022-09-14,Beauty,Skin Care Kit,West,Retail,60,144.73,9552.18,2686.8
2022-09-14,Beauty,Skin Care Kit,East,Wholesale,81,345.74,28004.94,10103.64
2022-09-14,Beauty,Fragrance,West,Direct,75,292.67,24145.28,8084.11
2022-09-14,Home & Garden,Lamp,East,Wholesale,15,334.82,5022.3,1852.59
2022-09-14,Home & Garden,Office Chair,North,Retail,19,137.36,3131.81,853.21
2022-09-14,Electronics,Tablet,North,Wholesale,51,118.04,7224.05,2185.16
2022-09-14,Home & Garden,Lamp,Central,Wholesale,95,93.02,8836.9,1440.43
2022-09-15,Beauty,Skin Care Kit,West,Direct,49,301.99,16277.26,4727.16
2022-09-15,Electronics,Headphones,East,Direct,69,263.33,18169.77,6167.0
2022-09-15,Sports,Tennis Racket,South,Wholesale,33,244.99,7680.44,1397.28
2022-09-15,Sports,Bike Helmet,South,Wholesale,76,278.5,20107.7,8986.49
2022-09-15,Clothing,Sneakers,West,Retail,37,382.88,15583.22,4438.91
2022-09-15,Sports,Bike Helmet,North,Direct,55,430.74,28428.84,6041.94
2022-09-15,Home & Garden,Cookware Set,South,Direct,33,267.34,8381.11,1380.01
2022-09-15,Clothing,T-Shirt,Central,Wholesale,72,117.04,8426.88,3360.1
2022-09-15,Sports,Yoga Mat,South,Retail,5,30.07,142.83,26.29
2022-09-15,Sports,Running Shoes,West,Wholesale,93,222.18,22729.01,
2022-09-15,Home & Garden,Lamp,North,Retail,6,11.89,85.61,19.93
2022-09-15,Sports,Tennis Racket,South,Wholesale,87,343.17,28363.0,6409.88
2022-09-15,Clothing,Jacket,South,Wholesale,59,403.28,22603.84,5201.95
2022-09-15,Beauty,Hair Dryer,North,Retail,72,304.53,26311.39,11583.1
2022-09-15,Electronics,Laptop,East,Direct,92,212.05,19508.6,7896.62
2022-09-15,Sports,Bike Helmet,West,Retail,95,61.34,6410.03,1052.6
2022-09-15,Sports,Running Shoes,Central,Direct,79,36.78,2905.62,736.05
2022-09-15,Home & Garden,Cookware Set,East,Wholesale,95,328.49,31206.55,4733.18
2022-09-15,Home & Garden,Office Chair,Central,Wholesale,53,235.06,12458.18,4089.06
2022-09-15,Clothing,Jacket,North,Direct,30,151.66,5459.76,2241.69
2022-09-15,Clothing,Dress,North,Retail,61,323.59,23686.79,5501.09
2022-09-15,Sports,Dumbbell Set,East,Retail,16,168.95,2703.2,939.12
2022-09-15,Beauty,Hair Dryer,North,Wholesale,45,147.4,7959.6,3554.75
2022-09-15,Clothing,T-Shirt,Central,Retail,63,445.37,28058.31,12029.63
2022-09-16,Sports,Dumbbell Set,South,Retail,21,100.16,1998.19,669.53
2022-09-16,Beauty,Face Serum,West,Direct,94,205.67,21266.28,8511.38
2022-09-16,Electronics,Headphones,North,Direct,63,381.93,28873.91,5083.21
2022-09-16,Clothing,Jacket,East,Wholesale,74,207.43,15349.82,4927.91
2022-09-16,Home & Garden,Garden Tools,East,Wholesale,60,345.16,20709.6,7098.65
2022-09-16,Beauty,Fragrance,West,Direct,14,246.07,3789.48,1191.01
2022-09-16,Clothing,Jacket,West,Direct,4,332.04,1460.98,366.1
2022-09-16,Electronics,Smartwatch,East,Wholesale,2,166.55,333.1,113.26
2022-09-16,Beauty,Face Serum,West,Wholesale,18,86.02,1703.2,586.02
2022-09-16,Clothing,T-Shirt,Central,Wholesale,53,41.23,2185.19,722.14
2022-09-16,Clothing,Dress,North,Retail,95,203.44,23192.16,9082.98
2022-09-16,Beauty,Skin Care Kit,West,Retail,37,142.99,5819.69,1867.99
2022-09-16,Home & Garden,Garden Tools,South,Direct,7,67.9,451.54,113.53
2022-09-16,Electronics,Smartphone,North,Wholesale,32,419.1,16093.44,5015.24
2022-09-16,Sports,Running Shoes,South,Wholesale,15,81.09,1155.53,491.36
2022-09-16,Home & Garden,Cookware Set,West,Wholesale,38,416.16,17395.49,6654.92
2022-09-16,Home & Garden,Cookware Set,Central,Retail,42,492.21,20672.82,6176.57
2022-09-16,Clothing,Jeans,North,Retail,56,455.99,30642.53,10982.7
2022-09-16,Clothing,Jeans,West,Wholesale,42,68.58,3168.4,910.44
2022-09-17,Electronics,Headphones,West,Direct,6,321.48,2121.77,942.73
2022-09-17,Beauty,Face Serum,West,Wholesale,23,191.4,4842.42,1532.5
2022-09-17,Home & Garden,Office Chair,North,Wholesale,96,469.34,54067.97,16559.82
2022-09-17,Beauty,Skin Care Kit,North,Direct,89,459.55,49079.94,17250.6
2022-09-17,Home & Garden,Cookware Set,East,Wholesale,53,402.93,21355.29,7874.06
2022-09-17,Sports,Dumbbell Set,West,Retail,47,481.08,24871.84,4375.79
2022-09-17,Beauty,Makeup Palette,North,Direct,15,208.72,3756.96,779.0
2022-09-17,Electronics,Smartwatch,East,Direct,65,459.87,29891.55,5618.12
2022-09-17,Clothing,Jeans,West,Direct,1,171.68,188.85,82.9
2022-09-17,Beauty,Makeup Palette,North,Direct,71,154.51,13164.25,4126.08
2022-09-17,Clothing,Sneakers,North,Retail,18,163.44,3530.3,1522.23
2022-09-17,Home & Garden,Cookware Set,East,Wholesale,25,211.91,5297.75,1521.71
2022-09-17,Sports,Yoga Mat,South,Wholesale,15,401.9,5727.07,1910.68
2022-09-17,Beauty,Face Serum,West,Wholesale,25,268.23,7376.33,3109.48
2022-09-17,Home & Garden,Garden Tools,East,Wholesale,73,382.54,27925.42,7834.48
2022-09-17,Beauty,Fragrance,East,Direct,44,484.31,21309.64,4672.1
2022-09-18,Electronics,Tablet,East,Retail,78,233.18,18188.04,6444.39
2022-09-18,Sports,Dumbbell Set,Central,Retail,70,12.46,872.2,267.35
2022-09-18,Electronics,Headphones,Central,Wholesale,51,11.6,591.6,122.27
2022-09-18,Sports,Yoga Mat,East,Wholesale,24,490.7,11776.8,1921.23
2022-09-18,Beauty,Skin Care Kit,West,Direct,45,494.56,24480.72,5720.07
2022-09-18,Electronics,Tablet,South,Retail,19,453.6,8187.48,3550.12
2022-09-18,Home & Garden,Office Chair,South,Direct,12,255.84,2916.58,644.21
2022-09-18,Home & Garden,Garden Tools,West,Wholesale,46,58.94,2982.36,1311.7
2022-09-18,Home & Garden,Garden Tools,North,Direct,73,481.22,42154.87,16644.31
2022-09-18,Home & Garden,Bedding Set,North,Retail,75,59.33,5339.7,995.24
2022-09-18,Sports,Running Shoes,South,Direct,27,395.4,10142.01,2730.46
2022-09-18,Electronics,Smartwatch,East,Retail,61,372.74,22737.14,3444.09
2022-09-18,Home & Garden,Garden Tools,Central,Retail,24,13.2,316.8,112.42
2022-09-18,Home & Garden,Lamp,North,Retail,76,418.0,38121.6,15579.37
2022-09-18,Sports,Dumbbell Set,South,Wholesale,53,118.6,5971.51,2535.72
2022-09-18,Beauty,Makeup Palette,East,Wholesale,80,183.77,14701.6,3166.16
2022-09-19,Electronics,Headphones,East,Retail,72,139.48,10042.56,1991.23
2022-09-19,Electronics,Laptop,North,Retail,70,92.4,7761.6,1499.62
2022-09-19,Electronics,Headphones,Central,Direct,21,105.17,2208.57,620.36
2022-09-19,Home & Garden,Garden Tools,South,Wholesale,94,314.93,28123.25,4845.86
2022-09-19,Sports,Running Shoes,East,Direct,26,342.06,8893.56,3212.51
2022-09-19,Clothing,Jacket,East,Retail,25,325.67,8141.75,2843.81
2022-09-19,Electronics,Headphones,North,Direct,56,378.17,25413.02,10174.94
2022-09-19,Beauty,Face Serum,North,Direct,70,358.97,30153.48,8146.58
2022-09-19,Clothing,Dress,West,Direct,98,310.05,33423.39,7136.49
2022-09-19,Clothing,Dress,Central,Direct,28,476.5,13342.0,5074.32
2022-09-19,Home & Garden,Office Chair,North,Retail,74,126.51,11234.09,4407.11
2022-09-19,Sports,Yoga Mat,West,Wholesale,50,394.96,21722.8,6646.35
2022-09-19,Beauty,Face Serum,South,Direct,44,389.86,16296.15,4659.6
2022-09-19,Clothing,Sneakers,West,Direct,55,369.66,22364.43,3453.06
2022-09-19,Clothing,T-Shirt,North,Retail,61,192.04,14057.33,3654.22
2022-09-19,Beauty,Face Serum,North,Retail,14,429.25,7211.4,1630.35
2022-09-20,Clothing,T-Shirt,North,Wholesale,73,474.4,41557.44,12031.3
2022-09-20,Clothing,T-Shirt,West,Retail,79,12.57,1092.33,189.81
2022-09-20,Sports,Tennis Racket,North,Direct,66,46.77,3704.18,1359.71
2022-09-20,Electronics,Tablet,Central,Retail,27,329.79,8904.33,1570.25
2022-09-20,Beauty,Fragrance,Central,Wholesale,9,242.24,2180.16,331.14
2022-09-20,Electronics,Smartphone,Central,Wholesale,39,392.11,15292.29,6395.83
2022-09-20,Sports,Dumbbell Set,Central,Direct,79,438.68,34655.72,12031.79
2022-09-20,Sports,Bike Helmet,Central,Direct,56,214.4,12006.4,4853.03
2022-09-20,Sports,Bike Helmet,Central,Retail,70,259.14,18139.8,5467.76
2022-09-20,Beauty,Makeup Palette,West,Wholesale,41,253.51,11433.3,2344.83
2022-09-20,Beauty,Skin Care Kit,Central,Wholesale,92,260.6,23975.2,6516.75
2022-09-20,Clothing,Sneakers,North,Wholesale,10,137.43,1649.16,716.83
2022-09-20,Beauty,Skin Care Kit,South,Direct,81,129.62,9974.26,3732.57
2022-09-20,Sports,Dumbbell Set,East,Wholesale,95,258.72,24578.4,8560.8
2022-09-20,Sports,Tennis Racket,East,Direct,80,402.09,32167.2,6343.37
2022-09-21,Sports,Running Shoes,East,Wholesale,47,186.55,8767.85,2781.58
2022-09-21,Home & Garden,Garden Tools,South,Wholesale,65,145.18,8964.86,1511.5
2022-09-21,Clothing,T-Shirt,East,Wholesale,64,467.88,29944.32,10434.87
2022-09-21,Home & Garden,Office Chair,South,Wholesale,17,375.2,6059.48,2681.97
2022-09-21,Home & Garden,Office Chair,South,Wholesale,41,100.65,3920.32,1311.23
2022-09-21,Home & Garden,Cookware Set,West,Retail,28,96.57,2974.36,1329.03
2022-09-21,Beauty,Skin Care Kit,East,Direct,75,185.62,13921.5,4639.57
2022-09-21,Home & Garden,Office Chair,South,Retail,38,426.47,15395.57,4755.38
2022-09-21,Electronics,Laptop,West,Wholesale,27,264.34,7850.9,3387.31
2022-09-21,Electronics,Laptop,Central,Wholesale,92,225.73,20767.16,
2022-09-21,Electronics,Tablet,South,Retail,1,256.36,243.54,98.42
2022-09-21,Clothing,Sneakers,North,Wholesale,75,138.38,12454.2,1993.77
2022-09-21,Home & Garden,Lamp,Central,Direct,9,454.39,4089.51,1395.47
2022-09-21,Sports,Yoga Mat,West,Wholesale,39,412.65,17702.69,5817.21
2022-09-21,Home & Garden,Office Chair,Central,Direct,29,25.06,726.74,191.07
2022-09-21,Clothing,Dress,North,Direct,50,293.61,17616.6,7469.32
2022-09-21,Sports,Bike Helmet,West,Retail,24,159.51,4211.06,1573.22
2022-09-21,Clothing,T-Shirt,West,Direct,62,383.47,26152.65,3947.22
2022-09-21,Clothing,Jacket,East,Wholesale,27,277.08,7481.16,2836.87
2022-09-21,Home & Garden,Bedding Set,North,Wholesale,89,199.75,21333.3,6417.89
2022-09-21,Sports,Dumbbell Set,West,Direct,81,367.24,32721.08,13002.65
2022-09-21,Sports,Dumbbell Set,North,Direct,22,231.22,6104.21,2471.71
2022-09-21,Clothing,Dress,North,Direct,73,141.28,12376.13,2653.07
2022-09-21,Beauty,Makeup Palette,North,Retail,67,289.2,23251.68,8090.93
2022-09-21,Clothing,Sneakers,East,Wholesale,70,323.43,22640.1,5255.23
2022-09-22,Home & Garden,Cookware Set,West,Wholesale,42,99.1,4578.42,978.12
2022-09-22,Clothing,Jeans,Central,Wholesale,10,291.73,2917.3,636.83
2022-09-22,Home & Garden,Garden Tools,North,Wholesale,10,97.8,1173.6,447.82
2022-09-22,Beauty,Skin Care Kit,Central,Direct,68,371.87,25287.16,5777.67
2022-09-22,Electronics,Headphones,West,Wholesale,91,383.4,38378.34,11906.49
2022-09-22,Sports,Tennis Racket,West,Wholesale,91,396.81,39720.68,11678.08
2022-09-22,Beauty,Makeup Palette,Central,Retail,84,61.41,5158.44,1969.96
2022-09-22,Beauty,Makeup Palette,West,Wholesale,43,153.67,7268.59,1808.55
2022-09-22,Electronics,Smartwatch,North,Direct,19,461.46,10521.29,3404.64
2022-09-22,Beauty,Makeup Palette,North,Retail,94,382.44,43139.23,10838.86
2022-09-22,Electronics,Tablet,North,Direct,92,468.8,51755.52,7813.66
2022-09-22,Beauty,Face Serum,East,Retail,78,86.07,6713.46,1207.14
2022-09-22,Sports,Tennis Racket,West,Retail,48,383.2,20232.96,5105.08
2022-09-22,Sports,Dumbbell Set,East,Wholesale,62,180.11,11166.82,1699.9
2022-09-22,Beauty,Face Serum,East,Wholesale,86,377.13,32433.18,10369.75
2022-09-22,Sports,Running Shoes,East,Wholesale,79,266.56,21058.24,9363.6
2022-09-22,Clothing,T-Shirt,Central,Direct,16,318.81,5100.96,1385.31
2022-09-22,Beauty,Face Serum,West,Direct,64,332.57,23412.93,4040.27
2022-09-22,Sports,Yoga Mat,North,Direct,91,247.93,27073.96,8712.84
2022-09-22,Beauty,Hair Dryer,Central,Wholesale,70,46.23,3236.1,1282.28
2022-09-22,Beauty,Fragrance,West,Retail,28,234.8,7231.84,1485.03
2022-09-22,Home & Garden,Lamp,East,Direct,50,194.44,9722.0,2595.63
2022-09-23,Home & Garden,Cookware Set,West,Wholesale,24,136.42,3601.49,1390.25
2022-09-23,Electronics,Smartphone,North,Direct,57,409.02,27976.97,10258.14
2022-09-23,Sports,Tennis Racket,West,Wholesale,7,89.38,688.23,138.9
2022-09-23,Clothing,Dress,East,Direct,45,153.35,6900.75,3011.27
2022-09-23,Beauty,Face Serum,Central,Retail,43,223.47,9609.21,4217.3
2022-09-23,Beauty,Hair Dryer,East,Wholesale,10,298.67,2986.7,1123.14
2022-09-23,Home & Garden,Bedding Set,East,Retail,73,63.47,4633.31,1238.48
2022-09-23,Beauty,Fragrance,Central,Retail,73,131.34,9587.82,2529.09
2022-09-23,Sports,Tennis Racket,South,Direct,48,19.31,880.54,243.11
2022-09-23,Sports,Running Shoes,West,Retail,35,434.17,16715.55,5759.39
2022-09-23,Electronics,Laptop,Central,Direct,60,245.47,14728.2,3947.04
2022-09-23,Electronics,Laptop,Central,Wholesale,12,212.48,2549.76,559.16
2022-09-23,Beauty,Hair Dryer,North,Retail,61,376.59,27566.39,4253.79
2022-09-23,Electronics,Headphones,East,Wholesale,70,329.61,23072.7,5640.95
2022-09-23,Clothing,T-Shirt,East,Wholesale,92,228.68,21038.56,3630.29
2022-09-23,Home & Garden,Cookware Set,Central,Direct,85,143.89,12230.65,
2022-09-23,Clothing,T-Shirt,Central,Wholesale,12,339.35,4072.2,1490.58
2022-09-23,Electronics,Laptop,East,Wholesale,70,481.22,33685.4,6025.05
2022-09-23,Electronics,Smartwatch,West,Retail,51,399.6,22417.56,6580.76
2022-09-24,Beauty,Makeup Palette,East,Retail,58,244.4,14175.2,5252.64
2022-09-24,Clothing,Jacket,West,Direct,23,194.67,4925.15,1212.33
2022-09-24,Clothing,Dress,North,Retail,95,204.87,23355.18,10016.77
2022-09-24,Beauty,Hair Dryer,Central,Wholesale,7,346.63,2426.41,938.99
2022-09-24,Beauty,Fragrance,Central,Retail,61,244.01,14884.61,3940.37
2022-09-24,Beauty,Makeup Palette,West,Direct,43,60.99,2884.83,654.05
2022-09-24,Clothing,Sneakers,West,Retail,13,103.06,1473.76,510.96
2022-09-24,Clothing,T-Shirt,North,Direct,59,322.61,22840.79,6828.95
2022-09-24,Electronics,Smartphone,North,Retail,99,160.58,19076.9,8400.51
2022-09-24,Home & Garden,Lamp,North,Retail,10,462.92,5555.04,2386.5
2022-09-24,Home & Garden,Cookware Set,Central,Wholesale,49,416.87,20426.63,6754.77
2022-09-24,Electronics,Laptop,East,Direct,43,316.71,13618.53,2787.91
2022-09-24,Home & Garden,Bedding Set,North,Direct,77,300.1,27729.24,4792.96
2022-09-24,Electronics,Smartphone,West,Retail,94,87.17,9013.38,2917.97
2022-09-25,Beauty,Makeup Palette,Central,Retail,43,470.23,20219.89,3732.64
2022-09-25,Clothing,Dress,South,Direct,85,228.86,18480.44,7250.84
2022-09-25,Home & Garden,Office Chair,South,Wholesale,72,33.05,2260.62,351.39
2022-09-25,Beauty,Makeup Palette,East,Retail,84,24.69,2073.96,521.42
2022-09-25,Home & Garden,Cookware Set,Central,Retail,99,113.25,11211.75,2415.87
2022-09-25,Beauty,Skin Care Kit,South,Retail,58,87.94,4845.49,1835.61
2022-09-25,Home & Garden,Bedding Set,North,Retail,65,326.35,25455.3,9565.05
2022-09-25,Clothing,T-Shirt,East,Wholesale,32,471.53,15088.96,4848.28
2022-09-25,Electronics,Headphones,North,Direct,56,296.28,19910.02,3494.23
2022-09-25,Electronics,Smartphone,West,Wholesale,94,372.92,38559.93,9712.29
2022-09-25,Electronics,Smartwatch,Central,Direct,11,488.78,5376.58,1703.89
2022-09-25,Sports,Dumbbell Set,Central,Retail,82,378.7,31053.4,8874.99
2022-09-25,Clothing,Dress,East,Wholesale,54,492.24,26580.96,5481.25
2022-09-25,Electronics,Smartphone,East,Wholesale,99,61.35,6073.65,1248.78
2022-09-25,Home & Garden,Office Chair,North,Retail,57,301.02,20589.77,8625.36
2022-09-25,Clothing,Jeans,Central,Wholesale,40,63.47,2538.8,941.83
2022-09-25,Home & Garden,Office Chair,East,Retail,1,55.76,55.76,8.75
2022-09-25,Sports,Yoga Mat,West,Retail,40,166.48,7325.12,2761.99
2022-09-25,Home & Garden,Bedding Set,East,Direct,69,79.56,5489.64,2402.16
2022-09-25,Beauty,Skin Care Kit,South,Wholesale,91,59.14,5112.65,1694.35
2022-09-25,Home & Garden,Office Chair,South,Retail,36,237.81,8133.1,3232.73
2022-09-25,Sports,Tennis Racket,Central,Wholesale,40,407.44,16297.6,6404.93
2022-09-25,Beauty,Hair Dryer,North,Direct,48,182.46,10509.7,4276.68
2022-09-25,Beauty,Hair Dryer,North,Retail,26,204.82,6390.38,2652.8
2022-09-26,Electronics,Laptop,West,Direct,68,384.85,28786.78,5036.98
2022-09-26,Clothing,T-Shirt,South,Retail,53,398.31,20054.91,3181.35
2022-09-26,Clothing,Jeans,Central,Retail,32,97.49,3119.68,488.07
2022-09-26,Sports,Yoga Mat,East,Wholesale,97,294.49,28565.53,6849.29
2022-09-26,Electronics,Smartphone,South,Wholesale,59,257.54,14435.12,6091.02
2022-09-26,Electronics,Laptop,East,Wholesale,6,12.14,72.84,24.11
2022-09-26,Beauty,Hair Dryer,South,Direct,85,45.16,3646.67,1525.51
2022-09-26,Electronics,Tablet,East,Direct,95,481.98,45788.1,20294.12
2022-09-26,Home & Garden,Cookware Set,Central,Wholesale,12,229.39,2752.68,524.15
2022-09-26,Clothing,Dress,Central,Direct,22,221.79,4879.38,1415.93
2022-09-26,Home & Garden,Office Chair,South,Retail,54,10.48,537.62,138.34
2022-09-26,Home & Garden,Office Chair,North,Retail,3,44.91,161.68,33.75
2022-09-26,Clothing,Jeans,North,Direct,85,86.84,8857.68,2663.15
2022-09-26,Electronics,Smartphone,Central,Direct,63,189.84,11959.92,3659.1
2022-09-26,Clothing,Jacket,Central,Direct,13,83.39,1084.07,295.43
2022-09-26,Electronics,Smartwatch,South,Direct,54,201.21,10322.07,4062.06
2022-09-26,Sports,Running Shoes,South,Retail,66,174.63,10949.3,4620.4
2022-09-26,Clothing,Sneakers,East,Retail,52,100.25,5213.0,2115.94
2022-09-26,Beauty,Face Serum,West,Wholesale,33,125.49,4555.29,889.73
2022-09-26,Beauty,Face Serum,East,Wholesale,80,37.62,3009.6,655.38
2022-09-27,Sports,Tennis Racket,West,Direct,1,477.37,525.11,216.74
2022-09-27,Clothing,Jeans,West,Retail,46,263.09,13312.35,2035.68
2022-09-27,Electronics,Smartphone,East,Retail,79,432.3,34151.7,7040.23
2022-09-27,Beauty,Face Serum,South,Direct,9,270.26,2310.72,658.13
2022-09-27,Beauty,Makeup Palette,North,Retail,86,429.55,44329.56,16800.05
2022-09-27,Sports,Yoga Mat,East,Retail,58,76.11,4414.38,1613.38
2022-09-27,Beauty,Makeup Palette,South,Direct,52,415.12,20506.93,4368.58
2022-09-27,Clothing,T-Shirt,West,Direct,25,292.51,8044.03,2655.99
2022-09-27,Clothing,Dress,West,Direct,67,269.37,19852.57,6651.05
2022-09-27,Sports,Running Shoes,Central,Direct,66,413.56,27294.96,10509.28
2022-09-27,Sports,Yoga Mat,East,Retail,15,55.87,838.05,190.59
2022-09-27,Clothing,Jeans,West,Direct,34,380.99,14249.03,3790.77
2022-09-27,Sports,Yoga Mat,East,Retail,27,378.19,10211.13,3419.72
2022-09-27,Electronics,Smartphone,Central,Direct,69,113.14,7806.66,2326.34
2022-09-27,Home & Garden,Office Chair,South,Wholesale,50,161.04,7649.4,
2022-09-27,Beauty,Skin Care Kit,West,Wholesale,65,431.23,30832.95,7502.19
2022-09-27,Sports,Dumbbell Set,West,Wholesale,58,348.02,22203.68,9230.75
2022-09-27,Beauty,Makeup Palette,East,Retail,9,465.66,4190.94,660.85
2022-09-27,Home & Garden,Office Chair,East,Wholesale,31,431.42,13374.02,3416.49
2022-09-28,Electronics,Headphones,North,Direct,91,442.0,48266.4,20466.11
2022-09-28,Sports,Yoga Mat,Central,Retail,77,468.5,36074.5,7390.33
2022-09-28,Sports,Yoga Mat,South,Wholesale,54,105.36,5404.97,2272.28
2022-09-28,Home & Garden,Office Chair,Central,Direct,19,162.09,3079.71,959.69
2022-09-28,Beauty,Skin Care Kit,East,Direct,36,262.3,9442.8,4043.69
2022-09-28,Clothing,Jacket,South,Direct,8,281.55,2139.78,891.37
2022-09-28,Clothing,Jacket,South,Retail,57,46.43,2514.18,936.09
2022-09-28,Clothing,Sneakers,Central,Retail,85,374.33,31818.05,11849.63
2022-09-28,Sports,Yoga Mat,Central,Retail,68,484.31,32933.08,13733.46
2022-09-28,Home & Garden,Garden Tools,South,Direct,25,139.64,3316.45,708.43
2022-09-28,Home & Garden,Lamp,Central,Direct,81,358.6,29046.6,5747.83
2022-09-29,Sports,Dumbbell Set,Central,Retail,13,45.9,596.7,127.66
2022-09-29,Sports,Yoga Mat,East,Retail,51,240.76,12278.76,5138.21
2022-09-29,Clothing,T-Shirt,North,Direct,37,35.79,1589.08,556.67
2022-09-29,Clothing,Jeans,Central,Retail,82,460.33,37747.06,10300.36
2022-09-29,Beauty,Fragrance,South,Retail,46,426.35,18631.5,5027.99
2022-09-29,Sports,Dumbbell Set,Central,Direct,22,276.84,6090.48,2141.56
2022-09-29,Home & Garden,Garden Tools,East,Retail,11,297.63,3273.93,534.8
2022-09-29,Beauty,Makeup Palette,Central,Retail,70,367.16,25701.2,9033.57
2022-09-29,Electronics,Smartphone,West,Retail,15,318.42,5253.93,858.36
2022-09-29,Home & Garden,Office Chair,Central,Retail,73,435.89,31819.97,11013.44
2022-09-29,Sports,Dumbbell Set,Central,Direct,65,430.26,27966.9,6698.73
2022-09-29,Electronics,Headphones,North,Wholesale,97,217.04,25263.46,5417.04
2022-09-29,Electronics,Tablet,Central,Direct,68,363.69,24730.92,10763.86
2022-09-29,Beauty,Hair Dryer,South,Retail,30,337.06,9606.21,2486.29
2022-09-29,Home & Garden,Garden Tools,West,Retail,40,176.03,7745.32,2636.71
2022-09-29,Home & Garden,Bedding Set,Central,Direct,14,332.33,4652.62,918.76
2022-09-30,Electronics,Tablet,South,Wholesale,25,473.57,11247.29,4431.7
2022-09-30,Electronics,Tablet,Central,Wholesale,1,194.08,194.08,59.39
2022-09-30,Home & Garden,Cookware Set,Central,Retail,63,236.72,14913.36,6265.54
2022-09-30,Sports,Dumbbell Set,Central,Retail,36,260.45,9376.2,2589.22
2022-09-30,Home & Garden,Lamp,West,Retail,18,424.47,8404.51,1571.52
2022-09-30,Electronics,Headphones,East,Wholesale,2,218.12,436.24,176.61
2022-09-30,Sports,Bike Helmet,East,Retail,33,113.14,3733.62,1214.21
2022-09-30,Beauty,Fragrance,Central,Retail,13,464.11,6033.43,1463.2
2022-09-30,Electronics,Smartwatch,South,Wholesale,60,386.25,22016.25,
2022-09-30,Clothing,Sneakers,Central,Wholesale,8,476.84,3814.72,1308.47
2022-09-30,Clothing,Dress,South,Wholesale,67,137.8,8770.97,3613.99
2022-09-30,Electronics,Smartphone,East,Wholesale,78,80.95,6314.1,2661.13
2022-09-30,Sports,Dumbbell Set,South,Retail,54,255.73,13118.95,5533.76
2022-09-30,Electronics,Headphones,South,Retail,29,409.85,11291.37,4363.28
2022-09-30,Sports,Dumbbell Set,Central,Retail,26,308.51,8021.26,1845.2
2022-09-30,Electronics,Tablet,Central,Retail,15,156.79,2351.85,693.84
2022-10-01,Home & Garden,Bedding Set,Central,Retail,84,430.59,36169.56,9060.12
2022-10-01,Sports,Bike Helmet,East,Wholesale,9,320.62,2885.58,1165.17
2022-10-01,Home & Garden,Garden Tools,West,Direct,20,129.47,2848.34,891.7
2022-10-01,Home & Garden,Lamp,West,Wholesale,52,23.71,1356.21,602.21
2022-10-01,Sports,Running Shoes,West,Wholesale,94,44.78,4630.25,1491.42
2022-10-01,Home & Garden,Office Chair,Central,Retail,66,467.87,30879.42,7028.06
2022-10-01,Clothing,Dress,Central,Direct,42,222.5,9345.0,4026.42
2022-10-01,Electronics,Laptop,North,Direct,92,348.49,38473.3,10590.57
2022-10-01,Clothing,Jeans,East,Direct,89,18.04,1605.56,398.21
2022-10-01,Beauty,Skin Care Kit,North,Retail,73,412.62,36145.51,
2022-10-01,Sports,Yoga Mat,North,Wholesale,73,221.01,19360.48,5296.21
2022-10-01,Clothing,Jacket,North,Retail,53,144.45,9187.02,1493.45
2022-10-02,Sports,Dumbbell Set,West,Direct,71,260.29,20328.65,6542.05
2022-10-02,Clothing,Sneakers,East,Direct,46,448.32,20622.72,9002.37
2022-10-02,Beauty,Face Serum,East,Direct,39,427.71,16680.69,3985.17
2022-10-02,Clothing,Dress,East,Retail,33,187.39,6183.87,2323.44
2022-10-02,Clothing,Jacket,North,Direct,50,99.3,5958.0,2278.71
2022-10-02,Beauty,Fragrance,North,Direct,77,382.63,35355.01,12916.94
2022-10-02,Clothing,Jacket,West,Direct,57,475.68,29825.14,11734.03
2022-10-02,Home & Garden,Lamp,North,Retail,32,175.77,6749.57,1999.53
2022-10-02,Sports,Running Shoes,Central,Direct,88,84.01,7392.88,2384.6
2022-10-02,Electronics,Smartwatch,Central,Wholesale,52,395.83,20583.16,5316.68
2022-10-02,Home & Garden,Garden Tools,West,Wholesale,65,22.0,1573.0,560.41
2022-10-02,Clothing,Jeans,South,Wholesale,23,293.72,6417.78,2179.59
2022-10-02,Electronics,Laptop,South,Retail,93,375.95,33215.18,6898.61
2022-10-02,Electronics,Tablet,West,Wholesale,5,159.8,878.9,183.32
2022-10-02,Beauty,Makeup Palette,North,Direct,94,477.77,53892.46,16740.74
2022-10-02,Sports,Dumbbell Set,Central,Wholesale,28,453.5,12698.0,
2022-10-02,Sports,Yoga Mat,South,Direct,3,171.89,489.89,74.04
2022-10-03,Beauty,Face Serum,East,Direct,22,192.22,4228.84,1585.53
2022-10-03,Clothing,Sneakers,East,Direct,96,227.12,21803.52,8672.28
2022-10-03,Electronics,Laptop,West,Direct,91,333.17,33350.32,9545.42
2022-10-03,Sports,Bike Helmet,West,Wholesale,12,224.31,2960.89,753.46
2022-10-03,Electronics,Tablet,Central,Retail,92,47.75,4393.0,1677.47
2022-10-03,Clothing,Sneakers,South,Wholesale,88,271.02,22657.27,7314.13
2022-10-03,Home & Garden,Lamp,Central,Wholesale,83,122.94,10204.02,1917.31
2022-10-03,Clothing,Jacket,South,Retail,39,318.27,11791.9,2672.28
2022-10-03,Clothing,T-Shirt,West,Direct,17,221.45,4141.11,644.34
2022-10-03,Sports,Yoga Mat,Central,Retail,84,231.62,19456.08,6705.57
2022-10-03,Clothing,T-Shirt,East,Direct,73,434.63,31727.99,11374.39
2022-10-03,Sports,Tennis Racket,East,Retail,78,375.6,29296.8,5344.46
2022-10-03,Home & Garden,Lamp,West,Direct,71,495.37,38688.4,10197.62
2022-10-03,Sports,Tennis Racket,East,Retail,65,40.32,2620.8,1139.63
2022-10-03,Clothing,Sneakers,West,Wholesale,4,294.25,1294.7,
2022-10-04,Sports,Tennis Racket,West,Direct,23,369.56,9349.87,4110.6
2022-10-04,Electronics,Headphones,East,Direct,68,26.03,1770.04,491.67
2022-10-04,Clothing,Jacket,South,Wholesale,3,476.8,1358.88,482.54
2022-10-04,Clothing,T-Shirt,West,Wholesale,15,20.43,337.1,135.14
2022-10-04,Sports,Running Shoes,North,Retail,40,223.91,10747.68,4336.23
2022-10-04,Beauty,Hair Dryer,North,Wholesale,76,356.18,32483.62,8532.88
2022-10-04,Sports,Running Shoes,South,Retail,84,207.74,16577.65,7024.95
2022-10-04,Electronics,Laptop,North,Retail,89,466.28,49798.7,11596.88
2022-10-04,Beauty,Fragrance,Central,Retail,59,351.15,20717.85,8830.45
2022-10-04,Clothing,Jacket,South,Direct,59,220.62,12365.75,1895.4
2022-10-04,Home & Garden,Cookware Set,West,Wholesale,56,262.88,16193.41,6113.03
2022-10-05,Beauty,Face Serum,East,Direct,63,93.61,5897.43,936.0
2022-10-05,Beauty,Makeup Palette,Central,Wholesale,77,294.25,22657.25,5645.69
2022-10-05,Sports,Bike Helmet,East,Wholesale,65,294.0,19110.0,3653.95
2022-10-05,Clothing,Sneakers,North,Retail,91,268.73,29345.32,4684.1
2022-10-05,Clothing,Jeans,North,Direct,16,216.36,4154.11,972.26
2022-10-05,Sports,Yoga Mat,East,Direct,67,220.9,14800.3,3260.61
2022-10-05,Sports,Yoga Mat,East,Wholesale,66,151.67,10010.22,2466.46
2022-10-05,Beauty,Makeup Palette,Central,Retail,21,260.02,5460.42,843.22
2022-10-05,Sports,Tennis Racket,Central,Retail,11,304.36,3347.96,746.34
2022-10-05,Beauty,Hair Dryer,East,Direct,28,223.1,6246.8,2439.8
2022-10-05,Beauty,Hair Dryer,Central,Retail,95,433.99,41229.05,11941.08
2022-10-05,Electronics,Laptop,Central,Wholesale,72,375.55,27039.6,5431.67
2022-10-05,Clothing,Jeans,North,Retail,6,200.7,1445.04,276.56
2022-10-05,Electronics,Tablet,West,Direct,76,434.07,36288.25,12438.24
2022-10-06,Sports,Dumbbell Set,West,Retail,72,391.89,31037.69,8388.08
2022-10-06,Clothing,Sneakers,West,Wholesale,56,442.6,27264.16,7555.48
2022-10-06,Beauty,Skin Care Kit,West,Retail,60,418.33,27609.78,5346.3
2022-10-06,Clothing,Jacket,East,Retail,34,498.15,16937.1,5236.11
2022-10-06,Electronics,Smartphone,East,Retail,82,43.39,3557.98,834.54
2022-10-06,Beauty,Face Serum,East,Retail,42,18.12,761.04,244.89
2022-10-06,Clothing,T-Shirt,East,Direct,20,99.35,1987.0,800.57
2022-10-06,Electronics,Smartwatch,East,Direct,3,173.02,519.06,86.77
2022-10-06,Electronics,Smartphone,East,Retail,1,12.34,12.34,4.61
2022-10-06,Electronics,Headphones,West,Wholesale,3,289.75,956.18,385.22
2022-10-06,Home & Garden,Garden Tools,Central,Direct,59,279.98,16518.82,2698.48
2022-10-06,Clothing,Jeans,East,Retail,78,230.45,17975.1,
2022-10-06,Sports,Dumbbell Set,East,Direct,77,329.05,25336.85,7498.94
2022-10-06,Beauty,Fragrance,East,Wholesale,76,261.35,19862.6,3038.57
2022-10-06,Home & Garden,Garden Tools,North,Direct,80,85.15,8174.4,2473.78
2022-10-06,Home & Garden,Office Chair,North,Direct,11,389.13,5136.52,1367.81
2022-10-06,Clothing,Sneakers,South,Wholesale,2,30.5,57.95,21.36
2022-10-06,Electronics,Smartwatch,East,Direct,50,285.96,14298.0,3306.44
2022-10-06,Electronics,Headphones,South,Wholesale,74,176.48,12406.54,2933.97
2022-10-06,Home & Garden,Lamp,Central,Direct,93,492.66,45817.38,16791.77
2022-10-06,Beauty,Face Serum,South,Retail,19,377.86,6820.37,1325.4
2022-10-06,Beauty,Fragrance,South,Wholesale,83,41.52,3273.85,944.78
2022-10-07,Sports,Dumbbell Set,Central,Wholesale,78,449.93,35094.54,10404.44
2022-10-07,Clothing,Dress,South,Direct,53,12.59,633.91,194.54
2022-10-07,Sports,Yoga Mat,Central,Retail,35,320.68,11223.8,4034.72
2022-10-07,Clothing,Dress,East,Direct,98,219.51,21511.98,9119.18
2022-10-07,Electronics,Headphones,West,Retail,56,208.05,12815.88,4797.23
2022-10-07,Beauty,Skin Care Kit,Central,Direct,61,227.38,13870.18,5637.14
2022-10-07,Beauty,Makeup Palette,West,Retail,62,50.09,3416.14,941.25
2022-10-07,Electronics,Tablet,South,Direct,85,351.06,28348.09,6713.98
2022-10-07,Clothing,T-Shirt,South,Retail,30,247.49,7053.47,1932.39
2022-10-07,Home & Garden,Bedding Set,South,Retail,41,241.38,9401.75,1433.48
2022-10-07,Home & Garden,Office Chair,West,Wholesale,7,231.84,1785.17,461.81
2022-10-07,Sports,Yoga Mat,West,Retail,13,220.38,3151.43,482.97
2022-10-07,Home & Garden,Lamp,Central,Direct,44,336.48,14805.12,4542.22
2022-10-07,Sports,Dumbbell Set,South,Retail,88,481.17,40225.81,15795.6
2022-10-07,Clothing,Jeans,East,Direct,90,416.2,37458.0,5865.66
2022-10-07,Home & Garden,Garden Tools,East,Direct,99,370.29,36658.71,8926.55
2022-10-07,Beauty,Makeup Palette,West,Direct,54,80.09,4757.35,2077.65
2022-10-07,Home & Garden,Garden Tools,East,Direct,86,76.72,6597.92,1665.13
2022-10-07,Sports,Bike Helmet,North,Retail,33,362.37,14349.85,2199.89
2022-10-08,Sports,Running Shoes,South,Retail,41,320.9,12499.05,1892.53
2022-10-08,Beauty,Fragrance,North,Direct,76,290.76,26517.31,8532.98
2022-10-08,Beauty,Face Serum,South,Retail,28,312.6,8315.16,2345.13
2022-10-08,Beauty,Skin Care Kit,North,Retail,4,313.45,1504.56,612.58
2022-10-08,Sports,Yoga Mat,West,Direct,7,479.73,3693.92,1443.28
2022-10-08,Clothing,Jacket,East,Direct,49,499.33,24467.17,8679.06
2022-10-08,Clothing,Jacket,North,Retail,22,398.53,10521.19,2353.64
2022-10-08,Clothing,Jeans,West,Direct,64,249.44,17560.58,3967.52
2022-10-08,Beauty,Skin Care Kit,Central,Wholesale,8,457.82,3662.56,659.04
2022-10-08,Clothing,T-Shirt,Central,Direct,97,320.92,31129.24,6305.13
2022-10-08,Electronics,Headphones,East,Retail,8,438.68,3509.44,1485.73
2022-10-08,Beauty,Fragrance,South,Direct,7,404.85,2692.25,483.77
2022-10-08,Home & Garden,Cookware Set,Central,Retail,45,348.77,15694.65,2907.87
2022-10-08,Electronics,Headphones,Central,Direct,54,125.61,6782.94,1475.11
2022-10-08,Clothing,T-Shirt,East,Retail,1,406.79,406.79,168.57
2022-10-08,Home & Garden,Lamp,West,Retail,4,227.44,1000.74,176.37
2022-10-08,Home & Garden,Lamp,Central,Retail,12,123.44,1481.28,479.11
2022-10-09,Home & Garden,Garden Tools,East,Retail,96,409.63,39324.48,13962.62
2022-10-09,Electronics,Smartphone,Central,Direct,61,115.45,7042.45,3032.79
2022-10-09,Electronics,Headphones,South,Retail,59,112.43,6301.7,2774.49
2022-10-09,Sports,Dumbbell Set,Central,Wholesale,79,344.29,27198.91,9707.75
2022-10-09,Clothing,Dress,East,Wholesale,95,203.93,19373.35,4821.81
2022-10-09,Sports,Running Shoes,East,Wholesale,92,222.53,20472.76,8122.64
2022-10-09,Clothing,T-Shirt,West,Retail,16,101.49,1786.22,438.89
2022-10-09,Beauty,Face Serum,Central,Retail,42,329.17,13825.14,3236.39
2022-10-09,Beauty,Face Serum,North,Retail,86,260.69,26903.21,6249.26
2022-10-10,Electronics,Smartphone,South,Wholesale,84,10.14,809.17,159.6
2022-10-10,Clothing,Jeans,North,Direct,99,412.75,49034.7,17501.26
2022-10-10,Sports,Tennis Racket,West,Wholesale,46,401.25,20303.25,6104.55
2022-10-10,Home & Garden,Garden Tools,Central,Retail,68,306.31,20829.08,4613.13
2022-10-10,Electronics,Laptop,East,Retail,32,422.65,13524.8,5038.83
2022-10-10,Clothing,Dress,South,Wholesale,63,268.33,16059.55,3824.97
2022-10-10,Home & Garden,Lamp,North,Wholesale,28,243.7,8188.32,1865.85
2022-10-10,Sports,Tennis Racket,West,Wholesale,53,319.22,18610.53,7688.24
2022-10-10,Sports,Tennis Racket,South,Wholesale,8,313.23,2380.55,484.05
2022-10-10,Sports,Running Shoes,West,Direct,18,142.35,2818.53,925.21
2022-10-10,Home & Garden,Cookware Set,Central,Wholesale,51,202.16,10310.16,3035.59
2022-10-10,Clothing,Sneakers,South,Retail,35,171.46,5701.05,1052.88
2022-10-10,Beauty,Skin Care Kit,North,Retail,96,125.59,14467.97,4135.91
2022-10-10,Home & Garden,Office Chair,South,Retail,70,462.41,30750.26,7487.59
2022-10-10,Home & Garden,Cookware Set,South,Retail,11,296.85,3102.08,1289.71
2022-10-10,Beauty,Skin Care Kit,Central,Wholesale,46,317.59,14609.14,5261.13
2022-10-10,Beauty,Fragrance,Central,Retail,10,251.82,2518.2,743.47
2022-10-10,Sports,Yoga Mat,Central,Direct,51,24.25,1236.75,269.63
2022-10-11,Home & Garden,Cookware Set,East,Retail,65,261.27,16982.55,5826.65
2022-10-11,Sports,Dumbbell Set,South,Wholesale,97,45.81,4221.39,1499.38
2022-10-11,Home & Garden,Lamp,South,Wholesale,3,485.25,1382.96,481.24
2022-10-11,Home & Garden,Lamp,South,Wholesale,96,481.21,43886.35,16951.83
2022-10-11,Electronics,Smartwatch,East,Direct,50,250.69,12534.5,5621.62
2022-10-11,Clothing,Jeans,North,Wholesale,46,57.91,3196.63,983.78
2022-10-11,Electronics,Tablet,South,Wholesale,29,348.2,9592.91,2905.48
2022-10-11,Home & Garden,Bedding Set,East,Direct,34,46.11,1567.74,267.19
2022-10-11,Beauty,Face Serum,East,Direct,31,380.5,11795.5,2592.42
2022-10-11,Home & Garden,Cookware Set,Central,Direct,35,123.76,4331.6,815.98
2022-10-11,Clothing,T-Shirt,North,Direct,97,344.27,40073.03,10785.38
2022-10-11,Beauty,Skin Care Kit,North,Direct,35,357.48,15014.16,3257.61
2022-10-11,Clothing,Jeans,Central,Wholesale,87,100.93,8780.91,1442.08
2022-10-12,Clothing,Sneakers,East,Direct,18,24.28,437.04,169.09
2022-10-12,Beauty,Skin Care Kit,Central,Direct,28,478.13,13387.64,5805.51
2022-10-12,Electronics,Smartphone,Central,Retail,21,244.86,5142.06,1631.36
2022-10-12,Electronics,Smartwatch,South,Direct,23,257.77,5632.27,2134.97
2022-10-12,Clothing,Sneakers,Central,Retail,19,73.08,1388.52,
2022-10-12,Beauty,Face Serum,East,Retail,90,386.4,34776.0,10899.47
2022-10-12,Sports,Tennis Racket,West,Retail,73,406.41,32634.72,5041.54
2022-10-12,Home & Garden,Cookware Set,Central,Wholesale,3,439.46,1318.38,249.43
2022-10-12,Beauty,Hair Dryer,North,Retail,65,186.66,14559.48,3676.53
2022-10-12,Home & Garden,Office Chair,West,Retail,92,121.19,12264.43,4437.85
2022-10-12,Electronics,Smartphone,West,Retail,13,467.09,6679.39,1075.69
2022-10-12,Beauty,Makeup Palette,South,Retail,82,138.72,10806.29,2277.45
2022-10-12,Clothing,Jacket,Central,Direct,7,39.33,275.31,48.09
2022-10-12,Beauty,Fragrance,West,Direct,59,352.16,22855.18,6243.5
2022-10-12,Home & Garden,Cookware Set,West,Direct,68,217.01,16232.35,3811.67
2022-10-12,Electronics,Tablet,West,Direct,54,103.22,6131.27,1126.07
2022-10-13,Clothing,T-Shirt,East,Wholesale,36,433.53,15607.08,6868.16
2022-10-13,Sports,Dumbbell Set,West,Direct,50,12.18,669.9,143.65
2022-10-13,Electronics,Smartwatch,South,Retail,92,475.51,41559.57,7982.63
2022-10-13,Sports,Bike Helmet,West,Direct,34,52.56,1965.74,375.55
2022-10-13,Electronics,Laptop,North,Retail,49,268.63,15795.44,5269.68
2022-10-13,Clothing,Jacket,East,Direct,12,145.94,1751.28,518.7
2022-10-13,Sports,Dumbbell Set,South,Direct,26,394.86,9753.04,4329.32
2022-10-13,Clothing,Jacket,South,Retail,48,162.39,7404.98,2569.18
2022-10-13,Beauty,Skin Care Kit,Central,Direct,57,396.99,22628.43,8681.74
2022-10-13,Beauty,Face Serum,Central,Direct,98,417.12,40877.76,8009.78
2022-10-13,Home & Garden,Bedding Set,West,Retail,40,330.26,14531.44,3034.1
2022-10-13,Clothing,T-Shirt,Central,Direct,61,137.62,8394.82,1745.16
2022-10-13,Clothing,T-Shirt,South,Wholesale,35,471.45,15675.71,5562.6
2022-10-13,Clothing,Sneakers,West,Direct,74,431.62,35133.87,7120.83
2022-10-13,Beauty,Face Serum,South,Wholesale,20,169.76,3225.44,1104.04
2022-10-13,Beauty,Skin Care Kit,Central,Direct,26,267.52,6955.52,1173.19
2022-10-13,Beauty,Hair Dryer,West,Direct,77,19.04,1612.69,344.92
2022-10-13,Sports,Yoga Mat,North,Direct,70,209.51,17598.84,5370.36
2022-10-13,Electronics,Laptop,Central,Retail,82,82.47,6762.54,2397.71
2022-10-13,Home & Garden,Lamp,South,Retail,63,376.42,22528.74,4134.4
2022-10-14,Electronics,Headphones,East,Direct,22,467.69,10289.18,2041.8
2022-10-14,Sports,Bike Helmet,West,Direct,8,322.65,2839.32,1162.84
2022-10-14,Beauty,Makeup Palette,South,Direct,47,427.11,19070.46,3959.16
2022-10-14,Beauty,Skin Care Kit,East,Retail,58,236.29,13704.82,2085.83
2022-10-14,Beauty,Fragrance,North,Direct,72,492.83,42580.51,18103.87
2022-10-14,Clothing,T-Shirt,Central,Retail,46,310.88,14300.48,4848.3
2022-10-14,Home & Garden,Garden Tools,North,Direct,31,226.05,8409.06,3316.72
2022-10-14,Sports,Running Shoes,East,Wholesale,82,328.29,26919.78,9273.79
2022-10-14,Electronics,Smartphone,Central,Direct,96,489.54,46995.84,14865.32
2022-10-14,Beauty,Makeup Palette,East,Retail,84,312.25,26229.0,6497.13
2022-10-14,Clothing,Jacket,East,Direct,1,499.35,499.35,187.71
2022-10-14,Sports,Running Shoes,North,Wholesale,56,174.7,11739.84,4503.22
2022-10-14,Electronics,Tablet,West,Direct,45,61.25,3031.88,551.6
2022-10-14,Beauty,Fragrance,East,Retail,94,455.95,42859.3,14908.97
2022-10-14,Sports,Tennis Racket,North,Direct,24,378.24,10893.31,3679.32
2022-10-15,Home & Garden,Office Chair,East,Retail,17,25.73,437.41,
2022-10-15,Sports,Tennis Racket,North,Direct,74,449.73,39936.02,13857.12
2022-10-15,Electronics,Smartphone,Central,Wholesale,58,55.27,3205.66,1377.66
2022-10-15,Sports,Running Shoes,East,Direct,15,391.95,5879.25,1414.89
2022-10-15,Sports,Bike Helmet,West,Wholesale,3,16.7,55.11,18.08
2022-10-15,Electronics,Smartwatch,Central,Wholesale,83,299.93,24894.19,8760.76
2022-10-15,Sports,Dumbbell Set,South,Direct,26,217.18,5364.35,2138.37
2022-10-15,Clothing,Sneakers,North,Wholesale,70,482.7,40546.8,14071.4
2022-10-15,Sports,Bike Helmet,East,Retail,40,140.27,5610.8,1850.26
2022-10-15,Clothing,T-Shirt,North,Retail,35,98.57,4139.94,935.47
2022-10-15,Electronics,Smartwatch,West,Wholesale,74,202.67,16497.34,3165.94
2022-10-15,Beauty,Fragrance,South,Wholesale,63,36.57,2188.71,815.51
2022-10-15,Sports,Running Shoes,North,Direct,86,416.09,42940.49,16069.93
2022-10-15,Home & Garden,Bedding Set,East,Wholesale,66,485.23,32025.18,13365.91
2022-10-16,Clothing,Jeans,North,Direct,14,373.78,6279.5,1234.77
2022-10-16,Home & Garden,Lamp,West,Direct,13,269.19,3849.42,1386.32
2022-10-16,Home & Garden,Office Chair,East,Wholesale,93,138.18,12850.74,2671.3
2022-10-16,Sports,Dumbbell Set,North,Direct,53,121.82,7747.75,1456.15
2022-10-16,Clothing,Dress,East,Direct,69,116.31,8025.39,3545.41
2022-10-16,Electronics,Tablet,West,Retail,50,238.21,13101.55,4156.75
2022-10-16,Home & Garden,Garden Tools,South,Retail,1,102.11,97.0,32.18
2022-10-16,Clothing,T-Shirt,West,Wholesale,79,168.25,14620.93,4612.85
2022-10-16,Beauty,Skin Care Kit,Central,Wholesale,19,484.51,9205.69,3738.98
2022-10-16,Clothing,T-Shirt,North,Retail,1,293.04,351.65,109.74
2022-10-16,Electronics,Smartwatch,Central,Direct,45,101.48,4566.6,821.72
2022-10-16,Electronics,Laptop,East,Retail,48,481.73,23123.04,5244.63
2022-10-16,Electronics,Headphones,West,Retail,84,316.77,29269.55,7738.89
2022-10-16,Sports,Dumbbell Set,North,Direct,81,40.9,3975.48,1257.85
2022-10-16,Beauty,Face Serum,East,Retail,62,331.64,20561.68,6262.6
2022-10-16,Electronics,Smartphone,East,Wholesale,50,79.64,3982.0,849.09
2022-10-16,Sports,Bike Helmet,Central,Wholesale,30,185.0,5550.0,1749.79
2022-10-16,Sports,Yoga Mat,South,Direct,34,24.5,791.35,247.19
2022-10-16,Electronics,Laptop,East,Direct,43,438.58,18858.94,2907.34
2022-10-16,Sports,Tennis Racket,Central,Retail,3,292.89,878.67,185.4
2022-10-16,Electronics,Smartphone,North,Direct,26,334.48,10435.78,2967.78
2022-10-17,Sports,Dumbbell Set,Central,Wholesale,79,87.79,6935.41,1816.08
2022-10-17,Electronics,Smartphone,West,Retail,15,199.08,3284.82,1025.1
2022-10-17,Sports,Bike Helmet,South,Direct,56,429.61,22855.25,7542.8
2022-10-17,Electronics,Tablet,West,Wholesale,36,376.43,14906.63,6378.12
2022-10-17,Beauty,Face Serum,Central,Wholesale,51,380.89,19425.39,6662.12
2022-10-17,Home & Garden,Cookware Set,East,Direct,63,405.7,25559.1,5921.69
2022-10-17,Electronics,Smartphone,Central,Direct,12,60.83,729.96,111.78
2022-10-17,Sports,Bike Helmet,South,Wholesale,63,86.79,5194.38,1765.21
2022-10-17,Clothing,T-Shirt,East,Direct,99,111.75,11063.25,2000.29
2022-10-17,Home & Garden,Garden Tools,South,Direct,38,282.5,10198.25,2897.68
2022-10-17,Home & Garden,Office Chair,West,Retail,87,310.59,29723.46,6845.71
2022-10-17,Sports,Running Shoes,South,Retail,36,360.77,12338.33,2079.3
2022-10-17,Sports,Yoga Mat,South,Retail,17,163.12,2634.39,539.14
2022-10-17,Clothing,Jacket,East,Wholesale,28,395.0,11060.0,4899.73
2022-10-17,Electronics,Tablet,North,Direct,92,230.74,25473.7,9280.74
2022-10-18,Sports,Yoga Mat,South,Retail,26,44.05,1088.03,477.54
2022-10-18,Clothing,T-Shirt,East,Direct,61,322.05,19645.05,5877.91
2022-10-18,Sports,Bike Helmet,East,Direct,48,291.47,13990.56,2853.74
2022-10-18,Electronics,Smartphone,Central,Wholesale,93,292.87,27236.91,5441.5
2022-10-18,Sports,Tennis Racket,South,Retail,87,322.31,26638.92,8113.17
2022-10-18,Clothing,Jeans,South,Wholesale,58,299.41,16497.49,6192.24
2022-10-18,Beauty,Fragrance,South,Retail,23,113.29,2475.39,414.47
2022-10-18,Beauty,Hair Dryer,West,Wholesale,33,436.31,15838.05,5930.11
2022-10-18,Home & Garden,Lamp,West,Retail,77,82.84,7016.55,2529.82
2022-10-19,Electronics,Smartphone,Central,Wholesale,78,62.58,4881.24,2171.65
2022-10-19,Home & Garden,Garden Tools,South,Retail,34,376.99,12176.78,4342.91
2022-10-19,Sports,Dumbbell Set,West,Wholesale,79,341.48,29674.61,11274.61
2022-10-19,Electronics,Laptop,East,Retail,36,273.57,9848.52,2771.74
2022-10-19,Sports,Bike Helmet,East,Wholesale,79,235.54,18607.66,6262.07
2022-10-19,Beauty,Fragrance,Central,Retail,97,18.57,1801.29,712.65
2022-10-19,Beauty,Fragrance,North,Retail,4,11.85,56.88,22.74
2022-10-19,Clothing,Jacket,South,Direct,49,411.18,19140.43,5838.69
2022-10-19,Sports,Tennis Racket,East,Direct,40,235.87,9434.8,3289.72
2022-10-19,Clothing,T-Shirt,East,Wholesale,8,425.21,3401.68,1503.36
2022-10-19,Electronics,Laptop,South,Wholesale,50,393.67,18699.33,4708.64
2022-10-19,Beauty,Face Serum,North,Wholesale,97,475.44,55341.22,10457.15
2022-10-19,Beauty,Face Serum,North,Retail,41,213.54,10506.17,2606.87
2022-10-19,Beauty,Fragrance,Central,Direct,49,428.08,20975.92,8595.33
2022-10-19,Electronics,Tablet,Central,Direct,83,212.0,17596.0,4339.97
2022-10-19,Beauty,Hair Dryer,East,Retail,72,406.31,29254.32,
2022-10-19,Beauty,Hair Dryer,West,Wholesale,15,261.77,4319.2,919.03
2022-10-20,Sports,Yoga Mat,West,Wholesale,34,463.99,17353.23,6690.34
2022-10-20,Sports,Dumbbell Set,West,Wholesale,33,27.94,1014.22,348.96
2022-10-20,Clothing,T-Shirt,Central,Retail,38,304.76,11580.88,3497.38
2022-10-20,Clothing,T-Shirt,East,Retail,33,73.7,2432.1,650.22
2022-10-20,Electronics,Headphones,South,Wholesale,36,71.97,2461.37,499.97
2022-10-20,Electronics,Smartphone,Central,Retail,93,464.45,43193.85,8434.58
2022-10-20,Electronics,Smartphone,South,Direct,62,276.22,16269.36,3398.5
2022-10-20,Beauty,Hair Dryer,West,Retail,29,456.69,14568.41,2551.46
2022-10-20,Clothing,T-Shirt,North,Wholesale,43,323.66,16700.86,3773.7
2022-10-20,Sports,Running Shoes,Central,Direct,35,345.23,12083.05,4168.88
2022-10-20,Sports,Bike Helmet,East,Direct,24,232.47,5579.28,927.51
2022-10-20,Sports,Running Shoes,East,Wholesale,82,475.3,38974.6,7102.45
2022-10-20,Sports,Yoga Mat,South,Wholesale,39,385.82,14294.63,5701.12
2022-10-20,Home & Garden,Garden Tools,South,Wholesale,90,291.7,24940.35,10199.38
2022-10-20,Electronics,Headphones,West,Wholesale,46,243.37,12314.52,4187.81
2022-10-20,Sports,Yoga Mat,North,Wholesale,16,291.69,5600.45,1472.92
2022-10-20,Electronics,Headphones,South,Direct,40,32.55,1236.9,290.14
2022-10-20,Clothing,Jeans,North,Direct,47,118.78,6699.19,2003.52
2022-10-20,Home & Garden,Garden Tools,North,Retail,45,420.69,22717.26,5860.75
2022-10-20,Clothing,Dress,North,Wholesale,19,132.52,3021.46,547.51
2022-10-20,Home & Garden,Garden Tools,South,Direct,4,161.5,613.7,254.5
2022-10-20,Sports,Running Shoes,West,Wholesale,73,343.16,27555.75,11168.86
2022-10-21,Beauty,Face Serum,West,Wholesale,47,187.22,9679.27,2332.31
2022-10-21,Beauty,Skin Care Kit,West,Retail,73,280.39,22515.32,7737.59
2022-10-21,Electronics,Headphones,North,Retail,39,261.83,12253.64,5055.85
2022-10-21,Home & Garden,Lamp,South,Retail,85,117.07,9453.4,2857.54
2022-10-21,Electronics,Headphones,Central,Wholesale,19,212.89,4044.91,686.07
2022-10-21,Electronics,Headphones,Central,Direct,99,125.09,12383.91,3158.45
2022-10-21,Sports,Dumbbell Set,South,Wholesale,52,200.97,9927.92,4339.15
2022-10-21,Clothing,Jeans,South,Retail,23,26.08,569.85,226.82
2022-10-21,Beauty,Face Serum,South,Retail,1,392.6,372.97,76.88
2022-10-21,Sports,Yoga Mat,East,Retail,31,278.33,8628.23,1623.37
2022-10-21,Home & Garden,Garden Tools,South,Direct,90,76.54,6544.17,2315.84
2022-10-21,Home & Garden,Cookware Set,Central,Direct,13,304.35,3956.55,948.65
2022-10-21,Home & Garden,Lamp,West,Direct,64,309.12,21762.05,7660.49
2022-10-21,Clothing,Sneakers,East,Retail,60,21.16,1269.6,481.33
2022-10-21,Home & Garden,Office Chair,South,Direct,3,163.68,466.49,183.38
2022-10-22,Beauty,Hair Dryer,Central,Wholesale,62,154.75,9594.5,2069.33
2022-10-22,Beauty,Skin Care Kit,West,Retail,75,114.57,9452.03,3292.96
2022-10-22,Electronics,Laptop,West,Retail,68,151.65,11343.42,3108.34
2022-10-22,Electronics,Smartwatch,South,Wholesale,77,337.39,24680.08,7700.28
2022-10-22,Electronics,Headphones,South,Wholesale,43,49.06,2004.1,329.35
2022-10-22,Clothing,Sneakers,North,Retail,50,180.99,10859.4,
2022-10-22,Beauty,Hair Dryer,Central,Retail,27,350.06,9451.62,3716.93
2022-10-22,Sports,Running Shoes,Central,Wholesale,60,12.1,726.0,258.26
2022-10-22,Clothing,Jacket,West,Direct,76,113.82,9515.35,3966.09
2022-10-22,Beauty,Hair Dryer,South,Direct,36,250.58,8569.84,2365.47
2022-10-22,Beauty,Hair Dryer,West,Direct,89,247.45,24225.35,4791.79
2022-10-22,Home & Garden,Lamp,West,Direct,32,385.41,13566.43,2533.53
2022-10-22,Home & Garden,Office Chair,South,Direct,15,333.14,4747.24,1608.4
2022-10-22,Clothing,Jacket,Central,Retail,19,137.72,2616.68,1140.86
2022-10-22,Sports,Tennis Racket,East,Retail,65,159.77,10385.05,3851.46
2022-10-22,Home & Garden,Office Chair,North,Wholesale,91,314.77,34372.88,5722.75
2022-10-22,Electronics,Headphones,North,Wholesale,82,95.08,9355.87,2302.53
2022-10-22,Clothing,Sneakers,West,Direct,53,264.48,15419.18,6281.35
2022-10-22,Sports,Running Shoes,North,Wholesale,7,174.89,1469.08,557.34
2022-10-22,Clothing,Jacket,West,Retail,19,408.17,8530.75,1929.06
2022-10-23,Beauty,Skin Care Kit,South,Retail,38,26.02,939.32,204.26
2022-10-23,Beauty,Fragrance,South,Retail,84,119.02,9497.8,2697.58
2022-10-23,Electronics,Tablet,North,Retail,12,260.71,3754.22,1427.89
2022-10-23,Home & Garden,Garden Tools,West,Direct,42,423.09,19546.76,5792.46
2022-10-23,Electronics,Smartwatch,West,Retail,97,166.91,17809.3,5641.85
2022-10-23,Electronics,Smartphone,South,Wholesale,88,64.62,5402.23,2114.12
2022-10-23,Clothing,T-Shirt,North,Wholesale,29,345.16,12011.57,1874.28
2022-10-23,Sports,Bike Helmet,East,Retail,80,172.8,13824.0,5698.61
2022-10-23,Electronics,Laptop,South,Retail,91,211.32,18268.61,4662.55
2022-10-23,Sports,Running Shoes,North,Direct,25,487.82,14634.6,4113.71
2022-10-23,Beauty,Makeup Palette,East,Direct,92,111.65,10271.8,4566.05
2022-10-23,Sports,Dumbbell Set,East,Direct,80,156.25,12500.0,4756.09
2022-10-23,Clothing,Jacket,East,Retail,27,26.73,721.71,195.91
2022-10-24,Clothing,Jacket,West,Retail,64,101.29,7130.82,2671.92
2022-10-24,Electronics,Smartphone,Central,Direct,44,49.42,2174.48,626.01
2022-10-24,Electronics,Smartwatch,Central,Direct,43,327.15,14067.45,3357.44
2022-10-24,Home & Garden,Garden Tools,West,Wholesale,82,456.93,41215.09,10583.84
2022-10-24,Sports,Tennis Racket,North,Wholesale,77,274.86,25397.06,3981.31
2022-10-24,Home & Garden,Bedding Set,West,Wholesale,81,230.38,20526.86,8219.8
2022-10-24,Clothing,Dress,West,Retail,24,90.14,2379.7,614.47
2022-10-24,Clothing,Sneakers,West,Wholesale,2,24.37,53.61,22.47
2022-10-24,Sports,Bike Helmet,Central,Wholesale,99,46.98,4651.02,1160.19
2022-10-24,Beauty,Skin Care Kit,East,Retail,50,19.57,978.5,246.85
2022-10-24,Electronics,Smartphone,East,Wholesale,47,174.83,8217.01,1825.8
2022-10-24,Electronics,Headphones,West,Retail,59,324.14,21036.69,9329.79
2022-10-24,Clothing,Jeans,West,Retail,59,193.12,12533.49,4212.54
2022-10-24,Home & Garden,Office Chair,West,Retail,1,386.25,424.88,77.35
2022-10-24,Electronics,Tablet,East,Direct,2,428.48,856.96,306.19
2022-10-24,Sports,Bike Helmet,East,Retail,33,380.53,12557.49,3896.44
2022-10-24,Clothing,Sneakers,North,Retail,87,193.78,20230.63,5443.94
2022-10-24,Beauty,Makeup Palette,North,Retail,86,106.52,10992.86,2336.9
2022-10-24,Clothing,Jacket,Central,Direct,49,170.8,8369.2,
2022-10-24,Electronics,Headphones,South,Retail,71,369.65,24932.89,6678.17
2022-10-24,Electronics,Tablet,Central,Direct,62,327.16,20283.92,7311.4
2022-10-24,Sports,Bike Helmet,East,Direct,63,54.18,3413.34,790.98
2022-10-25,Sports,Yoga Mat,East,Wholesale,58,131.48,7625.84,1365.36
2022-10-25,Beauty,Face Serum,East,Wholesale,22,41.99,923.78,151.24
2022-10-25,Clothing,Jeans,West,Retail,29,446.8,14252.92,4659.0
2022-10-25,Clothing,Sneakers,West,Wholesale,68,318.48,23822.3,7323.06
2022-10-25,Clothing,Sneakers,East,Retail,46,208.5,9591.0,2154.42
2022-10-25,Beauty,Face Serum,West,Retail,8,171.62,1510.26,474.22
2022-10-25,Home & Garden,Lamp,West,Retail,1,462.91,509.2,214.03
2022-10-25,Home & Garden,Cookware Set,East,Direct,19,335.93,6382.67,2217.2
2022-10-25,Electronics,Tablet,North,Retail,13,223.96,3493.78,1115.21
2022-10-25,Home & Garden,Bedding Set,South,Retail,95,457.87,41322.77,16001.25
2022-10-25,Home & Garden,Garden Tools,East,Wholesale,66,361.14,23835.24,8768.74
2022-10-25,Home & Garden,Bedding Set,East,Direct,9,289.66,2606.94,423.92
2022-10-25,Home & Garden,Lamp,East,Retail,61,64.59,3939.99,1488.0
2022-10-25,Home & Garden,Garden Tools,East,Retail,24,226.8,5443.2,2433.8
2022-10-25,Sports,Tennis Racket,West,Wholesale,51,219.82,12331.9,3896.7
2022-10-25,Home & Garden,Lamp,North,Wholesale,80,380.63,36540.48,9947.84
2022-10-25,Sports,Yoga Mat,South,Wholesale,65,479.1,29584.42,11493.68
2022-10-25,Home & Garden,Office Chair,North,Wholesale,88,362.45,38274.72,9904.04
2022-10-25,Beauty,Makeup Palette,West,Wholesale,36,166.66,6599.74,2560.71
2022-10-25,Electronics,Tablet,Central,Direct,68,413.88,28143.84,11027.7
2022-10-25,Home & Garden,Bedding Set,West,Retail,55,423.31,25610.26,8824.78
2022-10-25,Beauty,Face Serum,Central,Retail,11,356.36,3919.96,1186.51
2022-10-25,Home & Garden,Garden Tools,East,Wholesale,54,192.26,10382.04,3275.65
2022-10-25,Electronics,Headphones,North,Wholesale,59,380.1,26911.08,7966.73
2022-10-26,Home & Garden,Garden Tools,North,Direct,71,233.81,19920.61,5192.82
2022-10-26,Beauty,Face Serum,North,Wholesale,56,334.6,22485.12,4254.47
2022-10-26,Beauty,Makeup Palette,South,Retail,13,22.61,279.23,56.2
2022-10-26,Home & Garden,Bedding Set,South,Retail,74,77.4,5441.22,1952.24
2022-10-26,Sports,Dumbbell Set,South,Retail,91,348.8,30153.76,11709.81
2022-10-26,Electronics,Laptop,North,Direct,71,264.31,22519.21,5057.82
2022-10-26,Electronics,Laptop,South,Wholesale,54,488.26,25047.74,7915.63
2022-10-26,Clothing,Sneakers,Central,Direct,93,465.82,43321.26,16221.74
2022-10-26,Beauty,Face Serum,East,Retail,16,164.31,2628.96,477.45
2022-10-26,Beauty,Skin Care Kit,East,Retail,67,256.05,17155.35,6326.89
2022-10-26,Electronics,Smartphone,Central,Direct,79,63.29,4999.91,961.34
2022-10-26,Clothing,Sneakers,Central,Retail,62,181.82,11272.84,1779.69
2022-10-26,Home & Garden,Cookware Set,Central,Direct,63,393.2,24771.6,6679.7
2022-10-26,Clothing,Sneakers,North,Retail,79,21.25,2014.5,366.55
2022-10-26,Sports,Yoga Mat,South,Direct,51,79.86,3869.22,851.93
2022-10-26,Beauty,Face Serum,North,Retail,59,444.79,31491.13,8194.74
2022-10-27,Electronics,Smartphone,East,Retail,78,331.05,25821.9,5765.34
2022-10-27,Sports,Tennis Racket,Central,Retail,52,192.33,10001.16,4451.05
2022-10-27,Sports,Tennis Racket,East,Direct,43,379.32,16310.76,6726.52
2022-10-27,Beauty,Face Serum,South,Direct,74,77.11,5420.83,1694.27
2022-10-27,Clothing,Jacket,North,Direct,58,328.64,22873.34,4655.72
2022-10-27,Electronics,Laptop,Central,Direct,84,63.51,5334.84,1847.12
2022-10-27,Beauty,Hair Dryer,West,Wholesale,3,32.26,106.46,29.46
2022-10-27,Beauty,Skin Care Kit,West,Wholesale,78,132.07,11331.61,2674.62
2022-10-27,Clothing,Sneakers,Central,Direct,89,296.87,26421.43,7575.26
2022-10-27,Beauty,Hair Dryer,West,Wholesale,3,32.26,106.46,29.46
2022-10-28,Sports,Bike Helmet,Central,Retail,14,435.5,6097.0,1218.41
2022-10-28,Electronics,Tablet,East,Direct,6,473.65,2841.9,869.15
2022-10-28,Beauty,Hair Dryer,South,Retail,80,276.2,20991.2,6710.31
2022-10-28,Home & Garden,Garden Tools,South,Wholesale,14,413.42,5498.49,1396.52
2022-10-28,Electronics,Smartwatch,Central,Retail,40,285.27,11410.8,2831.8
2022-10-28,Clothing,T-Shirt,North,Retail,19,414.28,9445.58,3569.23
2022-10-28,Sports,Dumbbell Set,North,Retail,2,93.16,223.58,50.77
2022-10-28,Home & Garden,Garden Tools,Central,Retail,96,199.73,19174.08,6189.84
2022-10-28,Clothing,Jeans,Central,Retail,39,431.31,16821.09,2595.83
2022-10-28,Home & Garden,Cookware Set,Central,Wholesale,21,454.08,9535.68,1952.46
2022-10-28,Beauty,Hair Dryer,South,Direct,24,145.87,3325.84,1464.31
2022-10-28,Beauty,Hair Dryer,Central,Wholesale,38,63.31,2405.78,992.66
2022-10-28,Electronics,Headphones,North,Wholesale,15,224.88,4047.84,1523.41
2022-10-28,Beauty,Hair Dryer,West,Wholesale,43,189.44,8960.51,2512.69
2022-10-28,Beauty,Skin Care Kit,North,Retail,62,330.08,24557.95,9443.28
2022-10-28,Clothing,Jacket,South,Direct,58,485.42,26746.64,10064.82
2022-10-28,Home & Garden,Bedding Set,North,Retail,1,321.6,385.92,139.93
2022-10-28,Home & Garden,Office Chair,South,Wholesale,68,372.88,24088.05,4836.21
2022-10-28,Home & Garden,Cookware Set,Central,Wholesale,21,454.08,9535.68,1952.46
2022-10-29,Beauty,Face Serum,South,Retail,39,248.54,9208.41,1559.77
2022-10-29,Home & Garden,Lamp,Central,Retail,36,228.96,8242.56,2192.35
2022-10-29,Electronics,Smartwatch,South,Retail,39,261.13,9674.87,1720.3
2022-10-29,Beauty,Skin Care Kit,South,Wholesale,3,122.61,349.44,118.11
2022-10-29,Sports,Tennis Racket,South,Direct,47,283.02,12636.84,3454.62
2022-10-29,Clothing,Jacket,West,Direct,61,306.72,20580.91,8811.05
2022-10-29,Electronics,Smartphone,Central,Wholesale,16,438.6,7017.6,1262.12
2022-10-29,Electronics,Headphones,East,Retail,40,282.32,11292.8,2010.56
2022-10-29,Home & Garden,Bedding Set,West,Direct,22,302.41,7318.32,1448.12
2022-10-29,Beauty,Hair Dryer,East,Retail,11,29.05,319.55,96.63
2022-10-30,Home & Garden,Lamp,East,Direct,86,210.11,18069.46,4891.77
2022-10-30,Clothing,T-Shirt,Central,Retail,46,291.66,13416.36,6007.95
2022-10-30,Beauty,Face Serum,South,Wholesale,45,498.87,21326.69,6287.78
2022-10-30,Electronics,Headphones,West,Direct,54,93.89,5577.07,1411.4
2022-10-30,Home & Garden,Bedding Set,South,Wholesale,25,143.67,3412.16,715.76
2022-10-30,Sports,Yoga Mat,South,Wholesale,19,449.55,8114.38,3463.41
2022-10-30,Beauty,Makeup Palette,West,Retail,53,12.3,717.09,304.21
2022-10-30,Beauty,Makeup Palette,South,Wholesale,30,369.83,10540.15,1640.66
2022-10-30,Home & Garden,Lamp,West,Direct,1,49.8,54.78,8.4
2022-10-30,Home & Garden,Office Chair,West,Wholesale,2,393.36,865.39,
2022-10-30,Electronics,Laptop,South,Direct,92,430.2,37599.48,7228.26
2022-10-30,Sports,Tennis Racket,North,Direct,85,330.87,33748.74,
2022-10-30,Home & Garden,Cookware Set,West,Retail,11,377.87,4572.23,1023.43
2022-10-30,Home & Garden,Office Chair,Central,Retail,6,39.11,234.66,102.41
2022-10-30,Home & Garden,Cookware Set,East,Wholesale,95,124.69,11845.55,2750.64
2022-10-30,Sports,Yoga Mat,East,Direct,75,450.05,33753.75,7439.77
2022-10-30,Sports,Bike Helmet,East,Retail,1,82.38,82.38,30.45
2022-10-30,Sports,Tennis Racket,Central,Retail,6,137.86,827.16,207.56
2022-10-30,Sports,Yoga Mat,East,Wholesale,21,199.23,4183.83,1153.86
2022-10-30,Clothing,Jeans,Central,Retail,6,48.63,291.78,78.47
2022-10-30,Clothing,Dress,South,Wholesale,65,233.82,14438.38,2402.37
2022-10-31,Beauty,Makeup Palette,South,Retail,88,99.76,8339.94,2422.6
2022-10-31,Beauty,Skin Care Kit,West,Direct,13,202.72,2898.9,903.06
2022-10-31,Sports,Running Shoes,West,Retail,27,189.15,5617.76,2154.35
2022-10-31,Sports,Tennis Racket,West,Direct,55,110.35,6676.18,1438.87
2022-10-31,Home & Garden,Cookware Set,West,Wholesale,84,350.91,32424.08,8662.95
2022-10-31,Electronics,Tablet,Central,Retail,40,285.33,11413.2,2614.33
2022-10-31,Sports,Yoga Mat,North,Wholesale,24,434.49,12513.31,5221.84
2022-10-31,Beauty,Makeup Palette,South,Direct,99,170.71,16055.28,2587.34
2022-10-31,Electronics,Headphones,North,Direct,70,205.5,17262.0,6602.27
2022-10-31,Electronics,Smartwatch,West,Direct,90,394.53,39058.47,10019.52
2022-10-31,Clothing,Jacket,West,Wholesale,92,457.63,46312.16,15987.48
2022-10-31,Clothing,Dress,Central,Retail,43,336.93,14487.99,6042.24
2022-10-31,Home & Garden,Bedding Set,Central,Retail,51,54.91,2800.41,1228.1
2022-10-31,Clothing,Sneakers,North,Retail,47,384.67,21695.39,4755.36
2022-11-01,Clothing,Sneakers,West,Wholesale,6,50.81,335.35,138.51
2022-11-01,Electronics,Smartphone,West,Wholesale,45,353.16,17481.42,6354.4
2022-11-01,Electronics,Smartphone,Central,Direct,78,255.9,19960.2,7831.38
2022-11-01,Sports,Tennis Racket,East,Wholesale,82,115.26,9451.32,3607.69
2022-11-01,Home & Garden,Bedding Set,East,Direct,95,469.56,44608.2,17082.43
2022-11-01,Clothing,Sneakers,South,Wholesale,67,146.66,9334.91,1787.54
2022-11-01,Clothing,Sneakers,East,Wholesale,86,196.58,16905.88,2885.06
2022-11-01,Sports,Bike Helmet,East,Direct,1,364.37,364.37,
2022-11-01,Electronics,Smartphone,South,Retail,8,79.16,601.62,141.33
2022-11-01,Home & Garden,Cookware Set,East,Wholesale,81,499.55,40463.55,15129.52
2022-11-01,Home & Garden,Office Chair,East,Direct,57,362.4,20656.8,9125.52
2022-11-01,Clothing,Jeans,North,Direct,27,243.82,7899.77,2630.02
2022-11-01,Beauty,Face Serum,North,Retail,87,430.56,44950.46,19351.05
2022-11-01,Beauty,Face Serum,West,Direct,8,74.81,658.33,274.12
2022-11-01,Home & Garden,Garden Tools,North,Wholesale,4,404.03,1939.34,736.07
2022-11-01,Electronics,Smartwatch,West,Retail,35,242.91,9352.04,1536.15
2022-11-01,Clothing,Jeans,South,Retail,24,21.98,501.14,214.11
2022-11-01,Clothing,Jeans,East,Retail,28,99.19,2777.32,714.3
2022-11-01,Home & Garden,Office Chair,East,Direct,63,37.81,2382.03,834.26
2022-11-01,Home & Garden,Garden Tools,East,Direct,85,391.49,33276.65,11209.1
2022-11-01,Sports,Yoga Mat,South,Retail,70,318.15,21156.97,4229.31
2022-11-02,Beauty,Skin Care Kit,Central,Wholesale,49,243.72,11942.28,5168.89
2022-11-02,Home & Garden,Bedding Set,East,Direct,65,140.91,9159.15,1380.92
2022-11-02,Home & Garden,Lamp,West,Retail,25,479.1,13175.25,3079.08
2022-11-02,Home & Garden,Cookware Set,North,Direct,97,328.97,38292.11,7176.9
2022-11-02,Clothing,Jacket,East,Retail,8,370.54,2964.32,1190.53
2022-11-02,Clothing,Dress,West,Direct,25,112.88,3104.2,503.17
2022-11-02,Home & Garden,Office Chair,South,Direct,39,100.98,3741.31,1009.85
2022-11-02,Beauty,Skin Care Kit,West,Retail,52,473.84,27103.65,9707.99
2022-11-02,Sports,Yoga Mat,Central,Wholesale,53,321.51,17040.03,3383.9
2022-11-02,Sports,Bike Helmet,North,Direct,6,183.18,1318.9,568.71
2022-11-02,Electronics,Smartphone,Central,Retail,13,111.95,1455.35,402.86
2022-11-02,Sports,Dumbbell Set,West,Retail,27,67.39,2001.48,325.14
2022-11-02,Home & Garden,Cookware Set,South,Retail,82,97.23,7574.22,2669.86
2022-11-02,Beauty,Skin Care Kit,West,Retail,61,78.98,5299.56,1302.98
2022-11-02,Electronics,Laptop,South,Direct,68,47.66,3078.84,1126.92
2022-11-03,Beauty,Fragrance,North,Direct,57,473.17,32364.83,14444.28
2022-11-03,Home & Garden,Lamp,East,Direct,21,202.55,4253.55,1424.73
2022-11-03,Clothing,Sneakers,Central,Direct,6,484.08,2904.48,1011.4
2022-11-03,Clothing,Sneakers,North,Direct,23,429.82,11863.03,4368.19
2022-11-03,Beauty,Skin Care Kit,North,Retail,37,170.59,7574.2,3134.17
2022-11-03,Sports,Running Shoes,South,Direct,77,110.94,8115.26,3287.87
2022-11-03,Sports,Dumbbell Set,South,Wholesale,94,57.54,5138.32,2098.15
2022-11-03,Clothing,T-Shirt,North,Wholesale,80,198.65,19070.4,4063.21
2022-11-03,Home & Garden,Garden Tools,Central,Retail,95,143.55,13637.25,2409.75
2022-11-03,Sports,Dumbbell Set,East,Wholesale,99,321.5,31828.5,7772.18
2022-11-03,Sports,Yoga Mat,West,Retail,54,206.03,12238.18,2731.05
2022-11-03,Electronics,Laptop,South,Retail,78,54.5,4038.45,746.5
2022-11-03,Home & Garden,Office Chair,Central,Wholesale,4,367.33,1469.32,441.31
2022-11-03,Beauty,Face Serum,West,Wholesale,73,163.71,13145.91,5311.7
2022-11-03,Home & Garden,Garden Tools,East,Direct,91,397.05,36131.55,11919.9
2022-11-03,Beauty,Face Serum,North,Wholesale,47,394.82,22267.85,5878.72
2022-11-03,Clothing,T-Shirt,Central,Wholesale,54,56.43,3047.22,496.33
2022-11-03,Clothing,Jeans,West,Wholesale,57,239.19,14997.21,2721.59
2022-11-03,Electronics,Laptop,North,Retail,98,61.39,7219.46,1806.52
2022-11-04,Beauty,Skin Care Kit,Central,Retail,18,496.77,8941.86,
2022-11-04,Clothing,Jeans,East,Retail,75,132.43,9932.25,2253.36
2022-11-04,Sports,Tennis Racket,East,Wholesale,10,329.25,3292.5,792.02
2022-11-04,Sports,Yoga Mat,West,Retail,39,82.82,3552.98,669.16
2022-11-04,Beauty,Makeup Palette,North,Retail,72,29.48,2547.07,536.76
2022-11-04,Beauty,Makeup Palette,South,Retail,58,101.11,5571.16,1698.41
2022-11-04,Clothing,Jacket,East,Retail,94,468.53,44041.82,7540.62
2022-11-04,Beauty,Face Serum,Central,Direct,51,223.02,11374.02,4243.4
2022-11-04,Home & Garden,Cookware Set,South,Wholesale,41,71.63,2789.99,851.94
2022-11-04,Beauty,Hair Dryer,North,Retail,24,409.75,11800.8,3202.22
2022-11-04,Sports,Tennis Racket,North,Retail,66,368.02,29147.18,9154.48
2022-11-04,Sports,Tennis Racket,East,Wholesale,54,223.31,12058.74,3887.67
2022-11-04,Sports,Yoga Mat,Central,Retail,78,359.56,28045.68,6375.06
2022-11-04,Electronics,Smartwatch,East,Retail,42,408.71,17165.82,6424.9
2022-11-04,Home & Garden,Cookware Set,East,Direct,20,69.84,1396.8,213.47
2022-11-04,Beauty,Fragrance,Central,Wholesale,83,302.48,25105.84,10723.67
2022-11-04,Beauty,Face Serum,West,Wholesale,23,493.12,12475.94,2874.13
2022-11-04,Beauty,Fragrance,East,Direct,33,449.85,14845.05,5870.26
2022-11-04,Home & Garden,Cookware Set,Central,Wholesale,3,174.02,522.06,224.1
2022-11-04,Home & Garden,Cookware Set,West,Wholesale,4,364.1,1602.04,686.52
2022-11-04,Beauty,Fragrance,North,Direct,59,182.2,12899.76,2372.79
2022-11-04,Electronics,Laptop,Central,Direct,17,203.78,3464.26,718.24
2022-11-05,Beauty,Face Serum,South,Wholesale,88,196.56,16432.42,3149.31
2022-11-05,Clothing,Dress,East,Wholesale,41,415.14,17020.74,6050.71
2022-11-05,Home & Garden,Cookware Set,North,Wholesale,61,56.61,4143.85,1619.23
2022-11-05,Beauty,Skin Care Kit,South,Wholesale,29,132.83,3659.47,1350.38
2022-11-05,Home & Garden,Bedding Set,West,Retail,9,433.69,4293.53,1474.73
2022-11-05,Electronics,Headphones,East,Retail,27,46.34,1251.18,234.8
2022-11-05,Sports,Bike Helmet,North,Retail,54,213.15,13812.12,6156.46
2022-11-05,Clothing,Jeans,West,Direct,57,227.46,14261.74,2486.48
2022-11-05,Clothing,Jeans,East,Direct,76,46.75,3553.0,1379.08
2022-11-05,Clothing,Jeans,North,Retail,4,338.06,1622.69,664.53
2022-11-05,Home & Garden,Bedding Set,East,Wholesale,23,271.15,6236.45,2712.09
2022-11-05,Clothing,T-Shirt,Central,Retail,99,300.27,29726.73,7773.96
2022-11-05,Electronics,Headphones,North,Direct,3,498.74,1795.46,499.79
2022-11-05,Electronics,Smartphone,East,Retail,58,98.66,5722.28,1974.63
2022-11-05,Clothing,Jacket,West,Direct,81,137.63,12262.83,3823.58
2022-11-06,Beauty,Hair Dryer,North,Retail,25,155.16,4654.8,1202.17
2022-11-06,Home & Garden,Bedding Set,West,Direct,45,234.91,11628.05,2505.41
2022-11-06,Clothing,T-Shirt,East,Direct,71,250.39,17777.69,7054.89
2022-11-06,Clothing,T-Shirt,South,Direct,5,68.21,324.0,87.15
2022-11-06,Beauty,Makeup Palette,Central,Retail,8,192.98,1543.84,314.59
2022-11-06,Home & Garden,Garden Tools,East,Wholesale,14,85.41,1195.74,499.26
2022-11-06,Sports,Running Shoes,South,Retail,77,78.03,5707.89,1080.54
2022-11-06,Beauty,Skin Care Kit,East,Retail,32,487.47,15599.04,4259.46
2022-11-06,Sports,Yoga Mat,North,Direct,75,70.68,6361.2,2105.32
2022-11-06,Sports,Yoga Mat,North,Wholesale,22,388.17,10247.69,3080.82
2022-11-06,Electronics,Laptop,North,Wholesale,15,113.36,2040.48,478.51
2022-11-06,Beauty,Hair Dryer,East,Direct,59,396.63,23401.17,8197.33
2022-11-06,Sports,Tennis Racket,Central,Direct,65,147.29,9573.85,3540.82
2022-11-07,Electronics,Smartphone,West,Retail,16,286.46,5041.7,772.92
2022-11-07,Sports,Running Shoes,South,Wholesale,34,241.27,7793.02,3170.76
2022-11-07,Sports,Bike Helmet,West,Retail,31,377.16,12861.16,3107.62
2022-11-07,Home & Garden,Bedding Set,Central,Retail,58,454.7,26372.6,11023.1
2022-11-07,Electronics,Smartphone,North,Direct,60,370.22,26655.84,11485.89
2022-11-07,Clothing,Jacket,South,Direct,19,374.67,6762.79,1846.39
2022-11-07,Home & Garden,Garden Tools,Central,Wholesale,89,30.36,2702.04,1158.57
2022-11-07,Home & Garden,Office Chair,Central,Retail,83,491.92,40829.36,15080.95
2022-11-07,Beauty,Face Serum,West,Direct,47,387.48,20032.72,7036.56
2022-11-07,Home & Garden,Bedding Set,Central,Wholesale,65,32.5,2112.5,404.6
2022-11-07,Sports,Running Shoes,West,Direct,92,310.59,31431.71,6792.0
2022-11-07,Home & Garden,Cookware Set,Central,Wholesale,28,393.94,11030.32,3207.5
2022-11-07,Sports,Dumbbell Set,South,Retail,61,90.71,5256.64,1146.25
2022-11-07,Electronics,Smartphone,West,Retail,75,288.81,23826.83,7895.34
2022-11-07,Sports,Running Shoes,East,Retail,78,284.48,22189.44,3900.66
2022-11-07,Electronics,Tablet,Central,Retail,4,495.75,1983.0,642.25
2022-11-08,Electronics,Smartwatch,East,Retail,68,29.92,2034.56,348.15
2022-11-08,Home & Garden,Garden Tools,East,Direct,22,27.31,600.82,256.47
2022-11-08,Clothing,Jacket,North,Direct,70,300.33,25227.72,5610.69
2022-11-08,Sports,Bike Helmet,South,Retail,23,42.12,920.32,257.33
2022-11-08,Sports,Yoga Mat,Central,Wholesale,39,178.15,6947.85,1823.64
2022-11-08,Sports,Running Shoes,South,Wholesale,59,432.88,24262.92,7664.4
2022-11-08,Electronics,Headphones,Central,Wholesale,64,396.6,25382.4,6563.03
2022-11-08,Sports,Bike Helmet,Central,Retail,98,276.56,27102.88,9669.02
2022-11-08,Sports,Dumbbell Set,South,Direct,73,39.18,2717.13,675.91
2022-11-08,Beauty,Skin Care Kit,North,Wholesale,36,452.33,19540.66,6414.07
2022-11-08,Beauty,Hair Dryer,Central,Retail,85,418.08,35536.8,6460.97
2022-11-08,Home & Garden,Cookware Set,North,Wholesale,61,291.77,21357.56,3667.44
2022-11-08,Sports,Tennis Racket,North,Retail,73,212.39,18605.36,5674.3
2022-11-08,Electronics,Headphones,South,Direct,93,301.05,26597.77,5706.33
2022-11-08,Clothing,T-Shirt,East,Direct,5,403.11,2015.55,367.7
2022-11-08,Beauty,Fragrance,West,Retail,90,125.77,12451.23,2527.27
2022-11-08,Home & Garden,Cookware Set,West,Retail,74,377.91,30761.87,
2022-11-09,Beauty,Face Serum,North,Retail,87,75.63,7895.77,1463.55
2022-11-09,Electronics,Laptop,South,Direct,65,454.81,28084.52,9454.25
2022-11-09,Home & Garden,Garden Tools,East,Direct,57,439.83,25070.31,10029.48
2022-11-09,Beauty,Hair Dryer,East,Retail,72,273.24,19673.28,5249.6
2022-11-09,Sports,Bike Helmet,South,Retail,85,296.41,23935.11,4798.62
2022-11-09,Clothing,Dress,North,Direct,29,29.32,1020.34,241.82
2022-11-09,Home & Garden,Bedding Set,East,Wholesale,20,324.29,6485.8,1763.04
2022-11-09,Home & Garden,Bedding Set,Central,Retail,16,146.25,2340.0,852.43
2022-11-09,Clothing,Jeans,South,Wholesale,65,415.82,25676.88,11233.97
2022-11-09,Electronics,Laptop,South,Wholesale,6,405.24,2309.87,794.79
2022-11-09,Clothing,Sneakers,West,Wholesale,50,383.3,21081.5,8528.07
2022-11-09,Home & Garden,Garden Tools,North,Retail,16,110.85,2128.32,805.93
2022-11-09,Home & Garden,Bedding Set,East,Retail,6,373.09,2238.54,612.88
2022-11-09,Sports,Tennis Racket,North,Retail,71,254.67,21697.88,8802.19
2022-11-09,Clothing,Sneakers,East,Direct,16,95.48,1527.68,378.09
2022-11-09,Electronics,Tablet,West,Direct,44,441.55,21371.02,5768.88
2022-11-09,Beauty,Hair Dryer,Central,Wholesale,30,84.42,2532.6,653.77
2022-11-09,Beauty,Face Serum,Central,Retail,71,82.09,5828.39,2263.57
2022-11-09,Electronics,Smartphone,Central,Retail,62,30.9,1915.8,604.41
2022-11-10,Sports,Yoga Mat,North,Direct,38,118.58,5407.25,1933.29
2022-11-10,Beauty,Face Serum,West,Retail,59,159.0,10319.1,1956.36
2022-11-10,Electronics,Headphones,East,Wholesale,22,35.49,780.78,173.05
2022-11-10,Sports,Dumbbell Set,East,Direct,1,245.7,245.7,50.67
2022-11-10,Home & Garden,Cookware Set,West,Direct,56,201.84,12433.34,2597.38
2022-11-10,Beauty,Fragrance,East,Wholesale,50,267.97,13398.5,4677.76
2022-11-10,Sports,Dumbbell Set,East,Direct,73,212.93,15543.89,3555.96
2022-11-10,Sports,Tennis Racket,Central,Direct,67,499.97,33497.99,8820.48
2022-11-10,Home & Garden,Garden Tools,North,Retail,96,343.45,39565.44,13635.49
2022-11-10,Electronics,Smartwatch,East,Wholesale,63,153.69,9682.47,4099.46
2022-11-10,Beauty,Makeup Palette,South,Direct,43,273.59,11176.15,4532.96
2022-11-10,Home & Garden,Bedding Set,East,Wholesale,29,391.18,11344.22,3293.83
2022-11-10,Clothing,Jeans,West,Retail,86,299.91,28371.49,9770.85
2022-11-10,Sports,Yoga Mat,West,Wholesale,33,307.35,11156.81,2066.14
2022-11-10,Clothing,Sneakers,North,Wholesale,65,333.81,26037.18,3995.48
2022-11-10,Clothing,Dress,South,Retail,84,52.5,4189.5,918.14
2022-11-10,Sports,Dumbbell Set,West,Retail,39,373.18,16009.42,5733.3
2022-11-10,Electronics,Headphones,East,Retail,68,58.73,3993.64,957.45
2022-11-10,Home & Garden,Cookware Set,West,Direct,43,251.02,11873.25,3258.42
2022-11-10,Home & Garden,Garden Tools,East,Wholesale,4,230.79,923.16,410.8
2022-11-10,Sports,Yoga Mat,North,Wholesale,44,232.51,12276.53,4833.34
2022-11-10,Beauty,Face Serum,West,Direct,71,294.02,22962.96,8174.25
2022-11-10,Electronics,Smartphone,North,Retail,54,72.6,4704.48,1509.15
2022-11-10,Sports,Bike Helmet,Central,Retail,12,262.3,3147.6,512.43
2022-11-11,Home & Garden,Bedding Set,North,Retail,15,465.26,8374.68,3463.91
2022-11-11,Clothing,Sneakers,East,Direct,19,44.99,854.81,170.77
2022-11-11,Electronics,Smartphone,North,Retail,98,332.08,39052.61,15804.66
2022-11-11,Electronics,Smartphone,East,Wholesale,77,55.45,4269.65,1214.59
2022-11-11,Sports,Tennis Racket,West,Retail,10,84.14,925.54,191.07
2022-11-11,Sports,Dumbbell Set,West,Retail,36,215.4,8529.84,3168.43
2022-11-11,Sports,Yoga Mat,Central,Direct,86,245.45,21108.7,6075.54
2022-11-11,Beauty,Skin Care Kit,East,Retail,84,250.81,21068.04,8887.62
2022-11-11,Clothing,T-Shirt,East,Retail,66,305.17,20141.22,4048.3
2022-11-11,Sports,Bike Helmet,South,Wholesale,20,88.74,1686.06,605.78
2022-11-11,Beauty,Makeup Palette,North,Direct,51,288.64,17664.77,6304.83
2022-11-11,Home & Garden,Garden Tools,South,Retail,97,299.93,27638.55,5224.59
2022-11-11,Sports,Bike Helmet,West,Retail,30,469.53,15494.49,3053.03
2022-11-11,Electronics,Headphones,Central,Wholesale,76,86.51,6574.76,1159.13
2022-11-11,Beauty,Makeup Palette,West,Retail,19,266.41,5567.97,2203.96
2022-11-11,Home & Garden,Office Chair,East,Direct,98,400.47,39246.06,11912.39
2022-11-12,Beauty,Hair Dryer,East,Wholesale,49,238.46,11684.54,4026.68
2022-11-12,Beauty,Makeup Palette,South,Direct,77,67.25,4919.34,1892.48
2022-11-12,Clothing,Jeans,South,Retail,47,242.86,10843.7,2822.85
2022-11-12,Home & Garden,Garden Tools,Central,Direct,69,332.66,22953.54,6078.94
2022-11-12,Home & Garden,Office Chair,Central,Wholesale,70,109.56,7669.2,2429.47
2022-11-12,Sports,Bike Helmet,Central,Direct,99,323.52,32028.48,8345.66
2022-11-12,Home & Garden,Office Chair,North,Direct,62,216.41,16100.9,4128.39
2022-11-12,Home & Garden,Garden Tools,South,Wholesale,97,24.28,2237.4,499.57
2022-11-12,Electronics,Headphones,Central,Retail,10,447.34,4473.4,1788.37
2022-11-12,Beauty,Makeup Palette,South,Wholesale,27,276.96,7104.02,2043.59
2022-11-12,Beauty,Skin Care Kit,North,Wholesale,5,47.89,287.34,74.9
2022-11-12,Home & Garden,Garden Tools,South,Retail,3,350.27,998.27,291.9
2022-11-12,Electronics,Smartwatch,East,Wholesale,24,31.69,760.56,307.47
2022-11-12,Clothing,Jacket,East,Wholesale,23,66.0,1518.0,554.66
2022-11-13,Beauty,Skin Care Kit,Central,Retail,62,32.38,2007.56,490.6
2022-11-13,Sports,Bike Helmet,North,Retail,86,474.0,48916.8,12361.77
2022-11-13,Beauty,Hair Dryer,East,Direct,14,30.83,431.62,146.18
2022-11-13,Beauty,Fragrance,East,Retail,72,218.32,15719.04,3341.64
2022-11-13,Electronics,Headphones,Central,Direct,81,212.48,17210.88,6453.83
2022-11-13,Electronics,Laptop,South,Wholesale,50,184.83,8779.42,3138.87
2022-11-13,Clothing,Jacket,Central,Retail,20,153.77,3075.4,461.42
2022-11-13,Home & Garden,Cookware Set,West,Retail,76,472.41,39493.48,17705.37
2022-11-13,Beauty,Face Serum,West,Retail,63,260.75,18069.98,7557.08
2022-11-13,Home & Garden,Cookware Set,East,Wholesale,48,225.57,10827.36,4387.16
2022-11-13,Beauty,Fragrance,South,Retail,20,359.0,6821.0,1360.63
2022-11-13,Electronics,Laptop,South,Direct,86,130.95,10698.61,2562.79
2022-11-14,Electronics,Tablet,West,Direct,76,206.22,17239.99,2992.76
2022-11-14,Home & Garden,Office Chair,North,Direct,26,444.04,13854.05,3389.79
2022-11-14,Sports,Running Shoes,South,Direct,78,492.16,36469.06,5846.09
2022-11-14,Sports,Tennis Racket,Central,Retail,51,298.54,15225.54,2582.12
2022-11-14,Electronics,Tablet,West,Direct,14,407.32,6272.73,2522.31
2022-11-14,Electronics,Smartphone,South,Retail,7,305.76,2033.3,860.56
2022-11-14,Home & Garden,Office Chair,South,Retail,7,98.59,655.62,143.58
2022-11-14,Clothing,T-Shirt,West,Wholesale,37,167.93,6834.75,1180.02
2022-11-14,Home & Garden,Lamp,East,Wholesale,86,203.59,17508.74,5879.14
2022-11-14,Clothing,Sneakers,North,Direct,62,410.11,30512.18,8918.35
2022-11-14,Beauty,Makeup Palette,North,Direct,19,491.67,11210.08,2925.99
2022-11-14,Electronics,Headphones,North,Retail,41,414.58,20397.34,6624.31
2022-11-14,Home & Garden,Office Chair,South,Wholesale,59,466.68,26157.41,8961.86
2022-11-14,Electronics,Smartwatch,North,Direct,73,468.71,41059.0,7019.12
2022-11-14,Electronics,Tablet,West,Retail,47,390.05,20165.59,6751.18
2022-11-14,Home & Garden,Lamp,South,Wholesale,14,17.34,230.62,93.85
2022-11-14,Beauty,Face Serum,South,Direct,96,195.23,17804.98,7585.44
2022-11-15,Sports,Dumbbell Set,East,Direct,8,262.48,2099.84,415.12
2022-11-15,Clothing,Jeans,West,Direct,70,82.99,6390.23,2085.03
2022-11-15,Electronics,Laptop,North,Wholesale,35,207.46,8713.32,2419.42
2022-11-15,Electronics,Smartwatch,Central,Direct,19,488.93,9289.67,1956.92
2022-11-15,Beauty,Face Serum,West,Retail,23,403.82,10216.65,2378.78
2022-11-15,Home & Garden,Cookware Set,Central,Wholesale,32,447.21,14310.72,5586.16
2022-11-15,Beauty,Hair Dryer,North,Wholesale,56,374.92,25194.62,10891.82
2022-11-15,Beauty,Face Serum,North,Retail,33,91.69,3630.92,925.95
2022-11-15,Beauty,Skin Care Kit,Central,Direct,54,393.04,21224.16,9320.73
2022-11-15,Home & Garden,Bedding Set,North,Wholesale,37,410.95,18246.18,6510.79
2022-11-15,Clothing,Jacket,East,Retail,12,176.5,2118.0,685.69
2022-11-15,Sports,Running Shoes,Central,Direct,24,242.66,5823.84,2317.23
2022-11-15,Clothing,T-Shirt,East,Retail,11,448.11,4929.21,1813.63
2022-11-16,Home & Garden,Bedding Set,North,Direct,50,148.97,8938.2,2950.65
2022-11-16,Clothing,Dress,East,Direct,91,90.43,8229.13,2297.61
2022-11-16,Clothing,Jacket,South,Retail,76,371.1,26793.42,10216.86
2022-11-16,Electronics,Tablet,West,Direct,73,231.01,18550.1,6895.49
2022-11-16,Sports,Tennis Racket,South,Retail,57,26.98,1460.97,542.71
2022-11-16,Sports,Yoga Mat,West,Wholesale,79,416.34,36179.95,13652.96
2022-11-16,Clothing,T-Shirt,West,Retail,97,273.35,29166.45,8500.35
2022-11-16,Beauty,Hair Dryer,East,Direct,71,363.6,25815.6,9060.04
2022-11-16,Sports,Bike Helmet,West,Retail,63,125.73,8713.09,2698.83
2022-11-16,Beauty,Fragrance,Central,Direct,3,404.03,1212.09,201.65
2022-11-17,Electronics,Headphones,North,Direct,56,19.18,1288.9,549.52
2022-11-17,Beauty,Makeup Palette,South,Retail,21,408.6,8151.57,3506.2
2022-11-17,Electronics,Headphones,West,Direct,54,478.78,28439.53,12591.51
2022-11-17,Sports,Bike Helmet,North,Wholesale,78,370.31,34661.02,9154.4
2022-11-17,Beauty,Makeup Palette,East,Wholesale,79,279.02,22042.58,7694.91
2022-11-17,Electronics,Laptop,West,Direct,21,127.18,2937.86,982.68
2022-11-17,Sports,Running Shoes,East,Retail,89,323.24,28768.36,5383.31
2022-11-17,Electronics,Laptop,East,Direct,56,40.37,2260.72,814.92
2022-11-17,Home & Garden,Garden Tools,North,Direct,13,193.29,3015.32,1032.29
2022-11-17,Home & Garden,Cookware Set,West,Wholesale,29,99.45,3172.46,1411.54
2022-11-17,Clothing,T-Shirt,North,Wholesale,1,145.22,174.26,66.7
2022-11-17,Clothing,Dress,East,Retail,25,311.49,7787.25,1413.81
2022-11-17,Home & Garden,Cookware Set,North,Direct,79,466.0,44176.8,18835.04
2022-11-17,Clothing,Jacket,Central,Direct,84,31.79,2670.36,742.14
2022-11-18,Beauty,Face Serum,Central,Retail,41,468.01,19188.41,4054.08
2022-11-18,Beauty,Hair Dryer,North,Wholesale,14,302.32,5078.98,
2022-11-18,Electronics,Tablet,Central,Retail,89,98.17,8737.13,2764.57
2022-11-18,Electronics,Headphones,North,Retail,8,227.26,2181.7,792.34
2022-11-18,Clothing,T-Shirt,South,Wholesale,12,469.25,5349.45,2333.74
2022-11-18,Clothing,Jacket,North,Direct,86,76.26,7870.03,2214.01
2022-11-18,Electronics,Tablet,East,Retail,86,24.55,2111.3,856.97
2022-11-18,Sports,Bike Helmet,North,Direct,41,30.35,1493.22,292.9
2022-11-18,Electronics,Smartwatch,North,Direct,6,396.04,2851.49,686.67
2022-11-18,Clothing,T-Shirt,West,Retail,96,38.15,4028.64,1153.84
2022-11-18,Beauty,Hair Dryer,East,Wholesale,4,472.15,1888.6,412.42
2022-11-18,Beauty,Skin Care Kit,West,Retail,34,334.61,12514.41,4291.76
2022-11-18,Beauty,Hair Dryer,West,Direct,83,302.22,27592.69,6661.71
2022-11-18,Clothing,Jacket,North,Wholesale,8,267.87,2571.55,810.99
2022-11-18,Clothing,Jeans,East,Wholesale,26,48.88,1270.88,237.64
2022-11-18,Electronics,Laptop,West,Direct,8,27.65,243.32,48.37
2022-11-18,Electronics,Tablet,West,Wholesale,95,478.54,50007.43,7528.1
2022-11-18,Electronics,Smartphone,West,Direct,77,266.44,22567.47,3666.17
2022-11-18,Clothing,T-Shirt,South,Wholesale,12,469.25,5349.45,2333.74
2022-11-19,Sports,Running Shoes,North,Retail,28,457.44,15369.98,4920.76
2022-11-19,Sports,Running Shoes,West,Wholesale,98,279.55,30135.49,8632.24
2022-11-19,Home & Garden,Lamp,Central,Retail,85,26.12,2220.2,951.64
2022-11-19,Clothing,Jacket,Central,Retail,94,198.18,18628.92,8177.62
2022-11-19,Clothing,Jeans,South,Direct,99,488.96,45986.69,10083.37
2022-11-19,Beauty,Face Serum,Central,Direct,97,245.97,23859.09,6440.56
2022-11-19,Home & Garden,Lamp,Central,Wholesale,55,26.85,1476.75,549.39
2022-11-19,Electronics,Laptop,North,Wholesale,18,197.09,4257.14,899.52
2022-11-19,Electronics,Headphones,South,Retail,52,240.24,11867.86,2027.61
2022-11-19,Clothing,Jacket,West,Retail,97,434.44,46354.75,15025.73
2022-11-19,Beauty,Skin Care Kit,West,Wholesale,34,154.27,5769.7,1186.45
2022-11-19,Electronics,Smartphone,West,Wholesale,8,437.01,3845.69,966.1
2022-11-19,Beauty,Fragrance,East,Wholesale,7,381.52,2670.64,938.69
2022-11-19,Clothing,Jeans,West,Direct,97,56.98,6079.77,1031.41
2022-11-19,Home & Garden,Cookware Set,South,Direct,91,325.2,28113.54,6828.07
2022-11-19,Beauty,Fragrance,West,Retail,22,432.98,10478.12,1763.08
2022-11-20,Beauty,Skin Care Kit,Central,Wholesale,1,193.76,193.76,41.0
2022-11-20,Sports,Bike Helmet,North,Direct,67,156.68,12597.07,4629.29
2022-11-20,Electronics,Smartphone,West,Direct,28,30.6,942.48,308.59
2022-11-20,Home & Garden,Cookware Set,Central,Wholesale,70,34.07,2384.9,743.98
2022-11-20,Electronics,Laptop,Central,Retail,22,439.51,9669.22,1996.14
2022-11-20,Beauty,Skin Care Kit,West,Direct,9,39.82,394.22,76.22
2022-11-20,Home & Garden,Lamp,Central,Wholesale,14,290.14,4061.96,765.02
2022-11-20,Sports,Bike Helmet,South,Wholesale,27,356.07,9133.2,1776.56
2022-11-21,Clothing,Sneakers,South,Direct,21,126.57,2525.07,409.93
2022-11-21,Home & Garden,Cookware Set,South,Retail,59,467.57,26207.3,7857.83
2022-11-21,Clothing,Jacket,West,Wholesale,95,306.38,32016.71,
2022-11-21,Sports,Dumbbell Set,North,Retail,31,401.41,14932.45,4243.77
2022-11-21,Home & Garden,Lamp,East,Direct,94,298.28,28038.32,12318.93
2022-11-21,Beauty,Skin Care Kit,East,Retail,32,337.18,10789.76,3909.33
2022-11-21,Sports,Bike Helmet,Central,Retail,72,407.45,29336.4,6354.08
2022-11-21,Home & Garden,Bedding Set,East,Wholesale,90,115.24,10371.6,2721.88
2022-11-21,Home & Garden,Garden Tools,East,Direct,27,224.91,6072.57,2320.9
2022-11-21,Clothing,Jacket,West,Wholesale,98,49.48,5333.94,1528.31
2022-11-21,Sports,Bike Helmet,North,Direct,74,270.99,24063.91,8962.48
2022-11-21,Sports,Yoga Mat,West,Wholesale,16,305.01,5368.18,1742.64
2022-11-21,Clothing,Jeans,North,Wholesale,16,134.2,2576.64,1158.38
2022-11-21,Sports,Running Shoes,East,Direct,77,323.26,24891.02,7922.36
2022-11-21,Beauty,Skin Care Kit,East,Retail,55,290.36,15969.8,3592.86
2022-11-21,Electronics,Laptop,West,Direct,38,138.34,5782.61,1432.2
2022-11-21,Home & Garden,Garden Tools,North,Direct,32,343.67,13196.93,3772.74
2022-11-21,Beauty,Fragrance,Central,Retail,74,34.93,2584.82,439.16
2022-11-21,Home & Garden,Garden Tools,West,Wholesale,9,54.67,541.23,173.4
2022-11-21,Clothing,T-Shirt,North,Direct,8,452.17,4340.83,1584.68
2022-11-21,Clothing,Dress,South,Wholesale,24,127.45,2905.86,620.6
2022-11-21,Clothing,Dress,North,Wholesale,27,132.63,4297.21,
2022-11-21,Home & Garden,Bedding Set,South,Retail,4,74.29,282.3,59.79
2022-11-21,Home & Garden,Garden Tools,South,Direct,86,275.96,22545.93,6220.39
2022-11-21,Beauty,Makeup Palette,North,Direct,74,244.34,21697.39,7037.4
2022-11-21,Electronics,Laptop,East,Retail,27,151.39,4087.53,1794.28
2022-11-21,Electronics,Headphones,North,Retail,11,146.74,1936.97,828.77
2022-11-22,Home & Garden,Cookware Set,South,Direct,56,354.09,18837.59,5053.76
2022-11-22,Sports,Tennis Racket,East,Direct,23,321.32,7390.36,3068.4
2022-11-22,Home & Garden,Cookware Set,West,Retail,13,466.86,6676.1,2592.06
2022-11-22,Electronics,Tablet,West,Retail,31,414.33,14128.65,6271.19
2022-11-22,Beauty,Face Serum,North,Direct,60,152.8,11001.6,3576.84
2022-11-22,Sports,Dumbbell Set,West,Wholesale,32,422.6,14875.52,5380.47
2022-11-22,Clothing,T-Shirt,North,Direct,4,251.64,1207.87,450.12
2022-11-22,Sports,Bike Helmet,South,Wholesale,9,391.95,3351.17,1040.27
2022-11-22,Beauty,Skin Care Kit,West,Direct,52,302.58,17307.58,4207.12
2022-11-22,Beauty,Face Serum,Central,Retail,86,400.63,34454.18,8248.24
2022-11-22,Home & Garden,Cookware Set,Central,Wholesale,84,351.71,29543.64,8416.1
2022-11-22,Beauty,Skin Care Kit,Central,Direct,16,140.32,2245.12,474.12
2022-11-22,Electronics,Headphones,North,Retail,59,76.05,5384.34,1546.41
2022-11-22,Electronics,Tablet,West,Wholesale,22,412.04,9971.37,2040.33
2022-11-22,Home & Garden,Lamp,South,Retail,86,427.68,34941.46,6083.82
2022-11-22,Electronics,Smartwatch,East,Wholesale,68,399.04,27134.72,6253.11
2022-11-23,Sports,Tennis Racket,East,Direct,78,80.4,6271.2,2561.44
2022-11-23,Home & Garden,Bedding Set,South,Retail,98,191.56,17834.24,5680.12
2022-11-23,Sports,Running Shoes,West,Retail,13,224.7,3213.21,1153.64
2022-11-23,Sports,Running Shoes,South,Direct,85,218.18,17618.03,3573.97
2022-11-23,Home & Garden,Bedding Set,North,Direct,97,473.39,55102.6,16325.47
2022-11-23,Sports,Yoga Mat,West,Direct,2,488.81,1075.38,378.91
2022-11-23,Beauty,Skin Care Kit,Central,Retail,58,393.43,22818.94,5534.88
2022-11-23,Clothing,T-Shirt,South,Retail,55,428.94,22412.11,5204.56
2022-11-23,Clothing,Jeans,East,Direct,6,307.05,1842.3,499.23
2022-11-23,Electronics,Smartphone,Central,Retail,2,60.16,120.32,50.55
2022-11-23,Sports,Bike Helmet,Central,Retail,32,429.63,13748.16,4915.85
2022-11-23,Home & Garden,Office Chair,East,Wholesale,69,166.2,11467.8,2569.42
2022-11-23,Home & Garden,Office Chair,South,Retail,89,252.05,21310.83,9028.27
2022-11-24,Electronics,Laptop,West,Retail,64,386.57,27214.53,11820.27
2022-11-24,Home & Garden,Lamp,Central,Retail,2,158.64,317.28,124.83
2022-11-24,Clothing,Dress,South,Direct,3,340.05,969.14,277.37
2022-11-24,Clothing,Jacket,East,Retail,48,250.8,12038.4,4371.86
2022-11-24,Beauty,Skin Care Kit,South,Wholesale,37,80.32,2823.25,901.38
2022-11-24,Home & Garden,Bedding Set,East,Direct,90,39.66,3569.4,1348.59
2022-11-24,Electronics,Headphones,West,Direct,96,366.29,38680.22,9255.92
2022-11-24,Electronics,Headphones,East,Direct,44,435.86,19177.84,3782.05
2022-11-24,Beauty,Skin Care Kit,South,Direct,94,120.21,10734.75,3634.03
2022-11-24,Clothing,Sneakers,Central,Wholesale,14,105.95,1483.3,228.7
2022-11-24,Beauty,Face Serum,West,Retail,47,498.53,25774.0,7775.77
2022-11-24,Clothing,Jacket,South,Retail,57,41.93,2270.51,751.19
2022-11-24,Sports,Yoga Mat,Central,Retail,69,196.45,13555.05,4089.98
2022-11-24,Beauty,Fragrance,North,Retail,16,266.99,5126.21,1035.18
2022-11-24,Home & Garden,Office Chair,West,Retail,42,341.15,15761.13,5112.74
2022-11-24,Beauty,Skin Care Kit,South,Retail,85,330.53,26690.3,7836.36
2022-11-25,Home & Garden,Cookware Set,Central,Retail,98,162.95,15969.1,6669.35
2022-11-25,Home & Garden,Office Chair,East,Wholesale,53,39.24,2079.72,581.41
2022-11-25,Beauty,Makeup Palette,North,Wholesale,61,324.67,23765.84,8491.42
2022-11-25,Beauty,Makeup Palette,North,Direct,41,241.5,11881.8,3749.22
2022-11-25,Beauty,Face Serum,South,Direct,95,275.33,24848.53,10978.04
2022-11-25,Clothing,Dress,West,Retail,62,68.16,4648.51,1593.3
2022-11-25,Beauty,Hair Dryer,West,Retail,35,212.06,8164.31,2880.09
2022-11-25,Clothing,T-Shirt,Central,Direct,43,12.71,546.53,154.89
2022-11-25,Clothing,Jeans,West,Wholesale,14,481.62,7416.95,2171.29
2022-11-25,Home & Garden,Garden Tools,South,Wholesale,2,484.01,919.62,204.32
2022-11-25,Clothing,Dress,Central,Retail,11,259.94,2859.34,1047.57
2022-11-25,Clothing,Jacket,South,Direct,92,250.89,21927.79,6645.73
2022-11-25,Sports,Tennis Racket,East,Retail,66,494.26,32621.16,10368.6
2022-11-25,Home & Garden,Office Chair,Central,Wholesale,59,292.56,17261.04,2760.9
2022-11-25,Clothing,Jeans,North,Wholesale,73,356.36,31217.14,8957.67
2022-11-25,Sports,Bike Helmet,South,Direct,5,444.46,2111.18,
2022-11-25,Sports,Bike Helmet,North,Retail,94,185.82,20960.5,7021.97
2022-11-25,Sports,Running Shoes,North,Wholesale,94,138.52,15625.06,4367.84
2022-11-25,Sports,Running Shoes,North,Direct,11,405.55,5353.26,2363.9
2022-11-26,Clothing,Jacket,Central,Retail,92,372.93,34309.56,9462.95
2022-11-26,Sports,Dumbbell Set,West,Retail,85,102.09,9545.42,4255.87
2022-11-26,Home & Garden,Cookware Set,South,Retail,6,10.26,58.48,20.36
2022-11-26,Home & Garden,Office Chair,South,Direct,72,387.7,26518.68,8331.73
2022-11-26,Sports,Dumbbell Set,Central,Wholesale,3,313.11,939.33,188.78
2022-11-26,Beauty,Fragrance,North,Retail,90,383.22,41387.76,8544.9
2022-11-26,Beauty,Hair Dryer,Central,Direct,43,352.18,15143.74,6368.8
2022-11-26,Home & Garden,Office Chair,Central,Direct,51,102.39,5221.89,934.24
2022-11-26,Clothing,Jeans,North,Retail,1,349.0,418.8,121.93
2022-11-26,Clothing,Sneakers,North,Wholesale,55,52.73,3480.18,784.72
2022-11-26,Sports,Yoga Mat,East,Direct,75,190.42,14281.5,4365.08
2022-11-26,Beauty,Fragrance,Central,Retail,84,375.56,31547.04,9629.49
2022-11-26,Beauty,Hair Dryer,East,Retail,87,253.36,22042.32,8086.75
2022-11-26,Electronics,Laptop,East,Direct,86,11.43,982.98,345.78
2022-11-26,Home & Garden,Cookware Set,Central,Wholesale,61,175.54,10707.94,2691.87
2022-11-26,Sports,Tennis Racket,Central,Wholesale,65,158.66,10312.9,3522.57
2022-11-26,Sports,Running Shoes,West,Wholesale,62,150.1,10236.82,2310.19
2022-11-26,Beauty,Face Serum,West,Wholesale,56,323.57,19931.91,4788.6
2022-11-26,Sports,Yoga Mat,North,Direct,46,370.08,20428.42,4057.84
2022-11-26,Clothing,Dress,North,Direct,41,310.26,15264.79,6295.31
2022-11-26,Electronics,Laptop,Central,Retail,24,239.7,5752.8,1262.06
2022-11-26,Sports,Running Shoes,West,Direct,30,413.34,13640.22,5786.78
2022-11-26,Clothing,Sneakers,Central,Wholesale,78,269.52,21022.56,4465.54
2022-11-26,Beauty,Skin Care Kit,West,Retail,14,477.14,7347.96,1862.48
2022-11-26,Home & Garden,Bedding Set,West,Wholesale,4,191.79,843.88,293.22
2022-11-27,Beauty,Makeup Palette,West,Retail,56,414.61,25539.98,8370.53
2022-11-27,Clothing,Dress,West,Wholesale,99,280.22,30515.96,10189.64
2022-11-27,Sports,Yoga Mat,West,Wholesale,83,339.82,31025.57,10704.1
2022-11-27,Beauty,Face Serum,East,Wholesale,51,24.67,1258.17,256.63
2022-11-27,Home & Garden,Garden Tools,West,Retail,47,379.84,19637.73,8597.25
2022-11-27,Beauty,Skin Care Kit,East,Wholesale,24,382.6,9182.4,3019.02
2022-11-27,Clothing,Jacket,South,Wholesale,85,450.41,36370.61,7834.45
2022-11-27,Clothing,Sneakers,South,Retail,10,139.29,1323.25,459.57
2022-11-27,Clothing,Dress,West,Retail,32,151.27,5324.7,1299.05
2022-11-27,Home & Garden,Cookware Set,North,Direct,7,323.46,2717.06,763.78
2022-11-27,Clothing,Jacket,East,Retail,93,44.18,4108.74,1040.66
2022-11-27,Electronics,Smartphone,West,Wholesale,36,280.17,11094.73,3997.38
2022-11-27,Clothing,Sneakers,North,Wholesale,61,323.82,23703.62,10624.79
2022-11-27,Beauty,Skin Care Kit,West,Wholesale,49,434.33,23410.39,6136.73
2022-11-27,Electronics,Smartphone,North,Wholesale,6,269.32,1939.1,749.63
2022-11-27,Clothing,Jeans,West,Wholesale,12,389.46,5140.87,1037.98
2022-11-27,Beauty,Face Serum,West,Direct,60,159.95,10556.7,2305.03
2022-11-27,Beauty,Hair Dryer,North,Retail,11,486.11,6416.65,1084.19
2022-11-27,Beauty,Hair Dryer,Central,Wholesale,89,365.3,32511.7,10283.58
2022-11-28,Electronics,Headphones,East,Wholesale,99,219.22,21702.78,9137.25
2022-11-28,Home & Garden,Cookware Set,West,Retail,48,299.27,15801.46,6879.42
2022-11-28,Electronics,Laptop,East,Wholesale,50,58.38,2919.0,562.6
2022-11-28,Beauty,Fragrance,North,Direct,93,337.3,37642.68,12608.56
2022-11-28,Electronics,Smartwatch,West,Wholesale,25,417.42,11479.05,4681.05
2022-11-28,Home & Garden,Garden Tools,East,Retail,77,261.62,20144.74,4913.61
2022-11-28,Sports,Running Shoes,Central,Direct,72,397.08,28589.76,8946.0
2022-11-28,Home & Garden,Cookware Set,West,Wholesale,19,395.82,8272.64,1553.72
2022-11-28,Electronics,Laptop,North,Direct,80,499.6,47961.6,13839.23
2022-11-28,Sports,Bike Helmet,Central,Direct,3,309.3,927.9,250.32
2022-11-28,Clothing,T-Shirt,South,Wholesale,39,417.76,15478.01,3874.1
2022-11-28,Beauty,Hair Dryer,North,Wholesale,67,478.97,38509.19,12957.38
2022-11-28,Clothing,Dress,North,Direct,82,391.7,38543.28,16397.98
2022-11-28,Home & Garden,Garden Tools,West,Direct,18,450.03,8910.59,2347.14
2022-11-28,Electronics,Smartwatch,West,Direct,61,418.3,28067.93,5790.09
2022-11-28,Home & Garden,Lamp,West,Direct,28,481.99,14845.29,3297.91
2022-11-28,Beauty,Hair Dryer,North,Wholesale,85,467.3,47664.6,10176.36
2022-11-28,Beauty,Makeup Palette,North,Wholesale,58,255.11,17755.66,4153.46
2022-11-29,Clothing,Jeans,Central,Retail,94,310.25,29163.5,13006.69
2022-11-29,Electronics,Laptop,West,Direct,91,53.99,5404.4,2346.39
2022-11-29,Electronics,Smartwatch,West,Direct,24,79.65,2102.76,852.2
2022-11-29,Sports,Bike Helmet,Central,Retail,82,35.18,2884.76,1003.61
2022-11-29,Beauty,Skin Care Kit,East,Wholesale,46,373.93,17200.78,3146.77
2022-11-29,Home & Garden,Office Chair,North,Retail,97,252.67,29410.79,8158.74
2022-11-29,Home & Garden,Bedding Set,South,Retail,35,368.73,12260.27,2589.44
2022-11-29,Electronics,Laptop,North,Wholesale,67,248.47,19976.99,8186.62
2022-11-30,Clothing,Sneakers,Central,Wholesale,22,24.0,528.0,184.31
2022-11-30,Clothing,Dress,West,Retail,98,230.47,24844.67,7073.83
2022-11-30,Clothing,Jeans,West,Retail,87,92.9,8890.53,2972.48
2022-11-30,Sports,Dumbbell Set,North,Wholesale,48,47.5,2736.0,496.77
2022-11-30,Beauty,Hair Dryer,South,Retail,40,279.48,10620.24,
2022-11-30,Beauty,Hair Dryer,Central,Direct,52,194.59,10118.68,2591.31
2022-11-30,Beauty,Face Serum,North,Direct,4,317.81,1525.49,646.17
2022-11-30,Clothing,T-Shirt,North,Wholesale,25,182.63,5478.9,1286.03
2022-11-30,Home & Garden,Lamp,North,Retail,83,127.59,12707.96,2210.15
2022-11-30,Clothing,Jacket,Central,Wholesale,85,482.56,41017.6,7899.03
2022-11-30,Beauty,Face Serum,South,Direct,14,381.49,5073.82,2122.31
2022-11-30,Beauty,Skin Care Kit,West,Direct,80,194.16,17086.08,3064.99
2022-11-30,Home & Garden,Garden Tools,West,Retail,56,50.86,3132.98,1124.63
2022-11-30,Beauty,Hair Dryer,Central,Retail,63,379.53,23910.39,6660.86
2022-11-30,Home & Garden,Lamp,East,Wholesale,65,265.87,17281.55,4481.66
2022-11-30,Home & Garden,Office Chair,Central,Retail,84,22.15,1860.6,787.65
2022-11-30,Clothing,T-Shirt,West,Retail,30,205.76,6790.08,2843.59
2022-11-30,Electronics,Smartwatch,North,Retail,43,254.76,13145.62,2676.1
2022-11-30,Sports,Running Shoes,North,Direct,49,256.08,15057.5,5504.95
2022-12-01,Clothing,Jacket,North,Wholesale,56,496.75,33381.6,5299.88
2022-12-01,Electronics,Smartphone,North,Retail,96,398.73,45933.7,16913.18
2022-12-01,Sports,Tennis Racket,East,Wholesale,98,468.28,45891.44,12389.09
2022-12-01,Clothing,Dress,South,Direct,42,478.49,19091.75,3573.49
2022-12-01,Sports,Bike Helmet,West,Direct,91,432.66,43309.27,12338.1
2022-12-01,Clothing,T-Shirt,East,Wholesale,12,169.37,2032.44,581.49
2022-12-01,Beauty,Hair Dryer,East,Retail,48,302.67,14528.16,4797.7
2022-12-01,Beauty,Face Serum,South,Wholesale,12,340.54,3882.16,858.82
2022-12-01,Beauty,Skin Care Kit,North,Retail,53,187.42,11919.91,2643.76
2022-12-01,Sports,Tennis Racket,Central,Direct,10,328.52,3285.2,648.86
2022-12-01,Home & Garden,Cookware Set,East,Direct,16,464.65,7434.4,2536.46
2022-12-01,Electronics,Laptop,West,Wholesale,3,435.14,1435.96,282.57
2022-12-01,Sports,Running Shoes,North,Direct,32,269.81,10360.7,4021.87
2022-12-01,Electronics,Smartwatch,East,Direct,18,75.89,1366.02,292.89
2022-12-01,Clothing,T-Shirt,East,Direct,13,116.16,1510.08,579.71
2022-12-01,Electronics,Laptop,Central,Retail,53,20.55,1089.15,167.59
2022-12-02,Electronics,Headphones,South,Retail,60,99.05,5645.85,1287.52
2022-12-02,Beauty,Hair Dryer,Central,Direct,26,285.3,7417.8,2087.95
2022-12-02,Beauty,Face Serum,North,Wholesale,17,274.64,5602.66,2444.99
2022-12-02,Sports,Tennis Racket,North,Direct,76,310.32,28301.18,7936.6
2022-12-02,Home & Garden,Garden Tools,West,Direct,17,473.72,8858.56,1733.97
2022-12-02,Sports,Dumbbell Set,South,Direct,7,464.84,3091.19,1193.71
2022-12-02,Clothing,Jacket,South,Wholesale,75,148.12,10553.55,2965.91
2022-12-02,Electronics,Smartphone,North,Wholesale,16,448.56,8612.35,2701.06
2022-12-02,Home & Garden,Cookware Set,North,Wholesale,8,414.35,3977.76,1298.55
2022-12-02,Sports,Dumbbell Set,West,Direct,69,317.12,24069.41,5752.63
2022-12-02,Beauty,Face Serum,South,Direct,50,191.26,9084.85,3258.64
2022-12-02,Sports,Bike Helmet,North,Wholesale,26,401.82,12536.78,
2022-12-02,Clothing,Sneakers,North,Retail,42,348.4,17559.36,3416.18
2022-12-02,Electronics,Laptop,Central,Wholesale,41,130.23,5339.43,1944.83
2022-12-02,Clothing,Dress,Central,Direct,63,260.46,16408.98,5395.1
2022-12-02,Sports,Bike Helmet,North,Direct,74,258.49,22953.91,9502.71
2022-12-02,Beauty,Makeup Palette,Central,Direct,85,451.69,38393.65,8275.97
2022-12-03,Sports,Yoga Mat,South,Retail,99,254.07,23895.28,4260.33
2022-12-03,Electronics,Tablet,North,Retail,51,386.43,23649.52,4962.65
2022-12-03,Beauty,Makeup Palette,North,Wholesale,77,493.28,45579.07,7097.98
2022-12-03,Electronics,Smartwatch,Central,Direct,22,81.59,1794.98,294.96
2022-12-03,Electronics,Smartphone,West,Retail,82,297.5,26834.5,4690.26
2022-12-03,Sports,Dumbbell Set,Central,Direct,17,238.61,4056.37,1379.25
2022-12-03,Clothing,Jeans,Central,Direct,99,182.12,18029.88,3856.95
2022-12-03,Clothing,Dress,West,Wholesale,92,463.46,46902.15,16275.95
2022-12-03,Clothing,T-Shirt,Central,Direct,82,118.48,9715.36,3346.32
2022-12-03,Beauty,Skin Care Kit,East,Retail,90,238.64,21477.6,5446.44
2022-12-03,Sports,Running Shoes,Central,Retail,35,213.75,7481.25,1337.5
2022-12-03,Home & Garden,Garden Tools,East,Wholesale,58,126.56,7340.48,2579.7
2022-12-04,Home & Garden,Bedding Set,East,Wholesale,42,338.37,14211.54,5788.64
2022-12-04,Clothing,Jacket,East,Wholesale,50,125.41,6270.5,2358.5
2022-12-04,Clothing,Dress,South,Wholesale,55,485.56,25370.51,10729.71
2022-12-04,Sports,Tennis Racket,North,Direct,48,410.51,23645.38,5525.55
2022-12-04,Beauty,Hair Dryer,North,Retail,99,62.19,7388.17,1364.92
2022-12-04,Sports,Yoga Mat,Central,Direct,86,255.4,21964.4,3341.75
2022-12-04,Electronics,Smartphone,Central,Retail,18,334.91,6028.38,2435.91
2022-12-04,Clothing,Jeans,North,Direct,72,340.77,29442.53,7668.03
2022-12-04,Electronics,Smartphone,North,Wholesale,92,388.02,42837.41,14599.19
2022-12-04,Home & Garden,Cookware Set,West,Wholesale,73,419.88,33716.36,10017.73
2022-12-04,Beauty,Face Serum,South,Direct,21,365.68,7295.32,3203.42
2022-12-04,Electronics,Smartwatch,Central,Direct,57,441.74,25179.18,7586.56
2022-12-04,Sports,Bike Helmet,North,Retail,49,314.61,18499.07,3062.56
2022-12-04,Home & Garden,Bedding Set,East,Retail,38,349.22,13270.36,
2022-12-05,Clothing,Jeans,West,Retail,49,309.3,16671.27,7378.56
2022-12-05,Beauty,Skin Care Kit,South,Direct,67,297.79,18954.33,7199.16
2022-12-05,Clothing,Jacket,East,Retail,1,453.15,453.15,157.64
2022-12-05,Clothing,T-Shirt,East,Retail,55,348.41,19162.55,3068.55
2022-12-05,Sports,Dumbbell Set,South,Direct,23,369.16,8066.15,2427.84
2022-12-05,Sports,Bike Helmet,East,Direct,94,460.48,43285.12,18850.28
2022-12-05,Beauty,Fragrance,South,Direct,16,46.28,703.46,258.97
2022-12-05,Electronics,Headphones,North,Wholesale,9,65.05,702.54,173.07
2022-12-05,Clothing,Dress,North,Wholesale,27,408.08,13221.79,4125.41
2022-12-05,Electronics,Smartphone,Central,Direct,71,324.67,23051.57,9552.2
2022-12-05,Beauty,Skin Care Kit,East,Retail,18,153.01,2754.18,1193.22
2022-12-05,Clothing,Dress,Central,Wholesale,14,316.7,4433.8,672.55
2022-12-05,Home & Garden,Office Chair,East,Retail,18,436.53,7857.54,1301.72
2022-12-05,Electronics,Smartphone,North,Direct,18,388.14,8383.82,3181.78
2022-12-05,Sports,Yoga Mat,South,Retail,29,377.18,10391.31,4300.33
2022-12-06,Beauty,Makeup Palette,North,Wholesale,45,118.39,6393.06,1368.15
2022-12-06,Electronics,Headphones,West,Wholesale,66,453.97,32958.22,10618.8
2022-12-06,Beauty,Makeup Palette,Central,Wholesale,23,140.0,3220.0,1138.98
2022-12-06,Clothing,T-Shirt,Central,Wholesale,71,119.51,8485.21,3076.67
2022-12-06,Clothing,T-Shirt,North,Direct,35,430.24,18070.08,5483.05
2022-12-06,Beauty,Fragrance,South,Direct,72,187.47,12822.95,3250.96
2022-12-06,Home & Garden,Garden Tools,West,Wholesale,15,308.13,5084.15,2265.29
2022-12-06,Home & Garden,Cookware Set,Central,Direct,11,289.81,3187.91,602.78
2022-12-06,Clothing,Sneakers,West,Direct,32,330.36,11628.67,2267.66
2022-12-06,Beauty,Skin Care Kit,South,Wholesale,66,340.24,21333.05,5247.33
2022-12-07,Electronics,Smartphone,North,Direct,63,240.83,18206.75,4986.62
2022-12-07,Sports,Dumbbell Set,East,Retail,10,56.69,566.9,95.03
2022-12-07,Clothing,T-Shirt,East,Retail,62,285.95,17728.9,6078.27
2022-12-07,Clothing,Jeans,East,Retail,53,358.8,19016.4,3086.77
2022-12-07,Electronics,Headphones,East,Wholesale,78,396.92,30959.76,10437.91
2022-12-07,Electronics,Smartwatch,North,Wholesale,77,449.03,41490.37,6368.12
2022-12-07,Electronics,Headphones,East,Wholesale,28,482.95,13522.6,3417.81
2022-12-07,Beauty,Makeup Palette,Central,Direct,67,469.83,31478.61,8779.16
2022-12-08,Clothing,Jacket,West,Direct,31,479.81,16361.52,6540.6
2022-12-08,Sports,Tennis Racket,West,Retail,38,355.03,14840.25,3903.17
2022-12-08,Electronics,Laptop,North,Direct,35,416.65,17499.3,
2022-12-08,Beauty,Skin Care Kit,East,Wholesale,15,56.63,849.45,194.74
2022-12-08,Home & Garden,Garden Tools,East,Direct,32,267.41,8557.12,3744.4
2022-12-08,Electronics,Laptop,Central,Wholesale,70,394.4,27608.0,11214.99
2022-12-08,Beauty,Makeup Palette,South,Retail,77,13.46,984.6,242.17
2022-12-08,Beauty,Hair Dryer,Central,Direct,46,476.33,21911.18,5811.46
2022-12-08,Clothing,T-Shirt,South,Direct,82,16.11,1254.97,330.03
2022-12-08,Sports,Yoga Mat,South,Direct,53,260.56,13119.2,3965.64
2022-12-08,Clothing,Dress,Central,Retail,15,447.38,6710.7,2374.88
2022-12-08,Electronics,Smartwatch,Central,Wholesale,94,236.24,22206.56,4333.4
2022-12-08,Sports,Tennis Racket,East,Direct,30,37.8,1134.0,344.14
2022-12-08,Home & Garden,Garden Tools,South,Wholesale,88,276.31,23099.52,8234.59
2022-12-08,Clothing,T-Shirt,Central,Retail,89,64.22,5715.58,1008.48
2022-12-08,Clothing,Jacket,East,Retail,89,393.6,35030.4,8199.09
2022-12-08,Beauty,Hair Dryer,East,Direct,58,133.24,7727.92,1311.53
2022-12-08,Beauty,Hair Dryer,Central,Direct,79,118.77,9382.83,2498.17
2022-12-08,Home & Garden,Lamp,South,Wholesale,98,499.22,46477.38,18654.76
2022-12-08,Clothing,Jeans,East,Wholesale,56,387.6,21705.6,9483.28
2022-12-09,Electronics,Headphones,West,Wholesale,4,300.34,1321.5,446.52
2022-12-09,Sports,Tennis Racket,South,Wholesale,52,151.32,7475.21,2315.82
2022-12-09,Home & Garden,Office Chair,Central,Retail,72,448.56,32296.32,7243.18
2022-12-09,Home & Garden,Cookware Set,North,Retail,79,313.22,29693.26,8234.54
2022-12-09,Sports,Running Shoes,East,Direct,46,415.74,19124.04,8486.01
2022-12-09,Sports,Tennis Racket,East,Direct,93,395.64,36794.52,6955.06
2022-12-09,Home & Garden,Cookware Set,North,Wholesale,54,47.9,3103.92,953.73
2022-12-09,Electronics,Tablet,West,Wholesale,25,455.85,12535.88,4593.1
2022-12-09,Clothing,Jeans,East,Wholesale,32,439.74,14071.68,4023.31
2022-12-09,Home & Garden,Cookware Set,South,Retail,4,323.31,1228.58,242.49
2022-12-09,Clothing,Jeans,Central,Direct,42,216.76,9103.92,2268.84
2022-12-09,Sports,Bike Helmet,North,Retail,48,115.21,6636.1,2481.59
2022-12-09,Home & Garden,Office Chair,East,Direct,8,99.71,797.68,243.48
2022-12-09,Sports,Tennis Racket,North,Retail,5,34.72,208.32,90.93
2022-12-10,Beauty,Face Serum,Central,Direct,27,395.97,10691.19,1863.34
2022-12-10,Sports,Bike Helmet,Central,Direct,89,172.26,15331.14,4959.98
2022-12-10,Home & Garden,Cookware Set,North,Retail,10,187.72,2252.64,864.2
2022-12-10,Beauty,Fragrance,South,Wholesale,13,59.0,728.65,285.02
2022-12-10,Home & Garden,Office Chair,North,Retail,98,74.01,8703.58,1549.77
2022-12-10,Electronics,Tablet,South,Direct,7,100.66,669.39,201.26
2022-12-10,Beauty,Skin Care Kit,South,Direct,68,325.41,21021.49,
2022-12-10,Sports,Tennis Racket,West,Direct,97,184.19,19653.07,6517.39
2022-12-10,Home & Garden,Cookware Set,Central,Retail,44,291.77,12837.88,2299.13
2022-12-10,Sports,Bike Helmet,West,Direct,57,152.8,9580.56,3972.35
2022-12-10,Sports,Running Shoes,West,Retail,76,15.82,1322.55,517.68
2022-12-10,Sports,Tennis Racket,South,Direct,36,62.66,2142.97,649.72
2022-12-10,Electronics,Laptop,East,Wholesale,66,498.69,32913.54,12865.17
2022-12-10,Electronics,Smartphone,East,Direct,37,404.84,14979.08,2367.67
2022-12-10,Clothing,Jacket,South,Retail,43,395.07,16138.61,5242.63
2022-12-10,Electronics,Smartphone,Central,Direct,89,166.95,14858.55,3925.61
2022-12-10,Sports,Tennis Racket,Central,Retail,2,99.69,199.38,62.51
2022-12-10,Sports,Tennis Racket,East,Direct,67,374.38,25083.46,9873.04
2022-12-10,Electronics,Tablet,West,Wholesale,62,443.2,30226.24,11389.49
2022-12-10,Beauty,Skin Care Kit,North,Retail,46,351.55,19405.56,6080.29
2022-12-10,Electronics,Smartphone,East,Direct,37,404.84,14979.08,2367.67
2022-12-10,Electronics,Tablet,West,Wholesale,62,443.2,30226.24,11389.49
2022-12-11,Sports,Dumbbell Set,North,Wholesale,50,14.36,861.6,334.77
2022-12-11,Home & Garden,Bedding Set,South,Direct,74,133.1,9356.93,1456.42
2022-12-11,Clothing,Dress,North,Wholesale,43,32.57,1680.61,377.9
2022-12-11,Electronics,Tablet,East,Retail,83,93.98,7800.34,2381.92
2022-12-11,Sports,Yoga Mat,West,Direct,56,336.55,20731.48,8751.96
2022-12-11,Clothing,Jeans,West,Retail,71,323.16,25238.8,4783.97
2022-12-11,Beauty,Makeup Palette,West,Retail,8,232.08,2042.3,342.1
2022-12-11,Home & Garden,Garden Tools,Central,Wholesale,59,159.97,9438.23,
2022-12-11,Beauty,Face Serum,East,Direct,17,167.57,2848.69,1183.68
2022-12-11,Home & Garden,Bedding Set,Central,Wholesale,26,188.28,4895.28,1646.13
2022-12-11,Beauty,Makeup Palette,East,Retail,63,119.21,7510.23,2674.63
2022-12-11,Beauty,Fragrance,West,Wholesale,84,94.7,8750.28,3791.7
2022-12-11,Beauty,Skin Care Kit,East,Direct,35,369.57,12934.95,2840.36
2022-12-11,Beauty,Makeup Palette,East,Retail,11,347.26,3819.86,1354.08
2022-12-11,Sports,Running Shoes,North,Retail,59,348.96,24706.37,7989.6
2022-12-11,Sports,Yoga Mat,East,Retail,44,160.83,7076.52,1930.91
2022-12-11,Clothing,Dress,East,Wholesale,7,381.0,2667.0,734.09
2022-12-11,Beauty,Skin Care Kit,East,Wholesale,75,143.72,10779.0,4507.2
2022-12-12,Home & Garden,Office Chair,West,Wholesale,83,136.06,12422.28,2557.25
2022-12-12,Beauty,Skin Care Kit,East,Retail,59,90.67,5349.53,1245.87
2022-12-12,Home & Garden,Lamp,East,Direct,83,73.69,6116.27,2536.71
2022-12-12,Home & Garden,Garden Tools,South,Direct,18,251.43,4299.45,
2022-12-12,Home & Garden,Cookware Set,Central,Retail,88,203.44,17902.72,5504.1
2022-12-12,Home & Garden,Bedding Set,East,Retail,68,384.33,26134.44,10379.47
2022-12-12,Home & Garden,Cookware Set,North,Wholesale,80,443.52,42577.92,9276.56
2022-12-12,Home & Garden,Cookware Set,North,Direct,1,301.85,362.22,79.02
2022-12-12,Sports,Running Shoes,North,Direct,1,35.63,42.76,13.13
2022-12-12,Clothing,T-Shirt,North,Retail,53,278.46,17710.06,
2022-12-12,Beauty,Makeup Palette,Central,Retail,87,11.04,960.48,399.57
2022-12-12,Clothing,Jeans,East,Direct,58,36.26,2103.08,364.13
2022-12-12,Beauty,Hair Dryer,West,Wholesale,79,156.47,13597.24,2285.79
2022-12-12,Home & Garden,Office Chair,East,Direct,74,334.91,24783.34,4221.36
2022-12-13,Clothing,T-Shirt,South,Direct,13,115.08,1421.24,383.97
2022-12-13,Clothing,Sneakers,Central,Retail,79,472.72,37344.88,10330.99
2022-12-13,Clothing,Sneakers,West,Retail,9,431.24,4269.28,1545.15
2022-12-13,Sports,Yoga Mat,East,Wholesale,12,298.72,3584.64,1139.35
2022-12-13,Clothing,Jacket,Central,Retail,74,156.44,11576.56,3415.06
2022-12-13,Home & Garden,Office Chair,Central,Direct,1,188.64,188.64,70.27
2022-12-13,Home & Garden,Bedding Set,West,Direct,97,339.82,36258.79,7728.8
2022-12-13,Electronics,Smartwatch,North,Retail,49,55.94,3289.27,1013.08
2022-12-13,Home & Garden,Bedding Set,North,Direct,16,222.97,4281.02,1185.05
2022-12-13,Home & Garden,Bedding Set,East,Direct,62,136.17,8442.54,2364.41
2022-12-13,Clothing,Sneakers,East,Retail,99,265.38,26272.62,8747.03
2022-12-13,Electronics,Headphones,Central,Direct,10,38.69,386.9,107.84
2022-12-13,Beauty,Face Serum,West,Direct,64,83.08,5848.83,2236.93
2022-12-13,Clothing,Jacket,South,Direct,77,107.39,7855.58,1182.45
2022-12-13,Beauty,Face Serum,Central,Wholesale,27,108.09,2918.43,1131.26
2022-12-14,Beauty,Face Serum,North,Direct,17,487.79,9950.92,2668.55
2022-12-14,Beauty,Skin Care Kit,Central,Wholesale,23,137.54,3163.42,952.58
2022-12-14,Electronics,Headphones,Central,Retail,67,31.78,2129.26,351.55
2022-12-14,Clothing,Jacket,South,Retail,47,76.28,3405.9,1132.44
2022-12-14,Clothing,Sneakers,North,Retail,52,279.38,17433.31,4998.69
2022-12-14,Clothing,Dress,South,Retail,67,374.77,23854.11,3627.59
2022-12-14,Sports,Dumbbell Set,South,Retail,53,99.39,5004.29,1833.73
2022-12-14,Sports,Dumbbell Set,Central,Wholesale,61,90.65,5529.65,2262.29
2022-12-14,Sports,Tennis Racket,South,Wholesale,65,234.25,14464.94,3561.23
2022-12-14,Clothing,Sneakers,East,Direct,75,355.71,26678.25,10520.3
2022-12-14,Beauty,Fragrance,Central,Wholesale,64,200.43,12827.52,3723.69
2022-12-14,Home & Garden,Cookware Set,West,Direct,84,170.97,15797.63,4423.25
2022-12-14,Home & Garden,Garden Tools,Central,Wholesale,80,326.87,26149.6,4017.95
2022-12-14,Clothing,T-Shirt,South,Direct,79,387.7,29096.88,7672.29
2022-12-14,Home & Garden,Bedding Set,South,Direct,28,26.42,702.77,146.98
2022-12-14,Clothing,T-Shirt,South,Retail,29,348.58,9603.38,4130.92
2022-12-15,Sports,Yoga Mat,North,Retail,74,149.33,13260.5,3893.47
2022-12-15,Clothing,T-Shirt,Central,Retail,14,283.73,3972.22,1195.44
2022-12-15,Beauty,Hair Dryer,South,Direct,12,260.72,2972.21,724.25
2022-12-15,Electronics,Smartphone,North,Wholesale,76,495.3,45171.36,16271.94
2022-12-15,Clothing,Jeans,North,Retail,72,181.16,15652.22,3847.36
2022-12-15,Home & Garden,Office Chair,North,Direct,33,191.78,7594.49,1877.0
2022-12-15,Home & Garden,Bedding Set,West,Wholesale,8,459.98,4047.82,1580.4
2022-12-15,Clothing,T-Shirt,Central,Wholesale,65,93.51,6078.15,1330.43
2022-12-15,Clothing,T-Shirt,Central,Retail,31,50.62,1569.22,317.3
2022-12-15,Sports,Dumbbell Set,Central,Retail,84,109.18,9171.12,3023.24
2022-12-15,Electronics,Smartwatch,East,Wholesale,29,123.9,3593.1,1358.38
2022-12-15,Beauty,Face Serum,North,Direct,13,25.26,394.06,133.87
2022-12-15,Clothing,Dress,North,Direct,99,269.23,31984.52,8181.95
2022-12-15,Sports,Bike Helmet,Central,Retail,77,299.89,23091.53,5540.78
2022-12-15,Electronics,Smartphone,North,Retail,52,261.96,16346.3,5321.5
2022-12-15,Clothing,T-Shirt,West,Direct,98,413.85,44613.03,16432.08
2022-12-15,Beauty,Face Serum,South,Wholesale,35,328.43,10920.3,1817.51
2022-12-16,Home & Garden,Lamp,Central,Wholesale,27,330.75,8930.25,2561.75
2022-12-16,Home & Garden,Bedding Set,North,Wholesale,13,382.07,5960.29,1290.55
2022-12-16,Home & Garden,Office Chair,South,Retail,82,455.17,35457.74,13671.77
2022-12-16,Beauty,Hair Dryer,East,Direct,97,299.57,29058.29,10960.08
2022-12-16,Home & Garden,Lamp,East,Wholesale,44,498.38,21928.72,4515.03
2022-12-16,Home & Garden,Garden Tools,West,Wholesale,36,237.61,9409.36,3688.88
2022-12-16,Sports,Yoga Mat,West,Retail,33,68.57,2489.09,393.41
2022-12-16,Sports,Tennis Racket,South,Direct,15,397.45,5663.66,2236.0
2022-12-16,Sports,Tennis Racket,North,Direct,23,481.14,13279.46,5300.61
2022-12-16,Clothing,Jacket,West,Wholesale,33,365.64,13272.73,2013.36
2022-12-16,Clothing,Jeans,North,Wholesale,29,390.88,13602.62,3016.42
2022-12-16,Clothing,Sneakers,East,Direct,21,57.52,1207.92,181.42
2022-12-16,Clothing,Jeans,East,Direct,28,27.6,772.8,314.63
2022-12-16,Clothing,T-Shirt,West,Wholesale,71,376.11,29374.19,6769.95
2022-12-16,Clothing,Jeans,East,Wholesale,57,162.88,9284.16,1474.86
2022-12-16,Clothing,T-Shirt,West,Retail,86,489.53,46309.54,16027.76
2022-12-16,Electronics,Smartphone,West,Wholesale,48,115.63,6105.26,2460.57
2022-12-16,Sports,Running Shoes,North,Wholesale,95,441.93,50380.02,7920.71
2022-12-16,Electronics,Smartphone,Central,Direct,60,160.5,9630.0,3167.35
2022-12-17,Clothing,Jeans,South,Retail,12,327.49,3733.39,577.25
2022-12-17,Electronics,Headphones,South,Direct,58,444.68,24501.87,3964.43
2022-12-17,Clothing,Dress,South,Retail,19,456.28,8235.85,3155.64
2022-12-17,Home & Garden,Bedding Set,South,Retail,89,317.54,26848.01,11411.6
2022-12-17,Clothing,Jeans,North,Wholesale,98,366.14,43058.06,8427.23
2022-12-17,Sports,Yoga Mat,Central,Direct,46,71.6,3293.6,988.21
2022-12-17,Beauty,Face Serum,North,Wholesale,12,96.42,1388.45,530.75
2022-12-17,Beauty,Skin Care Kit,South,Retail,10,184.33,1751.13,462.82
2022-12-17,Sports,Dumbbell Set,North,Retail,27,139.72,4526.93,1098.6
2022-12-17,Home & Garden,Garden Tools,North,Wholesale,14,87.52,1470.34,416.82
2022-12-17,Electronics,Laptop,East,Direct,56,376.75,21098.0,3987.52
2022-12-17,Sports,Yoga Mat,North,Wholesale,7,124.29,1044.04,352.89
2022-12-17,Electronics,Tablet,West,Direct,81,438.13,39037.38,11001.32
2022-12-17,Electronics,Laptop,North,Direct,23,271.61,7496.44,2363.74
2022-12-18,Sports,Yoga Mat,Central,Direct,91,497.43,45266.13,17871.27
2022-12-18,Sports,Yoga Mat,Central,Direct,75,163.12,12234.0,2028.79
2022-12-18,Sports,Running Shoes,Central,Wholesale,55,174.91,9620.05,
2022-12-18,Electronics,Tablet,Central,Wholesale,81,307.26,24888.06,3968.03
2022-12-18,Home & Garden,Lamp,Central,Wholesale,76,287.1,21819.6,9507.39
2022-12-18,Sports,Running Shoes,South,Retail,77,159.71,11682.79,2230.97
2022-12-18,Sports,Tennis Racket,Central,Wholesale,51,422.29,21536.79,9604.3
2022-12-18,Home & Garden,Cookware Set,West,Retail,30,174.16,5747.28,1608.11
2022-12-18,Beauty,Hair Dryer,South,Retail,82,238.64,18590.06,8237.28
2022-12-18,Beauty,Makeup Palette,North,Wholesale,29,32.03,1114.64,185.17
2022-12-18,Clothing,Jeans,East,Direct,81,386.07,31271.67,10628.62
2022-12-18,Electronics,Smartphone,West,Direct,94,65.3,6752.02,1278.4
2022-12-18,Home & Garden,Office Chair,North,Direct,52,81.44,5081.86,1858.58
2022-12-18,Beauty,Face Serum,South,Wholesale,70,113.37,7539.11,2680.67
2022-12-18,Home & Garden,Cookware Set,South,Wholesale,40,271.32,10310.16,3596.08
2022-12-18,Beauty,Fragrance,Central,Direct,5,234.33,1171.65,251.11
2022-12-19,Beauty,Face Serum,North,Retail,40,112.93,5420.64,2018.8
2022-12-19,Electronics,Laptop,West,Direct,55,188.98,11433.29,2368.37
2022-12-19,Sports,Bike Helmet,Central,Retail,39,363.56,14178.84,3461.18
2022-12-19,Electronics,Smartwatch,South,Retail,1,454.59,431.86,79.62
2022-12-19,Clothing,Dress,Central,Retail,68,479.06,32576.08,7902.08
2022-12-19,Beauty,Fragrance,West,Direct,94,121.24,12536.22,5050.61
2022-12-19,Home & Garden,Cookware Set,Central,Direct,32,358.08,11458.56,2798.05
2022-12-19,Home & Garden,Bedding Set,West,Retail,32,395.8,13932.16,4361.24
2022-12-19,Sports,Yoga Mat,South,Wholesale,81,156.61,12051.14,4503.07
2022-12-19,Home & Garden,Cookware Set,Central,Wholesale,27,310.38,8380.26,2783.93
2022-12-19,Sports,Running Shoes,East,Retail,76,110.96,8432.96,3707.13
2022-12-19,Sports,Tennis Racket,East,Retail,45,194.95,8772.75,1475.44
2022-12-19,Clothing,T-Shirt,Central,Retail,40,52.44,2097.6,535.14
2022-12-19,Sports,Yoga Mat,West,Retail,37,278.72,11343.9,2522.79
2022-12-19,Clothing,T-Shirt,South,Wholesale,19,374.47,6759.18,1191.89
2022-12-19,Home & Garden,Bedding Set,Central,Direct,98,435.0,42630.0,7166.73
2022-12-20,Electronics,Tablet,West,Retail,24,496.78,13114.99,3210.25
2022-12-20,Clothing,T-Shirt,South,Direct,76,164.22,11856.68,4036.97
2022-12-20,Beauty,Skin Care Kit,Central,Retail,12,423.8,5085.6,2017.4
2022-12-20,Clothing,Sneakers,West,Wholesale,46,82.38,4168.43,1271.53
2022-12-20,Electronics,Smartwatch,Central,Direct,14,93.58,1310.12,499.3
2022-12-20,Sports,Running Shoes,North,Retail,35,66.85,2807.7,861.17
2022-12-20,Beauty,Face Serum,South,Direct,24,463.63,10570.76,2498.09
2022-12-20,Beauty,Makeup Palette,East,Retail,90,129.41,11646.9,3863.42
2022-12-20,Home & Garden,Garden Tools,West,Direct,60,391.02,25807.32,10755.97
2022-12-20,Clothing,T-Shirt,South,Wholesale,25,344.77,8188.29,2453.89
2022-12-21,Clothing,Jeans,South,Direct,21,168.1,3353.59,1216.68
2022-12-21,Beauty,Fragrance,Central,Wholesale,34,14.18,482.12,115.63
2022-12-21,Home & Garden,Lamp,Central,Wholesale,79,398.26,31462.54,8490.15
2022-12-21,Clothing,T-Shirt,Central,Wholesale,85,146.76,12474.6,2077.66
2022-12-21,Beauty,Fragrance,East,Direct,72,365.19,26293.68,8817.33
2022-12-21,Electronics,Headphones,South,Direct,25,345.64,8208.95,2830.19
2022-12-21,Beauty,Hair Dryer,West,Retail,54,272.07,16160.96,4365.9
2022-12-21,Electronics,Smartwatch,East,Wholesale,22,172.52,3795.44,1566.05
2022-12-21,Electronics,Laptop,North,Retail,73,269.56,23613.46,5462.42
2022-12-21,Electronics,Laptop,East,Retail,54,421.48,22759.92,8100.66
2022-12-21,Beauty,Hair Dryer,East,Wholesale,54,105.19,5680.26,2015.99
2022-12-21,Clothing,Jacket,North,Retail,56,85.55,5748.96,1520.87
2022-12-21,Home & Garden,Lamp,North,Wholesale,65,98.62,7692.36,1731.95
2022-12-22,Electronics,Smartphone,West,Wholesale,88,275.3,26649.04,5052.88
2022-12-22,Beauty,Skin Care Kit,West,Wholesale,59,287.66,18669.13,7239.1
2022-12-22,Beauty,Face Serum,Central,Wholesale,81,42.35,3430.35,601.01
2022-12-22,Electronics,Headphones,South,Retail,85,91.56,7393.47,2302.8
2022-12-22,Electronics,Headphones,West,Direct,10,166.29,1829.19,758.38
2022-12-22,Home & Garden,Lamp,West,Retail,58,486.48,31037.42,11883.94
2022-12-22,Beauty,Fragrance,East,Retail,93,381.81,35508.33,13806.32
2022-12-22,Sports,Bike Helmet,South,Direct,74,208.88,14684.26,5749.76
2022-12-22,Sports,Yoga Mat,Central,Wholesale,88,311.11,27377.68,8844.11
2022-12-22,Electronics,Tablet,South,Direct,39,188.57,6986.52,2914.54
2022-12-22,Beauty,Makeup Palette,South,Direct,12,479.96,5471.54,2413.18
2022-12-22,Clothing,T-Shirt,North,Direct,22,432.6,11420.64,2815.0
2022-12-22,Home & Garden,Cookware Set,East,Direct,48,238.47,11446.56,3693.3
2022-12-22,Home & Garden,Cookware Set,North,Retail,56,323.55,21742.56,7682.71
2022-12-22,Electronics,Smartphone,Central,Retail,18,133.31,2399.58,440.15
2022-12-22,Clothing,Sneakers,South,Wholesale,73,386.66,26814.87,6031.3
2022-12-23,Electronics,Smartwatch,East,Wholesale,93,416.58,38741.94,16446.06
2022-12-23,Clothing,Jacket,Central,Wholesale,51,175.33,8941.83,3159.77
2022-12-23,Sports,Dumbbell Set,North,Retail,85,159.52,16271.04,5084.13
2022-12-23,Sports,Dumbbell Set,East,Direct,14,405.55,5677.7,1880.61
2022-12-23,Beauty,Skin Care Kit,South,Direct,74,67.76,4763.53,1268.46
2022-12-23,Beauty,Face Serum,Central,Retail,24,198.52,4764.48,1292.44
2022-12-23,Beauty,Hair Dryer,Central,Wholesale,37,13.54,500.98,158.76
2022-12-23,Clothing,Sneakers,South,Direct,45,282.03,12056.78,3954.0
2022-12-23,Clothing,Dress,North,Retail,98,499.44,58734.14,15712.99
2022-12-23,Electronics,Smartphone,North,Direct,4,225.83,1083.98,485.48
2022-12-23,Sports,Dumbbell Set,Central,Retail,64,350.11,22407.04,7916.56
2022-12-23,Clothing,Sneakers,North,Wholesale,49,323.91,19045.91,8234.4
2022-12-23,Sports,Tennis Racket,South,Retail,19,59.94,1081.92,264.65
2022-12-23,Sports,Running Shoes,Central,Retail,3,234.43,703.29,275.0
2022-12-23,Electronics,Laptop,East,Retail,93,419.91,39051.63,14749.86
2022-12-23,Sports,Yoga Mat,East,Wholesale,35,450.85,15779.75,5948.3
2022-12-23,Clothing,T-Shirt,East,Wholesale,86,113.09,9725.74,3697.51
2022-12-24,Home & Garden,Garden Tools,South,Direct,89,355.44,30052.45,7366.22
2022-12-24,Electronics,Tablet,East,Direct,65,429.36,27908.4,8399.36
2022-12-24,Beauty,Makeup Palette,Central,Direct,65,257.9,16763.5,5375.66
2022-12-24,Clothing,Jacket,Central,Retail,2,315.12,630.24,115.85
2022-12-24,Beauty,Makeup Palette,North,Wholesale,24,277.03,7978.46,2144.37
2022-12-24,Beauty,Fragrance,Central,Direct,58,284.98,16528.84,6887.54
2022-12-24,Home & Garden,Office Chair,North,Direct,37,50.86,2258.18,531.27
2022-12-24,Home & Garden,Bedding Set,Central,Wholesale,32,216.75,6936.0,2680.74
2022-12-24,Electronics,Smartphone,South,Wholesale,17,305.54,4934.47,1522.89
2022-12-24,Electronics,Smartwatch,East,Direct,59,333.27,19662.93,8037.36
2022-12-24,Beauty,Skin Care Kit,West,Retail,5,266.75,1467.13,317.31
2022-12-24,Sports,Dumbbell Set,North,Retail,34,222.98,9097.58,2339.61
2022-12-24,Home & Garden,Garden Tools,North,Wholesale,36,414.16,17891.71,4420.81
2022-12-24,Home & Garden,Garden Tools,North,Wholesale,9,306.8,3313.44,1174.55
2022-12-24,Clothing,Jacket,North,Retail,85,444.41,45329.82,15465.87
2022-12-24,Beauty,Face Serum,East,Direct,25,188.71,4717.75,805.33
2022-12-24,Clothing,Dress,South,Wholesale,50,145.24,6898.9,1923.56
2022-12-24,Beauty,Hair Dryer,East,Direct,81,38.24,3097.44,1079.33
2022-12-24,Electronics,Laptop,East,Direct,76,458.96,34880.96,12009.35
2022-12-24,Home & Garden,Cookware Set,South,Retail,92,370.21,32356.35,11843.26
2022-12-25,Electronics,Headphones,North,Retail,96,274.32,31601.66,14219.87
2022-12-25,Home & Garden,Bedding Set,North,Wholesale,34,112.75,4600.2,1646.65
2022-12-25,Home & Garden,Cookware Set,Central,Retail,22,113.53,2497.66,956.75
2022-12-25,Beauty,Hair Dryer,Central,Wholesale,61,143.34,8743.74,2478.7
2022-12-25,Sports,Running Shoes,South,Direct,79,226.2,16976.31,5239.16
2022-12-25,Sports,Yoga Mat,West,Direct,61,245.57,16477.75,7393.64
2022-12-25,Home & Garden,Office Chair,East,Retail,87,494.1,42986.7,17954.31
2022-12-25,Clothing,T-Shirt,South,Retail,88,101.85,8514.66,
2022-12-25,Home & Garden,Cookware Set,Central,Retail,79,115.86,9152.94,4096.74
2022-12-25,Home & Garden,Lamp,North,Retail,65,67.96,5300.88,1848.91
2022-12-25,Beauty,Skin Care Kit,Central,Wholesale,89,307.23,27343.47,11696.59
2022-12-25,Electronics,Laptop,East,Retail,3,430.83,1292.49,475.73
2022-12-25,Electronics,Laptop,Central,Retail,86,475.72,40911.92,18160.88
2022-12-26,Home & Garden,Garden Tools,West,Wholesale,63,24.83,1720.72,503.48
2022-12-26,Home & Garden,Bedding Set,North,Retail,55,179.12,11821.92,3040.71
2022-12-26,Sports,Running Shoes,Central,Direct,33,421.35,13904.55,3671.44
2022-12-26,Home & Garden,Bedding Set,North,Direct,24,137.65,3964.32,833.23
2022-12-26,Electronics,Smartphone,East,Wholesale,44,357.55,15732.2,3632.31
2022-12-26,Clothing,Sneakers,West,Direct,51,421.43,23642.22,8212.27
2022-12-26,Sports,Tennis Racket,North,Wholesale,43,314.36,16220.98,5697.02
2022-12-26,Electronics,Tablet,North,Retail,95,408.93,46618.02,7866.94
2022-12-26,Beauty,Makeup Palette,West,Retail,36,412.49,16334.6,6859.88
2022-12-26,Home & Garden,Cookware Set,North,Wholesale,97,29.42,3424.49,1247.97
2022-12-26,Clothing,Jeans,North,Direct,74,18.48,1641.02,376.85
2022-12-26,Sports,Running Shoes,East,Retail,36,297.44,10707.84,1991.66
2022-12-26,Clothing,Jacket,North,Wholesale,98,279.43,32860.97,13577.42
2022-12-26,Clothing,Sneakers,East,Direct,76,214.72,16318.72,4293.52
2022-12-26,Clothing,Jeans,South,Wholesale,77,483.03,35333.64,11940.13
2022-12-26,Home & Garden,Lamp,South,Direct,60,235.11,13401.27,2974.88
2022-12-26,Clothing,Jacket,North,Direct,32,13.13,504.19,122.21
2022-12-27,Clothing,Dress,Central,Direct,89,322.07,28664.23,10408.15
2022-12-27,Beauty,Makeup Palette,South,Direct,74,250.32,17597.5,4291.69
2022-12-27,Sports,Tennis Racket,East,Wholesale,4,243.36,973.44,301.05
2022-12-27,Electronics,Smartwatch,North,Direct,7,483.72,4063.25,1078.67
2022-12-27,Electronics,Tablet,North,Direct,5,136.33,817.98,133.84
2022-12-27,Home & Garden,Bedding Set,Central,Retail,42,139.17,5845.14,1869.34
2022-12-27,Electronics,Smartphone,North,Direct,74,30.32,2692.42,625.19
2022-12-27,Home & Garden,Bedding Set,Central,Retail,49,84.61,4145.89,1735.14
2022-12-27,Beauty,Fragrance,East,Direct,68,361.95,24612.6,6418.19
2022-12-27,Home & Garden,Bedding Set,North,Wholesale,99,74.83,8889.8,3289.3
2022-12-27,Electronics,Headphones,North,Wholesale,59,261.28,18498.62,5040.43
2022-12-28,Sports,Tennis Racket,West,Direct,45,229.09,11339.95,4173.61
2022-12-28,Clothing,Jacket,South,Direct,4,121.07,460.07,122.2
2022-12-28,Beauty,Skin Care Kit,West,Direct,96,112.96,11928.58,3629.35
2022-12-28,Electronics,Laptop,East,Retail,86,436.69,37555.34,14810.23
2022-12-28,Sports,Running Shoes,North,Wholesale,21,316.11,7965.97,2941.03
2022-12-28,Electronics,Headphones,North,Wholesale,29,207.32,7214.74,1972.07
2022-12-28,Clothing,Jacket,West,Wholesale,77,324.91,27519.88,5096.73
2022-12-28,Electronics,Smartwatch,East,Wholesale,11,485.84,5344.24,1610.62
2022-12-28,Clothing,Sneakers,West,Wholesale,26,29.48,843.13,242.0
2022-12-28,Home & Garden,Lamp,East,Retail,57,288.41,16439.37,7290.3
2022-12-28,Electronics,Smartphone,West,Wholesale,11,58.58,708.82,258.7
2022-12-28,Sports,Tennis Racket,East,Direct,95,339.38,32241.1,13818.62
2022-12-28,Sports,Yoga Mat,East,Retail,19,286.54,5444.26,1761.12
2022-12-28,Clothing,Jacket,Central,Direct,49,64.03,3137.47,1081.68
2022-12-28,Electronics,Smartwatch,East,Retail,92,440.86,40559.12,11967.93
2022-12-28,Sports,Running Shoes,Central,Retail,83,49.61,4117.63,989.88
2022-12-28,Electronics,Laptop,North,Direct,92,24.87,2745.65,650.19
2022-12-29,Sports,Running Shoes,South,Direct,59,456.94,25611.49,6471.97
2022-12-29,Sports,Dumbbell Set,East,Retail,34,267.44,9092.96,4078.26
2022-12-29,Beauty,Skin Care Kit,South,Retail,74,345.89,24316.07,9479.88
2022-12-29,Sports,Yoga Mat,East,Retail,1,311.61,311.61,77.46
2022-12-29,Home & Garden,Cookware Set,West,Direct,85,421.29,39390.62,7821.02
2022-12-29,Beauty,Makeup Palette,Central,Direct,60,481.43,28885.8,12507.14
2022-12-29,Clothing,Sneakers,South,Retail,76,298.89,21579.86,6850.68
2022-12-29,Sports,Tennis Racket,West,Retail,37,117.01,4762.31,1465.44
2022-12-29,Home & Garden,Bedding Set,West,Retail,62,100.25,6837.05,1113.23
2022-12-29,Beauty,Fragrance,North,Wholesale,3,106.99,385.16,88.13
2022-12-29,Sports,Dumbbell Set,North,Retail,76,410.54,37441.25,7293.14
2022-12-29,Home & Garden,Garden Tools,North,Retail,75,212.6,19134.0,6655.46
2022-12-29,Sports,Bike Helmet,West,Retail,55,14.21,859.71,313.62
2022-12-29,Home & Garden,Cookware Set,North,Retail,75,23.8,2142.0,773.69
2022-12-29,Home & Garden,Office Chair,South,Wholesale,77,333.0,24358.95,6778.18
2022-12-29,Clothing,Jeans,West,Retail,79,490.47,42621.84,15897.44
2022-12-29,Clothing,T-Shirt,Central,Direct,97,450.21,43670.37,10319.0
2022-12-30,Clothing,Jacket,Central,Retail,29,248.32,7201.28,3226.89
2022-12-30,Clothing,T-Shirt,Central,Retail,11,152.49,1677.39,267.78
2022-12-30,Electronics,Laptop,West,Wholesale,54,206.15,12245.31,4986.88
2022-12-30,Clothing,Jacket,North,Retail,46,348.63,19244.38,7852.05
2022-12-30,Beauty,Skin Care Kit,West,Direct,49,306.51,16520.89,
2022-12-30,Beauty,Fragrance,West,Wholesale,58,471.21,30063.2,5181.05
2022-12-30,Electronics,Smartwatch,West,Direct,58,73.98,4719.92,734.81
2022-12-30,Home & Garden,Garden Tools,Central,Direct,7,111.09,777.63,195.57
2022-12-30,Sports,Tennis Racket,North,Retail,8,359.07,3447.07,1234.8
2022-12-30,Clothing,Sneakers,South,Retail,12,217.94,2484.52,415.92
2022-12-30,Sports,Dumbbell Set,West,Retail,41,347.56,15674.96,4033.29
2022-12-30,Clothing,Jacket,Central,Direct,12,182.05,2184.6,822.86
2022-12-30,Electronics,Smartphone,East,Wholesale,51,139.49,7113.99,2721.24
2022-12-30,Home & Garden,Garden Tools,Central,Wholesale,98,435.17,42646.66,12484.55
2022-12-30,Clothing,Sneakers,South,Direct,28,495.37,13176.84,2607.16
2022-12-30,Home & Garden,Lamp,East,Retail,2,324.81,649.62,99.79
2022-12-31,Beauty,Face Serum,Central,Retail,74,85.81,6349.94,1024.38
2022-12-31,Home & Garden,Garden Tools,West,Retail,65,105.49,7542.53,2832.62
2022-12-31,Beauty,Hair Dryer,North,Direct,50,79.75,4785.0,
2022-12-31,Beauty,Fragrance,Central,Retail,7,413.25,2892.75,556.65
2022-12-31,Sports,Bike Helmet,North,Direct,76,445.42,40622.3,15581.35
2022-12-31,Clothing,Sneakers,South,Direct,26,345.14,8524.96,1593.58
2022-12-31,Clothing,T-Shirt,Central,Retail,89,175.24,15596.36,4845.35
2022-12-31,Electronics,Smartphone,Central,Direct,53,397.36,21060.08,9400.24
2022-12-31,Sports,Bike Helmet,Central,Retail,7,284.64,1992.48,766.5
2022-12-31,Home & Garden,Office Chair,Central,Direct,53,257.72,13659.16,5649.96
2022-12-31,Clothing,Jeans,North,Retail,91,144.99,15832.91,5526.79
2022-12-31,Electronics,Tablet,Central,Retail,4,12.14,48.56,15.81
2022-12-31,Beauty,Fragrance,East,Direct,78,398.89,31113.42,8926.18
2022-12-31,Electronics,Headphones,North,Wholesale,78,487.79,45657.14,16912.62
2022-12-31,Sports,Dumbbell Set,West,Direct,66,286.83,20823.86,6220.56
2022-12-31,Home & Garden,Cookware Set,South,Wholesale,29,14.69,404.71,157.36
2022-12-31,Electronics,Headphones,South,Retail,56,384.91,20477.21,7321.13
2022-12-31,Beauty,Skin Care Kit,West,Retail,74,281.63,22924.68,3909.95
2022-12-31,Home & Garden,Lamp,East,Retail,43,80.96,3481.28,537.9
2023-01-01,Home & Garden,Garden Tools,Central,Retail,43,215.63,9272.09,3717.08
2023-01-01,Electronics,Laptop,North,Retail,7,172.44,1448.5,256.36
2023-01-01,Clothing,Dress,East,Wholesale,1,219.28,219.28,55.85
2023-01-01,Sports,Bike Helmet,North,Retail,50,402.42,24145.2,8563.63
2023-01-01,Electronics,Tablet,West,Direct,25,404.38,11120.45,3877.79
2023-01-01,Electronics,Tablet,South,Retail,65,245.62,15167.03,3301.83
2023-01-01,Clothing,T-Shirt,East,Wholesale,35,467.56,16364.6,5152.76
2023-01-01,Beauty,Hair Dryer,South,Direct,72,341.08,23329.87,8545.81
2023-01-01,Sports,Yoga Mat,South,Retail,18,420.33,7187.64,1582.94
2023-01-01,Clothing,T-Shirt,East,Direct,77,377.09,29035.93,6610.35
2023-01-01,Clothing,Jacket,West,Wholesale,73,462.58,37145.17,12081.51
2023-01-01,Sports,Dumbbell Set,Central,Direct,22,205.15,4513.3,1958.91
2023-01-01,Sports,Dumbbell Set,Central,Wholesale,22,321.62,7075.64,2242.75
2023-01-02,Home & Garden,Office Chair,North,Retail,85,434.56,44325.12,8401.43
2023-01-02,Clothing,Dress,South,Direct,34,417.43,13482.99,5958.62
2023-01-02,Sports,Bike Helmet,East,Wholesale,44,327.46,14408.24,2594.38
2023-01-02,Beauty,Face Serum,East,Direct,1,485.74,485.74,80.58
2023-01-02,Clothing,Jacket,North,Direct,33,231.77,9178.09,1704.24
2023-01-02,Sports,Yoga Mat,North,Wholesale,12,138.76,1998.14,868.39
2023-01-02,Sports,Dumbbell Set,South,Retail,76,167.31,12079.78,3794.7
2023-01-02,Clothing,Dress,North,Retail,39,270.5,12659.4,5459.83
2023-01-02,Home & Garden,Lamp,West,Direct,46,395.69,20021.91,3435.41
2023-01-02,Sports,Yoga Mat,East,Wholesale,89,253.63,22573.07,8508.58
2023-01-02,Beauty,Fragrance,East,Wholesale,29,156.1,4526.9,1867.16
2023-01-02,Clothing,Dress,West,Wholesale,56,101.36,6243.78,1085.17
2023-01-02,Home & Garden,Lamp,North,Direct,38,293.87,13400.47,4697.64
2023-01-02,Electronics,Headphones,North,Wholesale,1,28.23,33.88,7.89
2023-01-02,Electronics,Tablet,East,Wholesale,58,307.99,17863.42,4375.45
2023-01-02,Home & Garden,Lamp,South,Retail,87,34.49,2850.6,706.86
2023-01-02,Beauty,Face Serum,West,Direct,25,135.4,3723.5,673.95
2023-01-02,Electronics,Smartphone,North,Wholesale,36,98.44,4252.61,922.18
2023-01-02,Home & Garden,Garden Tools,North,Direct,71,74.69,6363.59,1897.76
2023-01-02,Beauty,Fragrance,East,Retail,12,18.34,220.08,36.28
2023-01-02,Electronics,Laptop,South,Wholesale,36,167.56,5730.55,1597.96
2023-01-02,Clothing,T-Shirt,Central,Direct,13,486.56,6325.28,1224.49
2023-01-03,Electronics,Smartphone,Central,Retail,7,10.41,72.87,23.17
2023-01-03,Electronics,Tablet,West,Direct,16,79.52,1399.55,290.02
2023-01-03,Sports,Running Shoes,North,Direct,67,173.44,13944.58,4197.83
2023-01-03,Beauty,Face Serum,Central,Wholesale,36,265.09,9543.24,4050.82
2023-01-03,Beauty,Face Serum,North,Direct,31,19.74,734.33,310.28
2023-01-03,Clothing,T-Shirt,South,Wholesale,87,272.09,22488.24,6556.71
2023-01-03,Clothing,Dress,East,Retail,48,460.47,22102.56,8908.04
2023-01-03,Clothing,Dress,Central,Wholesale,57,305.02,17386.14,7637.55
2023-01-03,Beauty,Face Serum,East,Direct,93,325.55,30276.15,7892.66
2023-01-04,Home & Garden,Office Chair,South,Retail,92,372.51,32557.37,9143.32
2023-01-04,Electronics,Headphones,East,Wholesale,19,22.1,419.9,139.44
2023-01-04,Clothing,Sneakers,Central,Direct,96,63.76,6120.96,1692.07
2023-01-04,Sports,Yoga Mat,West,Direct,77,391.93,33196.47,10792.27
2023-01-04,Sports,Tennis Racket,South,Wholesale,44,247.37,10340.07,2456.68
2023-01-04,Home & Garden,Garden Tools,South,Wholesale,73,247.17,17141.24,7246.06
2023-01-04,Beauty,Makeup Palette,Central,Retail,42,470.96,19780.32,8170.07
2023-01-04,Home & Garden,Bedding Set,South,Retail,22,135.67,2835.5,1183.75
2023-01-04,Beauty,Hair Dryer,Central,Direct,27,196.14,5295.78,1749.11
2023-01-04,Clothing,Jeans,East,Retail,45,122.98,5534.1,1559.73
2023-01-04,Sports,Dumbbell Set,West,Direct,41,213.97,9650.05,4137.53
2023-01-04,Sports,Running Shoes,Central,Retail,64,261.86,16759.04,6768.98
2023-01-04,Sports,Bike Helmet,North,Wholesale,39,414.65,19405.62,3515.94
2023-01-05,Home & Garden,Office Chair,North,Wholesale,86,111.32,11488.22,4851.68
2023-01-05,Clothing,Dress,South,Retail,8,423.96,3222.1,1238.3
2023-01-05,Electronics,Laptop,East,Wholesale,85,488.82,41549.7,14283.39
2023-01-05,Beauty,Skin Care Kit,Central,Retail,49,341.94,16755.06,4031.36
2023-01-05,Home & Garden,Bedding Set,East,Direct,57,75.28,4290.96,1249.82
2023-01-05,Sports,Dumbbell Set,West,Wholesale,44,116.12,5620.21,1680.53
2023-01-05,Clothing,Dress,Central,Wholesale,65,248.95,16181.75,3124.33
2023-01-05,Clothing,Jeans,South,Direct,86,26.45,2160.96,472.53
2023-01-05,Electronics,Smartphone,North,Direct,45,312.61,16880.94,6757.91
2023-01-05,Sports,Running Shoes,North,Wholesale,83,489.24,48728.3,9595.44
2023-01-05,Home & Garden,Garden Tools,South,Direct,89,332.47,28110.34,10419.62
2023-01-05,Clothing,Sneakers,West,Wholesale,77,285.1,24147.97,9402.97
2023-01-05,Sports,Yoga Mat,East,Direct,80,431.33,34506.4,15224.16
2023-01-05,Home & Garden,Cookware Set,West,Direct,76,172.99,14461.96,4516.37
2023-01-05,Home & Garden,Lamp,East,Wholesale,80,221.91,17752.8,7388.97
2023-01-05,Clothing,Jeans,North,Wholesale,77,355.28,32827.87,12672.76
2023-01-05,Sports,Running Shoes,South,Direct,34,52.09,1682.51,520.28
2023-01-05,Sports,Running Shoes,Central,Retail,33,375.72,12398.76,1862.43
2023-01-05,Home & Garden,Office Chair,East,Retail,89,132.32,11776.48,4422.87
2023-01-05,Home & Garden,Cookware Set,South,Wholesale,24,14.1,321.48,88.84
2023-01-06,Beauty,Hair Dryer,North,Direct,54,412.94,26758.51,4861.0
2023-01-06,Home & Garden,Office Chair,Central,Retail,12,326.55,3918.6,1085.54
2023-01-06,Clothing,Sneakers,Central,Retail,11,267.5,2942.5,907.62
2023-01-06,Beauty,Face Serum,South,Wholesale,38,391.68,14139.65,5880.77
2023-01-06,Sports,Dumbbell Set,East,Wholesale,94,28.27,2657.38,745.12
2023-01-06,Electronics,Smartphone,North,Direct,97,51.2,5959.68,2352.11
2023-01-06,Beauty,Hair Dryer,South,Wholesale,85,201.74,16290.51,3128.8
2023-01-06,Clothing,Jeans,East,Wholesale,65,119.66,7777.9,3256.96
2023-01-06,Clothing,Jacket,Central,Wholesale,59,206.98,12211.82,2043.93
2023-01-06,Beauty,Skin Care Kit,South,Wholesale,50,120.39,5718.52,2539.54
2023-01-06,Home & Garden,Cookware Set,North,Wholesale,68,478.0,39004.8,11296.06
2023-01-06,Clothing,Jeans,Central,Direct,57,409.44,23338.08,8949.02
2023-01-06,Home & Garden,Garden Tools,South,Retail,23,445.25,9728.71,3173.3
2023-01-06,Beauty,Makeup Palette,Central,Retail,51,189.73,9676.23,1566.6
2023-01-06,Electronics,Headphones,East,Direct,93,73.57,6842.01,1217.2
2023-01-07,Home & Garden,Bedding Set,South,Retail,52,100.28,4953.83,2214.18
2023-01-07,Beauty,Skin Care Kit,North,Retail,94,305.62,34473.94,11366.54
2023-01-07,Sports,Tennis Racket,South,Direct,45,245.24,10484.01,2581.74
2023-01-07,Clothing,Jeans,East,Wholesale,20,282.07,5641.4,1031.56
2023-01-07,Clothing,T-Shirt,East,Wholesale,63,78.65,4954.95,988.13
2023-01-07,Electronics,Headphones,Central,Retail,99,186.52,18465.48,7401.53
2023-01-07,Sports,Dumbbell Set,East,Wholesale,23,258.38,5942.74,
2023-01-07,Electronics,Headphones,South,Retail,32,473.34,14389.54,2575.4
2023-01-07,Electronics,Smartphone,East,Wholesale,34,159.53,5424.02,1942.5
2023-01-07,Sports,Tennis Racket,West,Direct,18,58.94,1167.01,366.05
2023-01-07,Sports,Dumbbell Set,South,Retail,84,312.29,24920.74,7921.0
2023-01-07,Beauty,Face Serum,North,Retail,74,402.41,35734.01,12297.27
2023-01-07,Beauty,Skin Care Kit,South,Retail,95,225.54,20354.98,5609.57
2023-01-07,Electronics,Headphones,North,Wholesale,75,98.42,8857.8,2703.58
2023-01-07,Home & Garden,Cookware Set,South,Wholesale,48,361.66,16491.7,5702.39
2023-01-07,Electronics,Laptop,East,Wholesale,24,425.76,10218.24,1775.88
2023-01-07,Electronics,Smartwatch,South,Wholesale,88,196.92,16462.51,4762.59
2023-01-07,Sports,Tennis Racket,West,Wholesale,89,302.32,29597.13,11871.12
2023-01-07,Sports,Bike Helmet,East,Wholesale,50,360.81,18040.5,4557.57
2023-01-07,Clothing,Dress,Central,Direct,40,201.33,8053.2,2462.67
2023-01-07,Electronics,Smartphone,West,Wholesale,69,284.69,21607.97,8755.19
2023-01-08,Home & Garden,Bedding Set,South,Wholesale,16,486.12,7389.02,2190.68
2023-01-08,Beauty,Fragrance,Central,Wholesale,78,307.88,24014.64,3612.46
2023-01-08,Sports,Yoga Mat,North,Retail,62,464.59,34565.5,7441.11
2023-01-08,Electronics,Laptop,East,Direct,89,125.34,11155.26,2527.79
2023-01-08,Clothing,Dress,North,Direct,17,101.93,2079.37,599.93
2023-01-08,Home & Garden,Lamp,West,Wholesale,17,480.54,8986.1,3158.42
2023-01-08,Home & Garden,Garden Tools,West,Direct,59,462.59,30022.09,8853.31
2023-01-08,Electronics,Smartphone,Central,Retail,14,54.3,760.2,
2023-01-08,Clothing,Jacket,East,Direct,21,231.71,4865.91,987.84
2023-01-08,Clothing,Sneakers,North,Retail,92,78.54,8670.82,2814.88
2023-01-08,Home & Garden,Garden Tools,North,Retail,10,365.75,4389.0,1082.0
2023-01-08,Electronics,Headphones,South,Wholesale,65,183.88,11354.59,4052.36
2023-01-08,Sports,Yoga Mat,East,Wholesale,86,489.97,42137.42,13626.22
2023-01-08,Sports,Running Shoes,South,Retail,18,189.91,3247.46,690.15
2023-01-08,Beauty,Fragrance,East,Retail,61,137.36,8378.96,2927.91
2023-01-08,Sports,Tennis Racket,North,Direct,13,432.13,6741.23,1492.93
2023-01-09,Clothing,Sneakers,North,Wholesale,87,378.85,39551.94,7102.22
2023-01-09,Sports,Dumbbell Set,North,Direct,32,293.25,11260.8,5008.39
2023-01-09,Electronics,Headphones,South,Direct,47,389.35,17384.48,4886.53
2023-01-09,Clothing,Sneakers,South,Direct,73,351.51,24377.22,10772.1
2023-01-09,Beauty,Hair Dryer,North,Retail,40,115.81,5558.88,
2023-01-09,Sports,Tennis Racket,East,Direct,21,403.26,8468.46,3805.08
2023-01-09,Electronics,Smartphone,West,Direct,60,472.87,31209.42,5200.16
2023-01-09,Sports,Bike Helmet,East,Wholesale,70,318.6,22302.0,6386.46
2023-01-09,Clothing,Sneakers,Central,Direct,58,259.15,15030.7,
2023-01-09,Clothing,Sneakers,Central,Wholesale,57,139.49,7950.93,1558.56
2023-01-09,Electronics,Laptop,East,Wholesale,78,455.62,35538.36,15370.05
2023-01-09,Electronics,Smartphone,Central,Retail,46,224.19,10312.74,3818.48
2023-01-09,Beauty,Fragrance,East,Wholesale,18,223.15,4016.7,1020.98
2023-01-09,Home & Garden,Lamp,Central,Direct,47,368.18,17304.46,2922.89
2023-01-10,Home & Garden,Bedding Set,West,Direct,33,72.82,2643.37,917.02
2023-01-10,Sports,Bike Helmet,North,Retail,86,281.69,29070.41,7311.3
2023-01-10,Beauty,Face Serum,North,Direct,46,357.07,19710.26,6444.59
2023-01-10,Sports,Running Shoes,East,Retail,92,402.38,37018.96,9910.72
2023-01-10,Sports,Yoga Mat,South,Direct,26,183.13,4523.31,2027.76
2023-01-10,Clothing,Sneakers,Central,Retail,92,477.57,43936.44,17760.95
2023-01-10,Electronics,Headphones,North,Wholesale,18,50.94,1100.3,463.75
2023-01-10,Electronics,Headphones,Central,Wholesale,15,477.79,7166.85,3085.27
2023-01-10,Clothing,Sneakers,South,Wholesale,83,458.48,36151.15,8990.14
2023-01-10,Electronics,Headphones,North,Retail,99,461.4,54814.32,9484.28
2023-01-10,Home & Garden,Bedding Set,West,Retail,50,297.06,16338.3,6481.9
2023-01-10,Sports,Dumbbell Set,North,Wholesale,99,136.54,16220.95,3002.82
2023-01-10,Home & Garden,Bedding Set,North,Wholesale,6,49.24,354.53,66.14
2023-01-10,Beauty,Hair Dryer,Central,Wholesale,61,353.13,21540.93,7463.5
2023-01-11,Clothing,T-Shirt,East,Direct,29,227.34,6592.86,1587.66
2023-01-11,Clothing,Jacket,North,Direct,61,97.01,7101.13,1349.53
2023-01-11,Home & Garden,Office Chair,Central,Direct,69,209.55,14458.95,5409.72
2023-01-11,Clothing,Jeans,North,Retail,20,121.91,2925.84,1135.76
2023-01-11,Clothing,Jeans,Central,Wholesale,2,340.13,680.26,248.22
2023-01-11,Clothing,Jacket,North,Wholesale,93,444.85,49645.26,12821.17
2023-01-11,Clothing,T-Shirt,East,Retail,6,471.17,2827.02,1091.43
2023-01-11,Home & Garden,Cookware Set,East,Retail,94,462.28,43454.32,10902.99
2023-01-11,Clothing,Sneakers,North,Retail,10,198.92,2387.04,426.66
2023-01-11,Sports,Dumbbell Set,South,Retail,45,99.65,4260.04,1075.64
2023-01-11,Beauty,Hair Dryer,West,Wholesale,58,348.42,22229.2,5057.14
2023-01-11,Sports,Dumbbell Set,West,Wholesale,4,327.6,1441.44,305.74
2023-01-11,Beauty,Hair Dryer,North,Retail,26,35.68,1113.22,266.33
2023-01-11,Beauty,Fragrance,Central,Direct,83,85.81,7122.23,1402.27
2023-01-11,Home & Garden,Garden Tools,North,Wholesale,80,261.49,25103.04,10586.55
2023-01-12,Beauty,Face Serum,East,Wholesale,55,231.06,12708.3,3555.17
2023-01-12,Sports,Running Shoes,East,Direct,86,59.01,5074.86,1657.6
2023-01-12,Clothing,Dress,West,Direct,1,181.2,199.32,34.72
2023-01-12,Clothing,Jacket,South,Retail,89,146.96,12425.47,4877.65
2023-01-12,Home & Garden,Garden Tools,North,Wholesale,15,375.54,6759.72,1139.89
2023-01-12,Home & Garden,Cookware Set,Central,Retail,40,300.55,12022.0,4393.5
2023-01-12,Home & Garden,Office Chair,South,Wholesale,53,331.44,16688.0,3491.95
2023-01-12,Sports,Bike Helmet,Central,Retail,73,273.51,19966.23,6228.46
2023-01-12,Home & Garden,Office Chair,West,Retail,25,385.08,10589.7,3036.93
2023-01-12,Electronics,Headphones,Central,Retail,23,21.33,490.59,215.66
2023-01-12,Electronics,Smartwatch,West,Retail,77,394.77,33437.02,9514.55
2023-01-12,Clothing,T-Shirt,North,Wholesale,80,480.47,46125.12,16913.19
2023-01-12,Home & Garden,Cookware Set,South,Direct,98,258.56,24071.94,9057.24
2023-01-12,Home & Garden,Cookware Set,Central,Wholesale,39,215.26,8395.14,2378.47
2023-01-12,Electronics,Headphones,South,Retail,54,375.12,19243.66,6491.67
2023-01-12,Clothing,T-Shirt,West,Wholesale,33,37.53,1362.34,471.89
2023-01-13,Electronics,Smartphone,Central,Direct,96,469.74,45095.04,12391.48
2023-01-13,Sports,Dumbbell Set,East,Wholesale,5,55.63,278.15,66.7
2023-01-13,Home & Garden,Lamp,Central,Direct,55,54.21,2981.55,825.18
2023-01-13,Sports,Tennis Racket,South,Direct,12,103.67,1181.84,497.18
2023-01-13,Electronics,Tablet,East,Wholesale,66,492.55,32508.3,11738.92
2023-01-13,Electronics,Smartwatch,North,Retail,98,472.37,55550.71,23286.68
2023-01-13,Sports,Bike Helmet,North,Wholesale,65,37.38,2915.64,792.35
2023-01-13,Clothing,Jacket,South,Direct,73,416.63,28893.29,7206.8
2023-01-13,Electronics,Smartphone,East,Direct,46,245.18,11278.28,3680.8
2023-01-13,Home & Garden,Office Chair,South,Direct,48,439.87,20058.07,4180.6
2023-01-13,Home & Garden,Cookware Set,South,Retail,80,277.38,21080.88,8809.16
2023-01-13,Electronics,Headphones,West,Direct,75,414.54,34199.55,8590.17
2023-01-13,Clothing,Dress,North,Direct,26,252.41,7875.19,1941.94
2023-01-13,Home & Garden,Garden Tools,Central,Direct,46,291.59,13413.14,5412.64
2023-01-13,Clothing,Jacket,North,Wholesale,56,489.43,32889.7,8643.44
2023-01-13,Clothing,T-Shirt,South,Direct,23,34.34,750.33,240.94
2023-01-13,Home & Garden,Office Chair,Central,Retail,46,461.98,21251.08,8904.75
2023-01-13,Clothing,Dress,South,Wholesale,79,478.87,35939.19,16081.82
2023-01-14,Clothing,T-Shirt,West,Retail,5,375.78,2066.79,895.38
2023-01-14,Clothing,Dress,Central,Wholesale,4,218.32,873.28,194.53
2023-01-14,Electronics,Smartphone,West,Direct,78,38.46,3299.87,1070.18
2023-01-14,Beauty,Makeup Palette,West,Retail,39,61.56,2640.92,770.67
2023-01-14,Clothing,Sneakers,North,Wholesale,93,423.28,47238.05,17644.65
2023-01-14,Sports,Running Shoes,North,Retail,11,456.71,6028.57,1927.48
2023-01-14,Clothing,Dress,East,Retail,64,138.23,8846.72,2147.73
2023-01-14,Home & Garden,Cookware Set,South,Direct,87,302.71,25018.98,6220.77
2023-01-14,Clothing,Sneakers,North,Retail,68,305.77,24950.83,9731.56
2023-01-14,Clothing,Jacket,Central,Retail,69,129.25,8918.25,4004.39
2023-01-14,Clothing,T-Shirt,East,Wholesale,86,50.51,4343.86,1708.91
2023-01-14,Clothing,Jeans,West,Direct,42,47.25,2182.95,451.13
2023-01-14,Electronics,Headphones,North,Direct,85,308.75,31492.5,11759.67
2023-01-14,Clothing,Sneakers,West,Wholesale,23,282.95,7158.64,2548.15
2023-01-14,Electronics,Tablet,North,Direct,13,303.19,4729.76,1179.1
2023-01-15,Beauty,Skin Care Kit,Central,Retail,6,180.13,1080.78,301.01
2023-01-15,Home & Garden,Lamp,Central,Retail,49,158.23,7753.27,2081.05
2023-01-15,Beauty,Hair Dryer,East,Direct,26,186.64,4852.64,1077.18
2023-01-15,Beauty,Makeup Palette,Central,Wholesale,48,224.64,10782.72,3432.27
2023-01-15,Beauty,Face Serum,South,Wholesale,14,228.19,3034.93,980.67
2023-01-15,Sports,Yoga Mat,North,Direct,98,46.76,5498.98,1591.6
2023-01-15,Beauty,Skin Care Kit,Central,Retail,65,41.69,2709.85,799.36
2023-01-15,Electronics,Headphones,Central,Wholesale,72,310.05,22323.6,9606.71
2023-01-15,Home & Garden,Garden Tools,West,Wholesale,44,288.49,13962.92,4656.38
2023-01-15,Electronics,Laptop,South,Retail,28,352.49,9376.23,3888.71
2023-01-15,Sports,Tennis Racket,West,Retail,67,116.29,8570.57,2877.69
2023-01-15,Beauty,Face Serum,Central,Wholesale,42,234.56,9851.52,2434.61
2023-01-15,Beauty,Hair Dryer,North,Retail,39,133.42,6244.06,2593.43
2023-01-15,Home & Garden,Bedding Set,Central,Retail,20,456.61,9132.2,2061.02
2023-01-15,Sports,Dumbbell Set,Central,Wholesale,58,87.4,5069.2,1457.9
2023-01-15,Clothing,Dress,West,Retail,29,184.54,5886.83,1947.06
2023-01-15,Beauty,Fragrance,North,Wholesale,33,64.64,2559.74,397.93
2023-01-15,Home & Garden,Cookware Set,North,Direct,97,186.6,21720.24,6730.28
2023-01-15,Sports,Yoga Mat,North,Retail,68,415.62,33914.59,9281.47
2023-01-15,Beauty,Fragrance,South,Retail,11,434.23,4537.7,1857.0
2023-01-15,Beauty,Fragrance,East,Wholesale,5,256.72,1283.6,505.28
2023-01-15,Sports,Tennis Racket,Central,Retail,97,159.1,15432.7,2974.73
2023-01-15,Home & Garden,Lamp,South,Retail,92,456.29,39879.75,14093.77
2023-01-15,Sports,Tennis Racket,East,Wholesale,62,114.32,7087.84,1884.0
2023-01-16,Sports,Running Shoes,East,Retail,75,196.7,14752.5,
2023-01-16,Home & Garden,Office Chair,East,Direct,12,330.75,3969.0,893.49
2023-01-16,Clothing,Jeans,West,Wholesale,40,395.01,17380.44,5205.77
2023-01-16,Electronics,Laptop,Central,Retail,89,242.88,21616.32,7108.82
2023-01-16,Home & Garden,Cookware Set,East,Wholesale,53,52.53,2784.09,1150.15
2023-01-16,Electronics,Laptop,Central,Direct,27,434.51,11731.77,4086.01
2023-01-16,Beauty,Hair Dryer,North,Retail,4,259.66,1246.37,422.77
2023-01-16,Electronics,Smartphone,West,Wholesale,76,341.76,28571.14,12840.21
2023-01-16,Sports,Bike Helmet,South,Wholesale,10,245.75,2334.62,566.61
2023-01-16,Sports,Yoga Mat,Central,Direct,68,402.46,27367.28,9373.71
2023-01-16,Sports,Running Shoes,West,Wholesale,85,205.7,19232.95,7613.05
2023-01-16,Clothing,Sneakers,North,Retail,34,461.94,18847.15,6724.7
2023-01-16,Electronics,Headphones,South,Direct,73,27.32,1894.64,828.37
2023-01-16,Clothing,Jacket,West,Wholesale,92,128.07,12960.68,2186.22
2023-01-16,Home & Garden,Lamp,Central,Retail,46,472.54,21736.84,4994.55
2023-01-16,Clothing,Jeans,West,Retail,75,179.94,14845.05,2853.42
2023-01-16,Beauty,Skin Care Kit,South,Retail,14,30.34,403.52,112.75
2023-01-17,Sports,Yoga Mat,North,Retail,11,55.68,734.98,131.54
2023-01-17,Electronics,Laptop,North,Direct,29,74.05,2576.94,1023.31
2023-01-17,Home & Garden,Office Chair,North,Retail,96,242.86,27977.47,6450.91
2023-01-17,Home & Garden,Bedding Set,South,Retail,92,428.36,37438.66,9767.34
2023-01-17,Clothing,T-Shirt,East,Direct,37,257.46,9526.02,1672.48
2023-01-17,Electronics,Smartwatch,South,Direct,61,78.51,4549.65,1483.4
2023-01-17,Home & Garden,Office Chair,South,Retail,30,95.77,2729.44,483.5
2023-01-17,Sports,Bike Helmet,Central,Direct,19,357.0,6783.0,1049.65
2023-01-17,Beauty,Hair Dryer,South,Wholesale,31,431.74,12714.74,3953.29
2023-01-17,Home & Garden,Garden Tools,Central,Direct,25,108.81,2720.25,875.54
2023-01-17,Beauty,Skin Care Kit,South,Direct,91,214.57,18549.58,5827.21
2023-01-17,Electronics,Tablet,North,Retail,11,17.09,225.59,98.06
2023-01-17,Beauty,Hair Dryer,Central,Retail,72,147.88,10647.36,4580.51
2023-01-18,Electronics,Headphones,East,Retail,77,123.3,9494.1,1444.67
2023-01-18,Beauty,Skin Care Kit,Central,Direct,50,220.36,11018.0,3527.33
2023-01-18,Sports,Dumbbell Set,North,Direct,77,73.42,6784.01,1591.32
2023-01-18,Clothing,Jeans,West,Direct,15,169.49,2796.59,1121.26
2023-01-18,Electronics,Headphones,East,Wholesale,81,201.04,16284.24,4175.33
2023-01-18,Clothing,Dress,West,Retail,55,296.75,17953.38,3883.38
2023-01-18,Clothing,T-Shirt,East,Retail,74,209.37,15493.38,3176.14
2023-01-18,Clothing,Dress,West,Retail,34,315.48,11798.95,3987.82
2023-01-18,Sports,Bike Helmet,North,Direct,66,105.22,8333.42,2995.95
2023-01-18,Beauty,Makeup Palette,North,Direct,16,280.63,5388.1,2000.16
2023-01-18,Home & Garden,Bedding Set,North,Retail,47,482.37,27205.67,5357.66
2023-01-18,Sports,Dumbbell Set,Central,Wholesale,96,420.28,40346.88,16646.19
2023-01-18,Clothing,T-Shirt,East,Direct,42,138.83,5830.86,1857.43
2023-01-18,Beauty,Makeup Palette,Central,Retail,78,489.33,38167.74,12592.0
2023-01-18,Beauty,Makeup Palette,West,Wholesale,65,152.95,10935.93,3368.47
2023-01-18,Sports,Dumbbell Set,West,Wholesale,62,360.48,24584.74,4653.74
2023-01-18,Clothing,Jacket,South,Wholesale,21,455.41,9085.43,1663.83
2023-01-18,Home & Garden,Garden Tools,Central,Direct,34,230.67,7842.78,3129.58
2023-01-18,Sports,Dumbbell Set,East,Retail,68,55.27,3758.36,1315.65
2023-01-18,Sports,Yoga Mat,South,Direct,92,194.61,17008.91,3160.11
2023-01-19,Home & Garden,Cookware Set,North,Wholesale,42,400.11,20165.54,4799.61
2023-01-19,Sports,Tennis Racket,North,Retail,21,242.13,6101.68,929.2
2023-01-19,Clothing,Dress,East,Retail,40,294.72,11788.8,5174.74
2023-01-19,Home & Garden,Garden Tools,West,Retail,72,452.17,35811.86,9678.54
2023-01-19,Beauty,Makeup Palette,South,Direct,34,238.41,7700.64,3404.82
2023-01-19,Electronics,Smartphone,North,Retail,43,485.13,25032.71,7782.49
2023-01-19,Electronics,Smartwatch,West,Wholesale,57,446.28,27981.76,7882.74
2023-01-19,Beauty,Makeup Palette,North,Wholesale,58,324.55,22588.68,9127.07
2023-01-19,Home & Garden,Bedding Set,West,Direct,41,291.83,13161.53,2077.51
2023-01-19,Home & Garden,Lamp,North,Direct,65,436.03,34010.34,8338.91
2023-01-19,Home & Garden,Lamp,West,Direct,57,486.47,30501.67,11354.44
2023-01-19,Beauty,Fragrance,South,Wholesale,54,303.53,15571.09,5401.39
2023-01-19,Electronics,Smartphone,West,Direct,99,197.3,21485.97,4758.53
2023-01-19,Home & Garden,Bedding Set,North,Direct,96,119.4,13754.88,3564.52
2023-01-19,Beauty,Fragrance,South,Direct,9,379.49,3244.64,1328.48
2023-01-19,Electronics,Tablet,East,Retail,76,448.17,34060.92,7069.1
2023-01-19,Home & Garden,Lamp,North,Direct,65,436.03,34010.34,8338.91
2023-01-20,Electronics,Smartwatch,North,Wholesale,40,292.14,14022.72,5923.31
2023-01-20,Sports,Running Shoes,West,Retail,58,436.11,27823.82,11742.49
2023-01-20,Electronics,Smartphone,West,Wholesale,63,121.79,8440.05,2666.31
2023-01-20,Home & Garden,Office Chair,North,Retail,31,371.5,13819.8,5679.47
2023-01-20,Beauty,Fragrance,East,Direct,49,237.19,11622.31,3324.92
2023-01-20,Electronics,Headphones,West,Retail,32,147.27,5183.9,1721.12
2023-01-20,Beauty,Makeup Palette,North,Direct,61,494.72,36213.5,12735.88
2023-01-20,Beauty,Makeup Palette,Central,Retail,88,377.21,33194.48,9489.0
2023-01-20,Sports,Tennis Racket,West,Direct,7,75.05,577.89,149.05
2023-01-20,Sports,Running Shoes,West,Wholesale,63,243.17,16851.68,7199.08
2023-01-20,Clothing,Jacket,East,Retail,86,118.41,10183.26,2951.96
2023-01-20,Beauty,Face Serum,East,Retail,17,434.98,7394.66,2620.01
2023-01-20,Electronics,Smartwatch,West,Retail,51,375.2,21048.72,8891.29
2023-01-20,Sports,Yoga Mat,Central,Wholesale,29,155.05,4496.45,1428.69
2023-01-20,Clothing,Dress,West,Retail,72,375.56,29744.35,12571.12
2023-01-20,Electronics,Tablet,South,Retail,18,83.48,1427.51,404.91
2023-01-20,Beauty,Fragrance,West,Direct,82,319.98,28862.2,12352.33
2023-01-20,Electronics,Laptop,South,Retail,4,54.03,205.31,32.87
2023-01-20,Beauty,Fragrance,South,Wholesale,50,306.92,14578.7,3397.13
2023-01-20,Beauty,Hair Dryer,South,Retail,68,306.98,19830.91,4102.8
2023-01-20,Electronics,Laptop,East,Retail,94,460.3,43268.2,14554.94
2023-01-20,Beauty,Fragrance,South,Wholesale,44,188.12,7863.42,3119.08
2023-01-20,Beauty,Makeup Palette,West,Retail,75,24.18,1994.85,693.44
2023-01-20,Electronics,Smartphone,North,Direct,99,219.68,26097.98,4815.58
2023-01-21,Sports,Tennis Racket,Central,Direct,91,469.62,42735.42,10379.35
2023-01-21,Clothing,T-Shirt,South,Direct,76,306.25,22111.25,5021.15
2023-01-21,Sports,Running Shoes,West,Retail,47,222.8,11518.76,2789.28
2023-01-21,Home & Garden,Bedding Set,North,Direct,49,81.65,4801.02,1932.44
2023-01-21,Electronics,Tablet,Central,Retail,73,447.61,32675.53,8883.84
2023-01-21,Beauty,Face Serum,West,Retail,49,271.45,14631.16,5458.34
2023-01-21,Clothing,Jeans,West,Retail,98,53.7,5788.86,1349.79
2023-01-21,Beauty,Skin Care Kit,West,Retail,10,283.91,3123.01,1295.16
2023-01-21,Home & Garden,Garden Tools,Central,Direct,69,363.44,25077.36,5910.28
2023-01-21,Clothing,Jeans,North,Wholesale,54,203.42,13181.62,3460.07
2023-01-21,Sports,Yoga Mat,East,Wholesale,36,177.18,6378.48,2103.53
2023-01-21,Sports,Yoga Mat,Central,Retail,29,159.98,4639.42,1300.96
2023-01-21,Sports,Bike Helmet,North,Direct,1,151.58,181.9,62.9
2023-01-21,Home & Garden,Garden Tools,East,Direct,1,314.24,314.24,73.5
2023-01-21,Electronics,Headphones,East,Retail,60,445.67,26740.2,6725.96
2023-01-21,Sports,Yoga Mat,South,Direct,64,104.29,6340.83,1192.21
2023-01-21,Sports,Yoga Mat,South,Retail,47,432.64,19317.38,7676.14
2023-01-21,Clothing,T-Shirt,North,Retail,99,110.04,13072.75,2700.85
2023-01-22,Beauty,Hair Dryer,Central,Direct,74,132.57,9810.18,2774.62
2023-01-22,Home & Garden,Lamp,East,Wholesale,57,369.26,21047.82,3292.0
2023-01-22,Electronics,Headphones,East,Retail,57,35.68,2033.76,307.91
2023-01-22,Beauty,Makeup Palette,North,Direct,71,246.26,20981.35,5583.92
2023-01-22,Electronics,Tablet,South,Retail,82,306.95,23911.4,3889.96
2023-01-22,Electronics,Smartwatch,Central,Wholesale,65,42.97,2793.05,
2023-01-22,Clothing,Jeans,South,Wholesale,94,21.4,1911.02,335.16
2023-01-22,Sports,Bike Helmet,West,Direct,33,76.69,2783.85,789.49
2023-01-22,Beauty,Makeup Palette,South,Wholesale,15,283.34,4037.59,834.1
2023-01-22,Beauty,Hair Dryer,North,Wholesale,55,394.21,26017.86,11094.94
2023-01-22,Clothing,Sneakers,East,Direct,54,451.03,24355.62,5979.2
2023-01-22,Electronics,Laptop,Central,Wholesale,39,59.97,2338.83,450.19
2023-01-22,Electronics,Laptop,Central,Wholesale,1,431.77,431.77,157.23
2023-01-22,Sports,Tennis Racket,South,Retail,7,23.98,159.47,47.5
2023-01-22,Electronics,Laptop,West,Wholesale,46,490.42,24815.25,10296.3
2023-01-22,Beauty,Hair Dryer,North,Direct,17,18.46,376.58,68.45
2023-01-22,Beauty,Makeup Palette,Central,Wholesale,23,443.74,10206.02,2255.0
2023-01-22,Electronics,Tablet,West,Wholesale,70,12.34,950.18,366.41
2023-01-22,Home & Garden,Office Chair,South,Retail,10,440.06,4180.57,1448.31
2023-01-22,Sports,Running Shoes,Central,Wholesale,70,231.55,16208.5,3281.97
2023-01-23,Home & Garden,Lamp,East,Retail,6,367.57,2205.42,685.6
2023-01-23,Home & Garden,Garden Tools,Central,Wholesale,70,289.38,20256.6,5327.44
2023-01-23,Electronics,Laptop,South,Direct,17,399.5,6451.92,1338.8
2023-01-23,Home & Garden,Cookware Set,Central,Direct,92,86.19,7929.48,1490.03
2023-01-23,Beauty,Skin Care Kit,East,Wholesale,58,119.93,6955.94,1284.92
2023-01-23,Beauty,Hair Dryer,Central,Retail,14,165.84,2321.76,620.9
2023-01-23,Electronics,Smartwatch,East,Retail,33,400.3,13209.9,3755.89
2023-01-23,Sports,Yoga Mat,West,Wholesale,21,41.84,966.5,286.7
2023-01-23,Clothing,Jacket,Central,Direct,43,341.46,14682.78,5948.7
2023-01-23,Home & Garden,Cookware Set,South,Wholesale,78,437.79,32440.24,6089.36
2023-01-23,Clothing,Sneakers,North,Direct,27,363.63,11781.61,2266.38
2023-01-23,Beauty,Makeup Palette,East,Direct,52,235.69,12255.88,3377.39
2023-01-23,Sports,Bike Helmet,South,Retail,37,11.62,408.44,174.3
2023-01-24,Electronics,Smartwatch,South,Wholesale,69,367.27,24074.55,4791.33
2023-01-24,Beauty,Makeup Palette,East,Direct,89,14.13,1257.57,442.96
2023-01-24,Home & Garden,Bedding Set,North,Wholesale,77,63.28,5847.07,2305.03
2023-01-24,Clothing,Sneakers,Central,Retail,76,465.25,35359.0,7979.44
2023-01-24,Electronics,Smartwatch,East,Wholesale,17,200.82,3413.94,1191.42
2023-01-24,Clothing,Jeans,East,Wholesale,69,228.29,15752.01,5840.5
2023-01-24,Electronics,Smartphone,East,Wholesale,45,372.32,16754.4,4715.44
2023-01-24,Sports,Yoga Mat,West,Direct,66,134.45,9761.07,2320.77
2023-01-24,Home & Garden,Cookware Set,South,Wholesale,52,247.98,12250.21,3613.6
2023-01-24,Clothing,Jacket,East,Wholesale,9,111.92,1007.28,382.01
2023-01-24,Sports,Dumbbell Set,North,Direct,63,61.84,4675.1,1188.17
2023-01-24,Sports,Dumbbell Set,South,Retail,28,95.8,2548.28,1001.92
2023-01-24,Beauty,Fragrance,East,Retail,92,152.57,14036.44,3425.3
2023-01-24,Clothing,T-Shirt,North,Retail,88,70.53,7447.97,2533.32
2023-01-25,Electronics,Laptop,North,Retail,7,347.98,2923.03,803.93
2023-01-25,Clothing,T-Shirt,North,Direct,58,224.89,15652.34,3280.6
2023-01-25,Electronics,Laptop,Central,Retail,84,185.47,15579.48,4997.79
2023-01-25,Clothing,T-Shirt,Central,Wholesale,69,406.13,28022.97,5101.45
2023-01-25,Clothing,Dress,North,Direct,78,258.66,24210.58,10579.82
2023-01-25,Electronics,Smartwatch,East,Direct,66,26.97,1780.02,687.38
2023-01-25,Sports,Yoga Mat,Central,Wholesale,54,424.56,22926.24,5059.92
2023-01-25,Clothing,Jeans,South,Retail,98,89.28,8311.97,2051.51
2023-01-25,Beauty,Fragrance,Central,Wholesale,39,77.91,3038.49,1257.4
2023-01-25,Beauty,Face Serum,South,Retail,4,209.15,794.77,277.66
2023-01-25,Electronics,Laptop,North,Direct,63,72.68,5494.61,926.23
2023-01-25,Home & Garden,Office Chair,North,Wholesale,42,335.68,16918.27,6200.71
2023-01-25,Electronics,Smartphone,East,Direct,16,456.09,7297.44,2021.54
2023-01-26,Sports,Yoga Mat,East,Wholesale,96,241.76,23208.96,9841.27
2023-01-26,Clothing,Jeans,Central,Direct,82,296.83,24340.06,8851.16
2023-01-26,Beauty,Makeup Palette,South,Retail,25,448.89,10661.14,2399.01
2023-01-26,Home & Garden,Lamp,Central,Retail,78,291.2,22713.6,6070.57
2023-01-26,Beauty,Skin Care Kit,South,Direct,88,351.18,29358.65,6362.99
2023-01-26,Beauty,Skin Care Kit,East,Direct,49,455.98,22343.02,8331.5
2023-01-26,Clothing,Sneakers,South,Retail,55,426.07,22262.16,7852.05
2023-01-26,Clothing,Sneakers,East,Direct,54,424.06,22899.24,9683.47
2023-01-26,Beauty,Face Serum,West,Wholesale,68,259.24,19391.15,5878.14
2023-01-26,Clothing,Sneakers,South,Direct,3,111.91,318.94,89.23
2023-01-26,Electronics,Headphones,East,Wholesale,55,323.8,17809.0,3328.98
2023-01-26,Beauty,Skin Care Kit,South,Wholesale,71,57.01,3845.32,639.84
2023-01-26,Clothing,Jeans,North,Direct,61,74.05,5420.46,1135.03
2023-01-26,Clothing,Dress,South,Wholesale,96,84.39,7696.37,1413.22
2023-01-26,Home & Garden,Garden Tools,South,Wholesale,37,476.14,16736.32,4125.13
2023-01-26,Home & Garden,Office Chair,West,Retail,35,358.89,13817.27,5350.37
2023-01-26,Clothing,Jacket,North,Retail,65,299.62,23370.36,9643.74
2023-01-26,Electronics,Smartphone,East,Wholesale,19,104.23,1980.37,300.25
2023-01-26,Clothing,Sneakers,South,Direct,13,131.09,1618.96,337.62
2023-01-26,Clothing,T-Shirt,East,Retail,36,389.11,14007.96,
2023-01-27,Home & Garden,Bedding Set,South,Wholesale,54,21.79,1117.83,344.7
2023-01-27,Sports,Yoga Mat,East,Direct,3,308.18,924.54,300.95
2023-01-27,Clothing,Jeans,East,Wholesale,48,21.6,1036.8,288.49
2023-01-27,Clothing,Jeans,West,Wholesale,3,335.33,1106.59,449.0
2023-01-27,Electronics,Laptop,Central,Direct,40,268.25,10730.0,1866.37
2023-01-27,Clothing,T-Shirt,West,Direct,90,316.23,31306.77,12064.95
2023-01-27,Home & Garden,Garden Tools,East,Retail,91,179.63,16346.33,7005.04
2023-01-28,Sports,Bike Helmet,East,Retail,25,490.58,12264.5,2718.32
2023-01-28,Beauty,Skin Care Kit,North,Retail,2,129.83,311.59,
2023-01-28,Electronics,Tablet,North,Retail,61,452.61,33131.05,5471.16
2023-01-28,Sports,Tennis Racket,East,Direct,89,204.8,18227.2,3894.52
2023-01-28,Sports,Running Shoes,East,Direct,4,135.33,541.32,158.11
2023-01-28,Electronics,Headphones,Central,Wholesale,72,492.71,35475.12,13716.49
2023-01-28,Home & Garden,Lamp,Central,Direct,40,229.07,9162.8,2679.58
2023-01-28,Sports,Running Shoes,East,Retail,43,65.75,2827.25,955.27
2023-01-28,Home & Garden,Garden Tools,Central,Direct,25,275.89,6897.25,2808.86
2023-01-28,Clothing,Jacket,Central,Retail,76,125.17,9512.92,3477.46
2023-01-28,Electronics,Laptop,East,Retail,29,150.72,4370.88,1610.54
2023-01-28,Sports,Bike Helmet,North,Retail,11,465.89,6149.75,1557.64
2023-01-28,Clothing,Jeans,East,Retail,91,222.39,20237.49,7312.97
2023-01-28,Sports,Dumbbell Set,South,Retail,73,202.9,14071.11,6292.48
2023-01-28,Clothing,Dress,West,Wholesale,51,266.48,14949.53,5291.18
2023-01-28,Clothing,T-Shirt,North,Wholesale,24,354.12,10198.66,3744.87
2023-01-28,Home & Garden,Bedding Set,West,Wholesale,40,16.68,733.92,156.9
2023-01-28,Clothing,Jeans,South,Wholesale,50,143.2,6802.0,1633.6
2023-01-28,Sports,Tennis Racket,North,Direct,16,69.59,1336.13,442.24
2023-01-29,Electronics,Headphones,West,Wholesale,81,292.08,26024.33,9511.99
2023-01-29,Beauty,Makeup Palette,East,Wholesale,11,39.26,431.86,175.5
2023-01-29,Electronics,Headphones,North,Direct,21,166.32,4191.26,1351.28
2023-01-29,Electronics,Tablet,South,Direct,44,280.33,11717.79,2308.59
2023-01-29,Home & Garden,Office Chair,North,Wholesale,20,444.34,10664.16,1972.81
2023-01-29,Beauty,Skin Care Kit,South,Wholesale,86,447.3,36544.41,14171.41
2023-01-29,Sports,Tennis Racket,Central,Wholesale,33,297.53,9818.49,4245.48
2023-01-29,Home & Garden,Garden Tools,Central,Direct,47,96.48,4534.56,730.95
2023-01-29,Sports,Running Shoes,East,Retail,67,238.74,15995.58,2702.28
2023-01-29,Home & Garden,Office Chair,Central,Retail,36,477.64,17195.04,3909.48
2023-01-29,Sports,Dumbbell Set,East,Wholesale,67,222.78,14926.26,5108.5
2023-01-29,Electronics,Tablet,East,Retail,81,200.88,16271.28,5783.17
2023-01-29,Home & Garden,Bedding Set,Central,Direct,66,485.06,32013.96,14075.06
2023-01-29,Electronics,Laptop,Central,Direct,60,403.32,24199.2,4109.85
2023-01-29,Home & Garden,Office Chair,West,Direct,35,35.65,1372.53,513.43
2023-01-29,Clothing,Sneakers,East,Wholesale,7,23.36,163.52,35.07
2023-01-29,Beauty,Face Serum,Central,Wholesale,28,145.86,4084.08,1000.09
2023-01-29,Beauty,Hair Dryer,Central,Wholesale,13,71.47,929.11,292.59
2023-01-29,Clothing,Jeans,East,Wholesale,78,308.93,24096.54,10052.99
2023-01-29,Electronics,Smartwatch,South,Wholesale,38,120.05,4333.8,1130.84
2023-01-30,Sports,Running Shoes,South,Direct,75,370.84,26422.35,10706.98
2023-01-30,Sports,Bike Helmet,West,Wholesale,58,84.82,5411.52,2009.61
2023-01-30,Beauty,Makeup Palette,North,Wholesale,11,288.69,3810.71,1108.94
2023-01-30,Home & Garden,Cookware Set,Central,Retail,8,259.2,2073.6,824.04
2023-01-30,Sports,Running Shoes,East,Direct,67,227.78,15261.26,
2023-01-30,Home & Garden,Cookware Set,West,Wholesale,18,402.14,7962.37,2203.79
2023-01-30,Electronics,Laptop,Central,Wholesale,21,413.18,8676.78,2226.51
2023-01-30,Sports,Dumbbell Set,East,Wholesale,37,207.98,7695.26,1342.05
2023-01-30,Beauty,Face Serum,East,Wholesale,19,18.69,355.11,77.66
2023-01-30,Beauty,Skin Care Kit,West,Wholesale,3,395.94,1306.6,479.57
2023-01-30,Sports,Running Shoes,South,Direct,84,27.14,2165.77,517.22
2023-01-30,Sports,Dumbbell Set,West,Wholesale,2,349.86,769.69,211.58
2023-01-30,Home & Garden,Office Chair,West,Retail,23,495.82,12544.25,3424.91
2023-01-30,Clothing,Dress,Central,Retail,56,168.87,9456.72,4248.3
2023-01-30,Home & Garden,Cookware Set,South,Direct,60,157.4,8971.8,3265.5
2023-01-30,Electronics,Headphones,North,Retail,2,385.17,924.41,325.44
2023-01-30,Home & Garden,Bedding Set,North,Retail,47,187.43,10571.05,
2023-01-30,Home & Garden,Office Chair,West,Direct,85,15.37,1437.1,343.51
2023-01-30,Clothing,T-Shirt,North,Wholesale,6,39.91,287.35,79.2
2023-01-30,Electronics,Smartphone,East,Wholesale,78,234.42,18284.76,3053.44
2023-01-30,Beauty,Skin Care Kit,East,Direct,70,450.52,31536.4,5207.81
2023-01-30,Beauty,Hair Dryer,North,Retail,48,132.4,7626.24,3270.86
2023-01-30,Beauty,Hair Dryer,North,Retail,8,377.51,3624.1,643.03
2023-01-31,Home & Garden,Garden Tools,North,Retail,3,153.32,551.95,229.07
2023-01-31,Home & Garden,Garden Tools,West,Wholesale,86,130.69,12363.27,4267.78
2023-01-31,Clothing,T-Shirt,East,Direct,87,202.2,17591.4,7548.57
2023-01-31,Beauty,Skin Care Kit,East,Retail,2,426.21,852.42,327.22
2023-01-31,Sports,Dumbbell Set,East,Wholesale,37,170.56,6310.72,2281.65
2023-01-31,Clothing,T-Shirt,Central,Retail,99,399.71,39571.29,8396.46
2023-01-31,Electronics,Headphones,South,Wholesale,12,218.15,2486.91,865.56
2023-01-31,Electronics,Smartwatch,East,Direct,14,440.66,6169.24,2423.58
2023-01-31,Home & Garden,Office Chair,West,Wholesale,85,129.65,12122.28,3418.11
2023-01-31,Beauty,Fragrance,East,Retail,93,438.87,40814.91,17448.55
2023-01-31,Sports,Yoga Mat,West,Retail,22,203.9,4934.38,1164.46
2023-02-01,Clothing,T-Shirt,South,Direct,67,294.64,18753.84,6342.11
2023-02-01,Electronics,Headphones,Central,Wholesale,83,199.17,16531.11,5879.83
2023-02-01,Electronics,Tablet,Central,Direct,83,396.66,32922.78,10103.95
2023-02-01,Sports,Tennis Racket,Central,Direct,73,397.22,28997.06,5669.22
2023-02-01,Home & Garden,Lamp,North,Retail,18,483.38,10441.01,4579.21
2023-02-01,Electronics,Smartphone,South,Direct,30,381.98,10886.43,4559.52
2023-02-01,Home & Garden,Bedding Set,Central,Direct,41,162.97,6681.77,
2023-02-01,Electronics,Smartphone,North,Wholesale,34,330.82,13497.46,3005.97
2023-02-01,Electronics,Headphones,East,Wholesale,4,209.94,839.76,224.7
2023-02-01,Clothing,Jacket,South,Wholesale,75,118.0,8407.5,1772.74
2023-02-01,Home & Garden,Lamp,Central,Direct,71,28.12,1996.52,479.87
2023-02-01,Clothing,Jacket,North,Direct,36,42.45,1833.84,553.65
2023-02-01,Electronics,Smartphone,East,Direct,64,83.26,5328.64,1943.9
2023-02-01,Electronics,Headphones,East,Wholesale,5,330.47,1652.35,530.74
2023-02-02,Clothing,Jeans,North,Wholesale,48,261.2,15045.12,4466.7
2023-02-02,Sports,Dumbbell Set,North,Wholesale,40,40.32,1935.36,601.28
2023-02-02,Clothing,T-Shirt,West,Wholesale,54,235.68,13999.39,3999.54
2023-02-02,Beauty,Skin Care Kit,East,Retail,49,107.82,5283.18,1537.6
2023-02-02,Electronics,Tablet,North,Direct,36,489.22,21134.3,4668.28
2023-02-02,Home & Garden,Lamp,East,Retail,25,137.09,3427.25,850.56
2023-02-02,Beauty,Makeup Palette,South,Direct,41,265.18,10328.76,3953.66
2023-02-02,Home & Garden,Bedding Set,East,Retail,54,426.05,23006.7,4357.75
2023-02-02,Sports,Tennis Racket,West,Wholesale,34,244.81,9155.89,3685.39
2023-02-02,Home & Garden,Cookware Set,East,Wholesale,9,115.98,1043.82,184.2
2023-02-02,Home & Garden,Bedding Set,North,Wholesale,22,167.84,4430.98,1191.27
2023-02-02,Home & Garden,Office Chair,Central,Direct,20,434.22,8684.4,3019.18
2023-02-02,Sports,Tennis Racket,North,Direct,84,122.48,12345.98,2072.44
2023-02-02,Electronics,Smartphone,South,Wholesale,19,355.76,6421.47,1313.12
2023-02-02,Clothing,T-Shirt,North,Retail,68,187.78,15322.85,3888.47
2023-02-02,Clothing,T-Shirt,North,Direct,88,287.85,30396.96,5264.1
2023-02-02,Sports,Bike Helmet,South,Direct,88,416.52,34821.07,9129.32
2023-02-02,Electronics,Laptop,West,Retail,1,392.78,432.06,175.39
2023-02-02,Electronics,Headphones,Central,Retail,95,485.03,46077.85,
2023-02-02,Sports,Yoga Mat,South,Retail,9,177.95,1521.47,333.35
2023-02-02,Beauty,Hair Dryer,Central,Retail,27,165.99,4481.73,1731.17
2023-02-02,Beauty,Hair Dryer,North,Direct,42,152.42,7681.97,1401.59
2023-02-02,Clothing,Dress,Central,Direct,94,358.42,33691.48,9160.5
2023-02-02,Clothing,Jacket,Central,Direct,18,222.34,4002.12,1618.57
2023-02-02,Beauty,Makeup Palette,West,Direct,30,311.14,10267.62,2125.17
2023-02-02,Sports,Running Shoes,North,Wholesale,80,221.24,21239.04,4522.68
2023-02-02,Sports,Yoga Mat,Central,Wholesale,39,86.11,3358.29,1342.34
2023-02-02,Beauty,Skin Care Kit,East,Retail,49,107.82,5283.18,1537.6
2023-02-03,Electronics,Tablet,North,Retail,93,498.23,55602.47,12318.48
2023-02-03,Home & Garden,Lamp,North,Retail,7,93.67,786.83,341.45
2023-02-03,Electronics,Smartphone,North,Direct,96,304.66,35096.83,13581.21
2023-02-03,Home & Garden,Cookware Set,North,Retail,5,422.15,2532.9,990.59
2023-02-03,Beauty,Fragrance,West,Wholesale,97,319.47,34087.45,5417.75
2023-02-03,Home & Garden,Bedding Set,North,Wholesale,34,254.46,10381.97,3053.55
2023-02-03,Beauty,Hair Dryer,East,Retail,69,131.25,9056.25,2534.47
2023-02-03,Clothing,Sneakers,East,Retail,29,304.04,8817.16,1409.5
2023-02-03,Clothing,T-Shirt,North,Wholesale,56,55.77,3747.74,973.45
2023-02-03,Home & Garden,Bedding Set,North,Retail,55,216.15,14265.9,5321.66
2023-02-03,Sports,Dumbbell Set,North,Wholesale,78,161.91,15154.78,6014.39
2023-02-03,Clothing,Dress,Central,Direct,80,222.98,17838.4,
2023-02-03,Beauty,Skin Care Kit,East,Retail,56,244.35,13683.6,2190.48
2023-02-03,Electronics,Headphones,West,Direct,14,81.95,1262.03,204.72
2023-02-03,Electronics,Smartphone,North,Retail,38,387.2,17656.32,3165.79
2023-02-03,Home & Garden,Office Chair,North,Retail,59,254.2,17997.36,7209.67
2023-02-04,Sports,Yoga Mat,West,Retail,74,153.97,12533.16,4225.01
2023-02-04,Electronics,Smartphone,North,Wholesale,85,448.41,45737.82,11805.26
2023-02-04,Electronics,Laptop,South,Direct,55,212.17,11085.88,2611.95
2023-02-04,Sports,Bike Helmet,South,Retail,22,210.58,4401.12,1581.71
2023-02-04,Clothing,Jacket,South,Retail,4,227.21,863.4,230.25
2023-02-04,Electronics,Laptop,Central,Direct,52,361.09,18776.68,7964.14
2023-02-04,Electronics,Headphones,South,Direct,91,369.59,31951.06,7035.86
2023-02-04,Sports,Yoga Mat,North,Wholesale,34,439.04,17912.83,7959.2
2023-02-04,Electronics,Smartwatch,West,Retail,19,191.03,3992.53,1319.36
2023-02-04,Beauty,Fragrance,Central,Direct,23,486.02,11178.46,3718.06
2023-02-05,Beauty,Face Serum,Central,Wholesale,89,291.87,25976.43,7370.39
2023-02-05,Sports,Yoga Mat,West,Direct,21,271.4,6269.34,1196.91
2023-02-05,Beauty,Makeup Palette,West,Wholesale,72,428.63,33947.5,10252.33
2023-02-05,Clothing,Jacket,Central,Retail,13,96.85,1259.05,235.75
2023-02-05,Beauty,Hair Dryer,South,Retail,61,331.53,19212.16,4981.0
2023-02-05,Clothing,T-Shirt,Central,Retail,45,182.02,8190.9,1607.48
2023-02-05,Clothing,Jacket,North,Wholesale,77,174.26,16101.62,6243.03
2023-02-05,Clothing,Sneakers,West,Direct,24,89.51,2363.06,938.78
2023-02-05,Beauty,Skin Care Kit,South,Wholesale,51,496.8,24069.96,4637.33
2023-02-05,Beauty,Skin Care Kit,Central,Direct,77,111.49,8584.73,2011.52
2023-02-05,Sports,Running Shoes,North,Wholesale,10,41.55,498.6,175.82
2023-02-05,Electronics,Laptop,West,Retail,74,497.65,40508.71,10420.51
2023-02-05,Electronics,Headphones,South,Direct,23,26.46,578.15,247.36
2023-02-05,Beauty,Hair Dryer,North,Direct,46,343.23,18946.3,5245.69
2023-02-05,Beauty,Hair Dryer,East,Direct,89,238.01,21182.89,8758.64
2023-02-05,Electronics,Laptop,North,Wholesale,59,39.87,2822.8,715.45
2023-02-05,Home & Garden,Bedding Set,East,Direct,17,305.33,5190.61,1091.65
2023-02-05,Sports,Dumbbell Set,South,Wholesale,15,112.67,1605.55,
2023-02-05,Sports,Yoga Mat,Central,Retail,84,499.64,41969.76,9722.91
2023-02-05,Clothing,Jeans,North,Wholesale,78,350.31,32789.02,6012.29
2023-02-05,Sports,Bike Helmet,South,Wholesale,20,195.82,3720.58,1226.2
2023-02-05,Clothing,Dress,East,Direct,42,132.43,5562.06,2045.34
2023-02-05,Electronics,Smartphone,North,Retail,11,455.74,6015.77,1143.52
2023-02-05,Beauty,Makeup Palette,West,Direct,26,391.53,11197.76,3180.39
2023-02-05,Clothing,Sneakers,West,Wholesale,26,35.63,1019.02,279.74
2023-02-05,Electronics,Smartwatch,North,Wholesale,31,61.26,2278.87,553.11
2023-02-05,Beauty,Fragrance,South,Retail,22,438.26,9159.63,1434.71
2023-02-05,Electronics,Smartwatch,South,Direct,57,20.14,1090.58,445.23
2023-02-05,Home & Garden,Office Chair,North,Wholesale,19,385.5,8789.4,3517.29
2023-02-06,Home & Garden,Bedding Set,Central,Direct,82,163.57,13412.74,3575.73
2023-02-06,Electronics,Smartphone,South,Wholesale,67,307.39,19565.37,4042.09
2023-02-06,Electronics,Smartphone,North,Retail,97,476.31,55442.48,9248.44
2023-02-06,Sports,Dumbbell Set,South,Retail,26,154.47,3815.41,1521.72
2023-02-06,Clothing,Jacket,East,Retail,54,270.88,14627.52,3581.88
2023-02-06,Sports,Bike Helmet,South,Retail,35,175.28,5828.06,912.12
2023-02-06,Beauty,Hair Dryer,South,Wholesale,83,406.69,32067.51,8417.71
2023-02-06,Clothing,Jacket,North,Wholesale,35,402.98,16925.16,7251.44
2023-02-06,Clothing,T-Shirt,South,Wholesale,51,232.0,11240.4,1698.85
2023-02-06,Electronics,Smartwatch,West,Retail,15,94.03,1551.5,452.53
2023-02-06,Beauty,Makeup Palette,South,Wholesale,54,417.74,21430.06,4602.11
2023-02-06,Sports,Tennis Racket,Central,Wholesale,15,242.21,3633.15,1271.46
2023-02-06,Sports,Dumbbell Set,North,Wholesale,88,438.19,46272.86,11492.76
2023-02-06,Home & Garden,Garden Tools,North,Wholesale,25,116.98,3509.4,733.88
2023-02-06,Electronics,Headphones,East,Wholesale,2,173.24,346.48,122.59
2023-02-06,Home & Garden,Cookware Set,West,Wholesale,19,319.26,6672.53,2560.96
2023-02-06,Electronics,Tablet,East,Retail,72,466.08,33557.76,6900.19
2023-02-06,Beauty,Hair Dryer,East,Direct,29,347.42,10075.18,1579.44
2023-02-06,Sports,Dumbbell Set,North,Direct,99,476.62,56622.46,22523.28
2023-02-06,Electronics,Headphones,Central,Wholesale,1,450.33,450.33,134.67
2023-02-06,Electronics,Smartwatch,East,Retail,66,419.75,27703.5,10013.39
2023-02-07,Home & Garden,Bedding Set,Central,Wholesale,32,169.68,5429.76,1271.05
2023-02-07,Clothing,T-Shirt,North,Retail,33,309.32,12249.07,2526.53
2023-02-07,Clothing,Jeans,Central,Wholesale,90,118.19,10637.1,1756.78
2023-02-07,Beauty,Hair Dryer,East,Wholesale,26,51.36,1335.36,347.57
2023-02-07,Beauty,Skin Care Kit,West,Wholesale,78,119.66,10266.83,2413.82
2023-02-07,Clothing,Jacket,South,Wholesale,94,433.25,38689.22,9672.13
2023-02-07,Home & Garden,Garden Tools,East,Wholesale,17,304.71,5180.07,2234.9
2023-02-07,Sports,Dumbbell Set,West,Retail,7,172.02,1324.55,521.58
2023-02-07,Electronics,Smartwatch,South,Direct,32,308.14,9367.46,3394.82
2023-02-07,Home & Garden,Garden Tools,South,Retail,90,151.88,12985.74,2545.78
2023-02-07,Beauty,Fragrance,North,Wholesale,82,59.37,5842.01,1001.39
2023-02-07,Sports,Running Shoes,West,Retail,43,425.01,20102.97,5198.26
2023-02-07,Sports,Running Shoes,East,Retail,61,66.68,4067.48,1074.77
2023-02-07,Beauty,Face Serum,Central,Retail,83,368.82,30612.06,8995.53
2023-02-07,Home & Garden,Office Chair,South,Wholesale,74,88.27,6205.38,1454.57
2023-02-07,Clothing,Jacket,North,Wholesale,57,88.5,6053.4,1748.89
2023-02-07,Home & Garden,Office Chair,East,Wholesale,18,167.01,3006.18,952.79
2023-02-07,Sports,Tennis Racket,East,Wholesale,69,309.67,21367.23,5646.68
2023-02-08,Sports,Yoga Mat,Central,Retail,13,257.66,3349.58,1142.76
2023-02-08,Beauty,Face Serum,Central,Retail,12,118.82,1425.84,337.83
2023-02-08,Clothing,Jeans,Central,Retail,46,100.48,4622.08,
2023-02-08,Home & Garden,Bedding Set,East,Wholesale,89,491.89,43778.21,16924.87
2023-02-08,Home & Garden,Lamp,West,Wholesale,58,24.85,1585.43,386.59
2023-02-08,Beauty,Face Serum,North,Direct,34,19.51,796.01,169.04
2023-02-08,Home & Garden,Lamp,East,Wholesale,87,377.41,32834.67,
2023-02-08,Sports,Yoga Mat,East,Direct,25,354.2,8855.0,2128.4
2023-02-08,Beauty,Fragrance,Central,Wholesale,81,95.19,7710.39,1175.03
2023-02-08,Clothing,Sneakers,Central,Direct,46,204.04,9385.84,3179.76
2023-02-09,Home & Garden,Garden Tools,North,Wholesale,74,341.54,30328.75,8004.01
2023-02-09,Clothing,T-Shirt,South,Retail,42,141.71,5654.23,1834.79
2023-02-09,Home & Garden,Cookware Set,South,Retail,99,275.97,25954.98,6521.44
2023-02-09,Electronics,Smartphone,West,Direct,68,401.43,30026.96,10607.25
2023-02-09,Electronics,Tablet,South,Retail,96,32.82,2993.18,513.81
2023-02-09,Clothing,Dress,East,Direct,76,164.39,12493.64,4530.99
2023-02-09,Electronics,Tablet,Central,Retail,69,378.83,26139.27,8274.96
2023-02-09,Home & Garden,Garden Tools,East,Wholesale,54,306.7,16561.8,3188.65
2023-02-09,Beauty,Makeup Palette,Central,Wholesale,56,110.93,6212.08,2592.03
2023-02-09,Home & Garden,Garden Tools,West,Retail,62,418.49,28541.02,12730.03
2023-02-09,Sports,Yoga Mat,North,Direct,2,231.48,555.55,84.43
2023-02-09,Clothing,Dress,South,Direct,94,367.16,32787.39,7343.2
2023-02-09,Beauty,Makeup Palette,East,Wholesale,47,57.34,2694.98,973.93
2023-02-09,Clothing,Jacket,South,Wholesale,11,335.51,3506.08,985.71
2023-02-09,Clothing,Sneakers,West,Direct,27,102.17,3034.45,612.84
2023-02-09,Sports,Running Shoes,South,Wholesale,6,84.33,480.68,204.16
2023-02-09,Sports,Tennis Racket,Central,Direct,16,195.39,3126.24,513.35
2023-02-09,Sports,Yoga Mat,West,Wholesale,39,249.74,10713.85,3260.58
2023-02-10,Electronics,Smartwatch,West,Wholesale,87,405.39,38795.82,14237.45
2023-02-10,Sports,Running Shoes,North,Retail,22,399.25,10540.2,3429.88
2023-02-10,Clothing,Jeans,Central,Direct,26,492.76,12811.76,5143.21
2023-02-10,Beauty,Fragrance,Central,Retail,87,85.75,7460.25,1469.04
2023-02-10,Clothing,T-Shirt,North,Retail,13,16.94,264.26,49.52
2023-02-10,Sports,Yoga Mat,Central,Retail,7,490.36,3432.52,1410.86
2023-02-10,Electronics,Laptop,North,Wholesale,93,168.42,18795.67,4523.04
2023-02-10,Home & Garden,Cookware Set,South,Wholesale,29,332.19,9151.83,1453.27
2023-02-10,Electronics,Tablet,South,Direct,58,467.71,25770.82,5887.79
2023-02-10,Sports,Running Shoes,West,Wholesale,34,344.66,12890.28,4266.14
2023-02-10,Sports,Bike Helmet,Central,Direct,8,308.04,2464.32,631.43
2023-02-10,Clothing,Jacket,North,Wholesale,32,365.61,14039.42,5289.48
2023-02-10,Clothing,Jacket,West,Wholesale,5,228.38,1256.09,365.46
2023-02-10,Clothing,Dress,North,Direct,93,140.79,15712.16,5637.65
2023-02-10,Clothing,Jeans,Central,Wholesale,54,52.75,2848.5,1177.21
2023-02-10,Electronics,Smartphone,West,Retail,28,72.57,2235.16,609.46
2023-02-11,Clothing,Jacket,West,Retail,32,350.86,12350.27,4460.06
2023-02-11,Clothing,Jacket,East,Wholesale,78,386.81,30171.18,13168.44
2023-02-11,Beauty,Makeup Palette,East,Retail,19,360.79,6855.01,2124.01
2023-02-11,Electronics,Smartphone,South,Direct,38,260.57,9406.58,1729.01
2023-02-11,Clothing,Jacket,Central,Retail,6,180.36,1082.16,462.77
2023-02-11,Home & Garden,Bedding Set,South,Wholesale,60,92.47,5270.79,1442.81
2023-02-11,Clothing,Dress,East,Retail,18,372.84,6711.12,2783.38
2023-02-11,Clothing,Dress,East,Retail,47,250.1,11754.7,2893.75
2023-02-11,Home & Garden,Cookware Set,South,Direct,40,103.68,3939.84,1646.2
2023-02-11,Beauty,Face Serum,West,Wholesale,39,23.34,1001.29,226.15
2023-02-11,Home & Garden,Office Chair,Central,Retail,83,43.66,3623.78,1134.32
2023-02-11,Clothing,Jeans,West,Retail,86,141.58,13393.47,3316.88
2023-02-11,Clothing,Dress,Central,Direct,45,243.14,10941.3,2125.1
2023-02-11,Sports,Dumbbell Set,Central,Retail,78,381.28,29739.84,12390.78
2023-02-11,Home & Garden,Bedding Set,East,Retail,62,462.6,28681.2,8278.67
2023-02-11,Beauty,Fragrance,East,Retail,68,278.07,18908.76,6779.1
2023-02-11,Beauty,Fragrance,South,Direct,81,220.75,16986.71,7490.5
2023-02-11,Sports,Bike Helmet,Central,Wholesale,43,477.73,20542.39,6538.56
2023-02-11,Sports,Dumbbell Set,Central,Retail,30,125.21,3756.3,1109.22
2023-02-12,Home & Garden,Garden Tools,Central,Wholesale,89,108.42,9649.38,2356.91
2023-02-12,Beauty,Skin Care Kit,North,Direct,34,115.71,4720.97,2014.79
2023-02-12,Home & Garden,Cookware Set,Central,Wholesale,97,415.3,40284.1,10906.8
2023-02-12,Home & Garden,Garden Tools,Central,Retail,3,150.56,451.68,185.14
2023-02-12,Clothing,Jeans,North,Direct,93,172.19,19216.4,4304.09
2023-02-12,Sports,Yoga Mat,Central,Direct,55,26.3,1446.5,385.0
2023-02-12,Electronics,Headphones,South,Direct,22,460.73,9629.26,4210.8
2023-02-12,Sports,Yoga Mat,North,Direct,96,66.63,7675.78,1905.45
2023-02-12,Beauty,Skin Care Kit,Central,Direct,35,228.99,8014.65,1570.84
2023-02-12,Beauty,Hair Dryer,Central,Retail,72,277.81,20002.32,3430.14
2023-02-12,Electronics,Laptop,North,Wholesale,24,38.38,1105.34,230.75
2023-02-12,Clothing,Jacket,East,Retail,74,158.29,11713.46,3986.6
2023-02-12,Beauty,Fragrance,South,Wholesale,48,318.56,14526.34,5181.81
2023-02-12,Home & Garden,Office Chair,Central,Wholesale,35,315.11,11028.85,3171.08
2023-02-12,Electronics,Laptop,South,Wholesale,19,425.11,7673.24,2007.75
2023-02-12,Sports,Dumbbell Set,South,Retail,4,32.09,121.94,30.21
2023-02-12,Home & Garden,Lamp,North,Direct,65,64.49,5030.22,867.36
2023-02-13,Clothing,Jeans,North,Wholesale,61,290.01,21228.73,3498.35
2023-02-13,Sports,Yoga Mat,West,Retail,33,97.23,3529.45,1551.25
2023-02-13,Sports,Running Shoes,South,Direct,1,495.63,470.85,133.59
2023-02-13,Sports,Bike Helmet,South,Retail,89,227.26,19214.83,3656.85
2023-02-13,Sports,Running Shoes,East,Wholesale,64,336.1,21510.4,6599.85
2023-02-13,Home & Garden,Office Chair,North,Direct,66,147.37,11671.7,3427.67
2023-02-13,Electronics,Headphones,East,Direct,39,444.34,17329.26,3969.22
2023-02-13,Home & Garden,Office Chair,East,Retail,87,345.98,30100.26,5266.39
2023-02-13,Beauty,Skin Care Kit,South,Retail,77,99.34,7266.72,3015.06
2023-02-13,Sports,Tennis Racket,East,Retail,72,204.6,14731.2,2874.66
2023-02-13,Electronics,Headphones,Central,Direct,74,199.73,14780.02,2278.07
2023-02-13,Sports,Tennis Racket,West,Retail,30,317.18,10466.94,1582.81
2023-02-13,Beauty,Makeup Palette,West,Direct,59,224.93,14597.96,3868.78
2023-02-13,Electronics,Smartwatch,South,Retail,49,331.63,15437.38,6760.7
2023-02-13,Home & Garden,Lamp,South,Wholesale,22,103.08,2154.37,834.32
2023-02-13,Electronics,Smartwatch,Central,Wholesale,34,64.22,2183.48,801.5
2023-02-13,Beauty,Hair Dryer,East,Retail,53,375.19,19885.07,3985.82
2023-02-13,Sports,Yoga Mat,North,Wholesale,11,206.99,2732.27,685.87
2023-02-13,Electronics,Smartwatch,East,Wholesale,92,10.73,987.16,330.53
2023-02-13,Clothing,Dress,South,Retail,78,249.27,18470.91,3703.0
2023-02-13,Electronics,Headphones,West,Retail,2,429.65,945.23,342.37
2023-02-14,Electronics,Smartphone,East,Direct,16,401.68,6426.88,1806.5
2023-02-14,Home & Garden,Cookware Set,East,Direct,87,227.71,19810.77,6577.75
2023-02-14,Electronics,Tablet,East,Wholesale,49,494.98,24254.02,8238.07
2023-02-14,Sports,Tennis Racket,North,Wholesale,90,275.68,29773.44,7708.28
2023-02-14,Clothing,Dress,South,Direct,40,478.42,18179.96,6457.03
2023-02-14,Electronics,Smartphone,North,Direct,85,299.69,30568.38,7648.86
2023-02-14,Electronics,Smartphone,Central,Direct,54,322.44,17411.76,7126.08
2023-02-14,Electronics,Headphones,South,Retail,63,385.69,23083.55,4364.66
2023-02-14,Clothing,Sneakers,North,Direct,53,496.01,31546.24,8266.85
2023-02-14,Sports,Tennis Racket,South,Wholesale,66,211.91,13286.76,3219.64
2023-02-14,Clothing,Sneakers,South,Wholesale,49,71.5,3328.32,1490.05
2023-02-14,Beauty,Face Serum,South,Direct,55,189.2,9885.7,3747.49
2023-02-14,Beauty,Face Serum,West,Wholesale,46,176.91,8951.65,3848.94
2023-02-14,Electronics,Smartphone,West,Wholesale,32,186.83,6576.42,2955.17
2023-02-14,Beauty,Face Serum,South,Direct,41,252.04,9816.96,3904.91
2023-02-15,Electronics,Headphones,South,Direct,34,353.62,11421.93,2291.54
2023-02-15,Home & Garden,Office Chair,North,Wholesale,19,190.96,4353.89,1718.8
2023-02-15,Home & Garden,Bedding Set,North,Direct,39,18.94,886.39,160.02
2023-02-15,Beauty,Skin Care Kit,North,Wholesale,54,68.44,4434.91,1065.31
2023-02-15,Home & Garden,Lamp,Central,Direct,99,293.42,29048.58,6010.38
2023-02-15,Beauty,Hair Dryer,West,Wholesale,83,331.46,30262.3,11214.44
2023-02-15,Beauty,Hair Dryer,East,Retail,6,344.17,2065.02,736.45
2023-02-15,Beauty,Hair Dryer,North,Retail,81,306.53,29794.72,7480.51
2023-02-15,Sports,Tennis Racket,North,Retail,59,291.97,20671.48,8148.83
2023-02-15,Sports,Bike Helmet,West,Retail,82,183.62,16562.52,2588.22
2023-02-15,Sports,Bike Helmet,East,Wholesale,65,243.71,15841.15,3173.63
2023-02-15,Clothing,Jeans,South,Retail,74,210.6,14805.18,6242.74
2023-02-15,Sports,Running Shoes,North,Wholesale,52,180.55,11266.32,2137.22
2023-02-15,Electronics,Tablet,Central,Wholesale,82,30.49,2500.18,1118.95
2023-02-15,Electronics,Smartphone,South,Retail,90,457.02,39075.21,13570.73
2023-02-15,Home & Garden,Bedding Set,East,Retail,98,381.74,37410.52,15727.41
2023-02-16,Electronics,Smartwatch,South,Wholesale,4,327.94,1246.17,369.54
2023-02-16,Home & Garden,Lamp,Central,Wholesale,19,19.36,367.84,163.66
2023-02-16,Electronics,Headphones,East,Direct,22,290.09,6381.98,2812.61
2023-02-16,Sports,Tennis Racket,Central,Wholesale,46,206.39,9493.94,1807.09
2023-02-16,Beauty,Skin Care Kit,South,Wholesale,10,348.09,3306.85,1452.07
2023-02-16,Home & Garden,Lamp,West,Wholesale,73,91.39,7338.62,2775.08
2023-02-16,Clothing,Jacket,West,Direct,2,249.51,548.92,123.15
2023-02-16,Sports,Dumbbell Set,Central,Direct,30,292.6,8778.0,3665.54
2023-02-16,Sports,Tennis Racket,East,Direct,94,253.11,23792.34,5310.53
2023-02-16,Clothing,Jeans,North,Direct,44,240.37,12691.54,5362.9
2023-02-16,Sports,Bike Helmet,West,Retail,8,325.87,2867.66,1000.1
2023-02-16,Home & Garden,Office Chair,South,Direct,27,187.59,4811.68,883.48
2023-02-16,Home & Garden,Bedding Set,East,Retail,92,89.16,8202.72,2710.36
2023-02-16,Sports,Yoga Mat,West,Direct,90,465.6,46094.4,12276.07
2023-02-16,Clothing,T-Shirt,North,Retail,9,33.14,357.91,92.49
2023-02-16,Electronics,Smartwatch,South,Retail,21,90.41,1803.68,491.21
2023-02-16,Home & Garden,Garden Tools,South,Direct,17,332.12,5363.74,953.02
2023-02-16,Clothing,Sneakers,South,Retail,19,100.28,1810.05,653.07
2023-02-17,Beauty,Hair Dryer,West,Wholesale,16,239.66,4218.02,1017.5
2023-02-17,Sports,Bike Helmet,North,Direct,82,399.35,39296.04,14958.64
2023-02-17,Sports,Tennis Racket,Central,Retail,90,93.31,8397.9,2242.39
2023-02-17,Clothing,Dress,East,Direct,19,424.09,8057.71,2361.37
2023-02-17,Clothing,Dress,West,Direct,33,466.27,16925.6,7128.35
2023-02-17,Home & Garden,Bedding Set,Central,Wholesale,65,261.61,17004.65,5206.34
2023-02-17,Sports,Dumbbell Set,West,Retail,11,434.0,5251.4,1159.86
2023-02-17,Home & Garden,Cookware Set,South,Direct,15,380.19,5417.71,1505.85
2023-02-17,Home & Garden,Lamp,East,Direct,60,111.31,6678.6,2231.27
2023-02-17,Electronics,Smartwatch,East,Direct,23,311.91,7173.93,1422.25
2023-02-17,Electronics,Tablet,South,Retail,21,393.77,7855.71,3235.02
2023-02-17,Electronics,Headphones,East,Direct,42,225.42,9467.64,2318.3
2023-02-17,Sports,Yoga Mat,West,Retail,34,82.31,3078.39,1021.86
2023-02-17,Beauty,Face Serum,Central,Retail,24,342.67,8224.08,2896.45
2023-02-18,Sports,Running Shoes,South,Retail,22,474.56,9918.3,4219.86
2023-02-18,Clothing,Jacket,East,Retail,26,175.93,4574.18,1502.56
2023-02-18,Electronics,Headphones,East,Direct,44,120.49,5301.56,1472.33
2023-02-18,Sports,Dumbbell Set,West,Retail,98,214.39,23111.24,8751.46
2023-02-18,Clothing,Jeans,North,Direct,21,24.69,622.19,131.42
2023-02-18,Beauty,Fragrance,South,Wholesale,29,333.01,9174.43,3421.65
2023-02-18,Electronics,Smartphone,East,Retail,23,356.3,8194.9,1711.53
2023-02-18,Clothing,Dress,Central,Direct,54,428.08,23116.32,9887.98
2023-02-18,Clothing,Sneakers,West,Wholesale,36,420.48,16651.01,3485.36
2023-02-18,Clothing,T-Shirt,North,Direct,24,382.66,11020.61,1748.95
2023-02-18,Sports,Bike Helmet,South,Wholesale,16,269.51,4096.55,
2023-02-18,Electronics,Laptop,West,Retail,8,317.33,2792.5,987.5
2023-02-18,Home & Garden,Lamp,East,Wholesale,24,185.89,4461.36,726.5
2023-02-18,Electronics,Laptop,North,Wholesale,21,175.28,4417.06,
2023-02-18,Clothing,Dress,Central,Wholesale,29,92.35,2678.15,487.98
2023-02-18,Sports,Running Shoes,Central,Wholesale,56,205.02,11481.12,5141.75
2023-02-18,Sports,Yoga Mat,Central,Retail,52,345.74,17978.48,6179.29
2023-02-18,Sports,Tennis Racket,West,Wholesale,10,436.72,4803.92,799.57
2023-02-18,Beauty,Fragrance,South,Wholesale,13,20.61,254.53,54.58
2023-02-18,Clothing,Dress,North,Retail,2,62.98,151.15,57.01
2023-02-18,Beauty,Hair Dryer,North,Wholesale,45,177.68,9594.72,2844.31
2023-02-18,Beauty,Hair Dryer,Central,Wholesale,41,33.8,1385.8,239.18
2023-02-18,Electronics,Tablet,North,Wholesale,7,414.02,3477.77,1191.12
2023-02-18,Home & Garden,Cookware Set,East,Direct,61,43.99,2683.39,753.57
2023-02-18,Home & Garden,Garden Tools,South,Retail,46,159.11,6953.11,2797.14
2023-02-19,Sports,Dumbbell Set,West,Retail,91,323.67,32399.37,7673.94
2023-02-19,Sports,Running Shoes,East,Retail,66,157.28,10380.48,4586.39
2023-02-19,Sports,Bike Helmet,North,Direct,52,431.84,26946.82,8055.46
2023-02-19,Clothing,Jacket,South,Retail,62,333.63,19650.81,4809.04
2023-02-19,Sports,Dumbbell Set,North,Direct,98,31.99,3762.02,1470.17
2023-02-19,Home & Garden,Bedding Set,East,Retail,98,433.33,42466.34,9619.5
2023-02-19,Electronics,Headphones,South,Retail,50,337.68,16039.8,3298.6
2023-02-19,Beauty,Hair Dryer,West,Wholesale,65,370.54,26493.61,11048.43
2023-02-19,Home & Garden,Lamp,East,Wholesale,12,51.66,619.92,203.3
2023-02-19,Electronics,Laptop,East,Wholesale,70,236.7,16569.0,6076.29
2023-02-19,Sports,Tennis Racket,East,Wholesale,99,209.41,20731.59,3685.93
2023-02-19,Electronics,Headphones,South,Wholesale,70,12.19,810.63,225.25
2023-02-19,Sports,Tennis Racket,South,Retail,37,73.84,2595.48,996.72
2023-02-19,Clothing,Sneakers,West,Retail,83,296.34,27055.84,9222.11
2023-02-20,Clothing,Jacket,South,Direct,34,462.0,14922.6,4551.28
2023-02-20,Clothing,Jeans,East,Wholesale,13,457.94,5953.22,1054.49
2023-02-20,Electronics,Headphones,South,Wholesale,10,350.52,3329.94,805.73
2023-02-20,Beauty,Skin Care Kit,Central,Direct,59,57.69,3403.71,1138.68
2023-02-20,Sports,Bike Helmet,East,Wholesale,83,24.1,2000.3,737.19
2023-02-20,Sports,Tennis Racket,West,Wholesale,54,72.45,4303.53,1780.35
2023-02-20,Clothing,Dress,Central,Retail,2,342.99,685.98,203.74
2023-02-20,Beauty,Makeup Palette,East,Retail,3,66.61,199.83,34.97
2023-02-20,Beauty,Makeup Palette,West,Wholesale,65,292.37,20904.46,3805.08
2023-02-20,Clothing,T-Shirt,South,Wholesale,94,46.33,4137.27,1751.57
2023-02-20,Beauty,Skin Care Kit,East,Direct,35,130.92,4582.2,1737.33
2023-02-20,Clothing,Dress,East,Direct,43,108.21,4653.03,835.88
2023-02-20,Electronics,Headphones,East,Wholesale,56,181.99,10191.44,4395.05
2023-02-20,Beauty,Makeup Palette,East,Wholesale,99,415.45,41129.55,11614.42
2023-02-20,Electronics,Headphones,North,Direct,91,263.27,28749.08,10953.43
2023-02-20,Beauty,Hair Dryer,North,Direct,96,274.89,31667.33,11774.42
2023-02-20,Clothing,Sneakers,Central,Retail,9,191.6,1724.4,298.7
2023-02-20,Clothing,Dress,East,Direct,73,333.56,24349.88,4264.91
2023-02-21,Beauty,Fragrance,Central,Retail,74,241.61,17879.14,6890.37
2023-02-21,Beauty,Skin Care Kit,South,Retail,14,90.54,1204.18,348.99
2023-02-21,Sports,Dumbbell Set,North,Direct,25,226.44,6793.2,2880.52
2023-02-21,Sports,Tennis Racket,North,Retail,72,379.01,32746.46,11721.53
2023-02-21,Beauty,Fragrance,East,Wholesale,82,430.38,35291.16,15324.71
2023-02-21,Home & Garden,Garden Tools,South,Retail,73,401.22,27824.61,8413.78
2023-02-21,Sports,Running Shoes,North,Direct,71,197.39,16817.63,4431.26
2023-02-21,Home & Garden,Office Chair,Central,Wholesale,71,318.25,22595.75,6691.15
2023-02-21,Sports,Yoga Mat,Central,Direct,65,484.62,31500.3,13112.38
2023-02-21,Beauty,Makeup Palette,West,Retail,15,68.57,1131.4,347.58
2023-02-21,Home & Garden,Garden Tools,North,Wholesale,59,55.67,3941.44,595.62
2023-02-21,Sports,Bike Helmet,West,Wholesale,73,147.11,11812.93,4449.24
2023-02-21,Clothing,Jeans,East,Direct,84,466.79,39210.36,16704.38
2023-02-21,Electronics,Tablet,West,Direct,88,18.82,1821.78,475.59
2023-02-21,Electronics,Smartphone,Central,Wholesale,35,19.26,674.1,180.26
2023-02-21,Sports,Tennis Racket,Central,Wholesale,96,368.89,35413.44,11316.4
2023-02-21,Beauty,Hair Dryer,East,Direct,48,242.21,11626.08,4256.67
2023-02-22,Electronics,Laptop,West,Wholesale,74,353.46,28771.64,10231.37
2023-02-22,Clothing,T-Shirt,West,Direct,73,284.33,22831.7,9846.37
2023-02-22,Clothing,Jacket,West,Wholesale,79,252.57,21948.33,5365.69
2023-02-22,Electronics,Tablet,North,Wholesale,64,349.41,26834.69,10604.69
2023-02-22,Beauty,Hair Dryer,South,Direct,24,89.4,2038.32,826.12
2023-02-22,Electronics,Laptop,North,Direct,96,135.21,15576.19,4694.4
2023-02-22,Electronics,Headphones,South,Retail,17,400.9,6474.53,1863.1
2023-02-22,Beauty,Fragrance,East,Retail,99,473.18,46844.82,18446.08
2023-02-22,Sports,Tennis Racket,South,Direct,51,356.0,17248.2,5530.86
2023-02-22,Electronics,Laptop,East,Wholesale,70,377.07,26394.9,8747.67
2023-02-22,Home & Garden,Lamp,Central,Direct,65,210.76,13699.4,2577.87
2023-02-23,Sports,Tennis Racket,West,Direct,38,417.33,17444.39,2978.59
2023-02-23,Home & Garden,Bedding Set,West,Retail,40,324.11,14260.84,4656.06
2023-02-23,Clothing,Dress,East,Wholesale,37,177.37,6562.69,1216.65
2023-02-23,Sports,Tennis Racket,North,Retail,38,141.28,6442.37,1382.09
2023-02-23,Home & Garden,Bedding Set,Central,Direct,83,77.74,6452.42,1577.35
2023-02-23,Sports,Dumbbell Set,Central,Direct,79,293.9,23218.1,6665.81
2023-02-23,Electronics,Laptop,Central,Wholesale,50,83.8,4190.0,1019.09
2023-02-23,Sports,Yoga Mat,East,Direct,11,400.78,4408.58,1788.19
2023-02-23,Beauty,Fragrance,Central,Wholesale,21,280.82,5897.22,1553.59
2023-02-23,Home & Garden,Bedding Set,West,Direct,5,177.65,977.08,271.7
2023-02-23,Sports,Yoga Mat,South,Direct,68,421.74,27244.4,12196.36
2023-02-23,Beauty,Hair Dryer,North,Direct,31,103.48,3849.46,657.31
2023-02-23,Home & Garden,Cookware Set,West,Retail,53,382.08,22275.26,4985.81
2023-02-23,Sports,Running Shoes,Central,Direct,93,234.97,21852.21,9147.06
2023-02-24,Electronics,Headphones,South,Wholesale,5,479.47,2277.48,514.53
2023-02-24,Home & Garden,Lamp,West,Wholesale,37,120.94,4922.26,2039.17
2023-02-24,Home & Garden,Office Chair,North,Retail,80,72.44,6954.24,2308.87
2023-02-24,Home & Garden,Lamp,South,Direct,30,163.39,4656.61,862.7
2023-02-24,Home & Garden,Cookware Set,Central,Direct,33,166.35,5489.55,2040.9
2023-02-24,Sports,Bike Helmet,South,Retail,58,131.25,7231.88,1420.31
2023-02-24,Home & Garden,Lamp,South,Direct,63,236.88,14177.27,2388.54
2023-02-24,Home & Garden,Garden Tools,North,Retail,34,488.33,19923.86,8580.09
2023-02-24,Beauty,Hair Dryer,East,Retail,98,463.75,45447.5,17672.53
2023-02-24,Sports,Tennis Racket,East,Retail,89,427.65,38060.85,12335.56
2023-02-24,Sports,Dumbbell Set,Central,Direct,42,209.86,8814.12,3215.04
2023-02-24,Sports,Dumbbell Set,Central,Retail,16,395.95,6335.2,1554.78
2023-02-24,Sports,Running Shoes,West,Direct,1,329.2,362.12,129.23
2023-02-24,Home & Garden,Bedding Set,North,Wholesale,63,226.83,17148.35,4217.3
2023-02-24,Beauty,Makeup Palette,South,Wholesale,2,388.34,737.85,225.94
2023-02-25,Beauty,Skin Care Kit,Central,Wholesale,72,285.22,20535.84,7208.16
2023-02-25,Electronics,Smartphone,Central,Retail,94,323.5,30409.0,5910.6
2023-02-25,Clothing,Jacket,West,Retail,75,330.02,27226.65,12041.65
2023-02-25,Electronics,Smartphone,South,Retail,42,383.69,15309.23,3571.95
2023-02-25,Home & Garden,Bedding Set,North,Direct,40,249.48,11975.04,4122.56
2023-02-25,Home & Garden,Bedding Set,South,Retail,3,421.55,1201.42,335.41
2023-02-25,Sports,Dumbbell Set,East,Direct,99,41.88,4146.12,990.95
2023-02-25,Home & Garden,Cookware Set,West,Wholesale,81,87.44,7790.9,3160.22
2023-02-25,Beauty,Skin Care Kit,South,Retail,30,275.14,7841.49,2485.26
2023-02-25,Beauty,Skin Care Kit,North,Retail,90,480.45,51888.6,14601.67
2023-02-25,Home & Garden,Bedding Set,Central,Direct,14,398.59,5580.26,2124.34
2023-02-25,Clothing,Dress,North,Retail,94,189.91,21421.85,9188.88
2023-02-25,Beauty,Face Serum,West,Retail,52,318.3,18206.76,4957.72
2023-02-25,Electronics,Tablet,South,Wholesale,1,425.65,404.37,80.33
2023-02-25,Electronics,Tablet,Central,Retail,71,96.37,6842.27,2579.49
2023-02-25,Sports,Yoga Mat,South,Wholesale,17,297.2,4799.78,1049.5
2023-02-25,Home & Garden,Bedding Set,North,Retail,9,302.65,3268.62,772.45
2023-02-26,Sports,Yoga Mat,South,Direct,95,463.0,41785.75,16075.64
2023-02-26,Home & Garden,Office Chair,North,Wholesale,98,166.16,19540.42,8634.3
2023-02-26,Home & Garden,Office Chair,East,Retail,49,499.65,24482.85,5733.89
2023-02-26,Clothing,Dress,East,Direct,45,76.74,3453.3,1526.76
2023-02-26,Sports,Dumbbell Set,West,Wholesale,3,152.13,502.03,110.88
2023-02-26,Beauty,Hair Dryer,East,Retail,20,458.99,9179.8,2788.9
2023-02-26,Clothing,T-Shirt,East,Retail,66,496.43,32764.38,5615.93
2023-02-26,Electronics,Headphones,East,Direct,5,276.36,1381.8,236.14
2023-02-26,Sports,Running Shoes,West,Wholesale,7,325.08,2503.12,1029.27
2023-02-26,Beauty,Fragrance,Central,Direct,28,352.02,9856.56,3868.72
2023-02-26,Electronics,Smartphone,East,Wholesale,89,13.09,1165.01,488.75
2023-02-26,Electronics,Tablet,North,Direct,84,321.51,32408.21,13848.78
2023-02-26,Clothing,Jacket,East,Retail,15,77.75,1166.25,495.64
2023-02-26,Electronics,Laptop,East,Retail,52,211.57,11001.64,4553.71
2023-02-26,Electronics,Laptop,South,Direct,68,135.13,8729.4,2143.56
2023-02-27,Home & Garden,Bedding Set,East,Direct,38,231.89,8811.82,1674.35
2023-02-27,Home & Garden,Garden Tools,Central,Wholesale,45,104.43,4699.35,1593.5
2023-02-27,Home & Garden,Lamp,North,Wholesale,40,148.7,7137.6,2675.28
2023-02-27,Sports,Bike Helmet,East,Wholesale,62,146.27,9068.74,3340.74
2023-02-27,Electronics,Headphones,East,Direct,51,202.59,10332.09,3744.29
2023-02-27,Beauty,Hair Dryer,Central,Retail,85,72.95,6200.75,1420.6
2023-02-27,Sports,Yoga Mat,North,Wholesale,27,221.25,7168.5,2329.57
2023-02-27,Clothing,T-Shirt,North,Retail,51,85.74,5247.29,1112.23
2023-02-27,Sports,Tennis Racket,North,Retail,55,285.2,18823.2,4667.32
2023-02-27,Electronics,Smartwatch,North,Retail,37,37.1,1647.24,473.91
2023-02-27,Beauty,Fragrance,South,Wholesale,93,341.67,30186.54,11293.06
2023-02-27,Electronics,Laptop,East,Direct,87,383.37,33353.19,9133.52
2023-02-27,Electronics,Headphones,Central,Direct,75,160.89,12066.75,5086.92
2023-02-28,Sports,Running Shoes,East,Direct,64,217.68,13931.52,4987.85
2023-02-28,Electronics,Tablet,East,Direct,19,378.99,7200.81,2997.98
2023-02-28,Electronics,Headphones,Central,Direct,10,287.42,2874.2,644.17
2023-02-28,Home & Garden,Office Chair,North,Direct,82,384.51,37835.78,11816.27
2023-02-28,Beauty,Face Serum,East,Direct,79,202.8,16021.2,6837.54
2023-02-28,Electronics,Tablet,Central,Direct,23,101.72,2339.56,981.55
2023-02-28,Home & Garden,Cookware Set,West,Direct,63,170.67,11827.43,3587.38
2023-02-28,Clothing,Jacket,North,Wholesale,75,127.74,11496.6,3157.56
2023-02-28,Home & Garden,Lamp,West,Retail,50,134.79,7413.45,3151.13
2023-02-28,Home & Garden,Office Chair,East,Wholesale,74,326.72,24177.28,9159.22
2023-02-28,Home & Garden,Office Chair,West,Wholesale,78,317.98,27282.68,5737.6
2023-03-01,Sports,Yoga Mat,South,Retail,58,443.47,24435.2,10486.16
2023-03-01,Home & Garden,Garden Tools,East,Retail,54,339.92,18355.68,2776.25
2023-03-01,Electronics,Tablet,West,Wholesale,76,225.12,18820.03,3502.1
2023-03-01,Sports,Bike Helmet,West,Direct,60,116.99,7721.34,3333.84
2023-03-01,Sports,Dumbbell Set,South,Wholesale,38,344.81,12447.64,3201.83
2023-03-01,Home & Garden,Bedding Set,North,Retail,11,205.55,2713.26,524.12
2023-03-01,Electronics,Tablet,South,Retail,14,48.06,639.2,185.99
2023-03-01,Electronics,Smartwatch,Central,Direct,67,395.82,26519.94,5690.51
2023-03-01,Sports,Tennis Racket,Central,Wholesale,92,387.95,35691.4,5921.73
2023-03-01,Electronics,Smartphone,Central,Wholesale,77,111.92,8617.84,3135.88
2023-03-01,Sports,Yoga Mat,East,Direct,82,292.39,23975.98,9723.93
2023-03-01,Clothing,Sneakers,West,Direct,25,175.47,4825.43,1871.92
2023-03-01,Beauty,Face Serum,South,Retail,49,75.21,3501.03,1141.42
2023-03-01,Home & Garden,Cookware Set,East,Direct,71,413.58,29364.18,5320.65
2023-03-01,Clothing,Jacket,West,Direct,54,462.51,27473.09,6267.13
2023-03-01,Electronics,Smartphone,East,Retail,49,291.68,14292.32,2166.41
2023-03-01,Sports,Yoga Mat,South,Retail,57,309.97,16784.88,5950.01
2023-03-02,Beauty,Hair Dryer,South,Retail,12,455.72,5195.21,1288.49
2023-03-02,Sports,Running Shoes,West,Wholesale,10,347.42,3821.62,754.48
2023-03-02,Beauty,Fragrance,South,Direct,67,43.41,2763.05,833.17
2023-03-02,Beauty,Fragrance,East,Retail,9,69.17,622.53,119.76
2023-03-02,Home & Garden,Cookware Set,North,Wholesale,81,425.34,41343.05,11556.89
2023-03-02,Sports,Tennis Racket,South,Wholesale,26,86.59,2138.77,636.62
2023-03-02,Home & Garden,Garden Tools,South,Retail,16,425.81,6472.31,1823.46
2023-03-02,Electronics,Laptop,Central,Wholesale,94,365.42,34349.48,10216.78
2023-03-02,Beauty,Face Serum,South,Retail,32,398.39,12111.06,2388.59
2023-03-02,Home & Garden,Bedding Set,West,Retail,4,227.53,1001.13,438.13
2023-03-02,Electronics,Headphones,South,Wholesale,61,101.37,5874.39,2370.67
2023-03-02,Sports,Bike Helmet,North,Retail,89,380.07,40591.48,12189.93
2023-03-02,Beauty,Fragrance,South,Direct,28,192.68,5125.29,2068.2
2023-03-02,Electronics,Headphones,Central,Wholesale,71,132.99,9442.29,2037.56
2023-03-02,Clothing,Jacket,Central,Direct,89,423.31,37674.59,10147.29
2023-03-02,Electronics,Laptop,South,Wholesale,24,174.97,3989.32,1056.53
2023-03-02,Beauty,Skin Care Kit,East,Retail,47,277.02,13019.94,4163.31
2023-03-02,Beauty,Hair Dryer,East,Direct,26,75.36,1959.36,401.71
2023-03-03,Beauty,Face Serum,East,Retail,43,460.99,19822.57,3264.96
2023-03-03,Clothing,Jeans,South,Retail,11,130.07,1359.23,208.97
2023-03-03,Clothing,Dress,East,Direct,67,16.94,1134.98,396.5
2023-03-03,Electronics,Smartphone,Central,Wholesale,90,402.21,36198.9,7683.62
2023-03-03,Clothing,Jeans,Central,Wholesale,40,497.06,19882.4,8272.09
2023-03-03,Beauty,Face Serum,East,Direct,74,170.59,12623.66,2491.16
2023-03-03,Beauty,Makeup Palette,East,Direct,86,345.2,29687.2,5989.78
2023-03-03,Home & Garden,Office Chair,East,Wholesale,14,151.42,2119.88,758.66
2023-03-03,Beauty,Fragrance,Central,Wholesale,66,69.0,4554.0,1162.93
2023-03-03,Electronics,Laptop,South,Retail,57,461.51,24990.77,10411.86
2023-03-03,Beauty,Face Serum,West,Direct,16,241.39,4248.46,1303.77
2023-03-03,Sports,Dumbbell Set,East,Direct,97,326.48,31668.56,10621.91
2023-03-04,Home & Garden,Garden Tools,West,Retail,16,330.37,5814.51,2429.34
2023-03-04,Electronics,Headphones,Central,Wholesale,61,432.46,26380.06,4513.88
2023-03-04,Clothing,Jeans,Central,Retail,61,40.93,2496.73,709.38
2023-03-04,Clothing,Sneakers,West,Direct,95,439.46,45923.57,7936.96
2023-03-04,Electronics,Smartwatch,West,Retail,20,205.02,4510.44,835.85
2023-03-04,Electronics,Smartwatch,North,Direct,14,31.62,531.22,225.73
2023-03-04,Sports,Bike Helmet,Central,Direct,43,28.65,1231.95,350.09
2023-03-04,Sports,Tennis Racket,South,Wholesale,25,15.91,377.86,78.05
2023-03-04,Sports,Yoga Mat,East,Wholesale,99,133.71,13237.29,2333.32
2023-03-04,Sports,Bike Helmet,Central,Retail,69,295.33,20377.77,7429.71
2023-03-04,Sports,Yoga Mat,South,Direct,64,353.39,21486.11,6341.95
2023-03-04,Beauty,Face Serum,South,Retail,16,453.99,6900.65,2047.63
2023-03-04,Clothing,T-Shirt,Central,Wholesale,91,489.75,44567.25,9029.87
2023-03-04,Clothing,Jacket,West,Direct,4,147.48,648.91,238.37
2023-03-04,Sports,Bike Helmet,North,Retail,58,86.88,6046.85,1401.64
2023-03-04,Electronics,Smartwatch,North,Direct,50,251.9,15114.0,4472.78
2023-03-04,Home & Garden,Office Chair,West,Retail,39,62.34,2674.39,1180.12
2023-03-04,Beauty,Makeup Palette,North,Direct,49,98.67,5801.8,2345.87
2023-03-05,Home & Garden,Office Chair,North,Wholesale,84,253.71,25573.97,6104.03
2023-03-05,Home & Garden,Bedding Set,West,Wholesale,21,494.9,11432.19,2157.73
2023-03-05,Home & Garden,Cookware Set,East,Direct,91,390.99,35580.09,12576.3
2023-03-05,Home & Garden,Cookware Set,East,Retail,47,147.47,6931.09,1769.56
2023-03-05,Electronics,Headphones,Central,Direct,79,112.19,8863.01,1803.04
2023-03-05,Sports,Yoga Mat,Central,Direct,70,223.08,15615.6,6165.34
2023-03-05,Beauty,Skin Care Kit,North,Wholesale,37,185.81,8249.96,
2023-03-05,Sports,Running Shoes,North,Retail,45,96.63,5218.02,1519.9
2023-03-05,Electronics,Tablet,East,Wholesale,66,193.21,12751.86,2936.25
2023-03-05,Sports,Running Shoes,West,Wholesale,47,152.07,7862.02,2932.17
2023-03-05,Sports,Running Shoes,North,Wholesale,17,270.53,5518.81,2122.26
2023-03-05,Sports,Yoga Mat,East,Retail,15,463.87,6958.05,2531.84
2023-03-05,Electronics,Tablet,East,Wholesale,62,457.99,28395.38,7644.08
2023-03-05,Beauty,Skin Care Kit,West,Wholesale,75,86.47,7133.78,1221.15
2023-03-05,Electronics,Laptop,Central,Direct,72,440.17,31692.24,5332.22
2023-03-05,Home & Garden,Garden Tools,West,Direct,45,25.87,1280.57,439.74
2023-03-05,Beauty,Makeup Palette,West,Retail,93,155.59,15916.86,5935.77
2023-03-05,Electronics,Smartphone,North,Direct,13,188.07,2933.89,809.0
2023-03-05,Sports,Running Shoes,West,Wholesale,47,152.07,7862.02,2932.17
2023-03-06,Beauty,Skin Care Kit,Central,Retail,26,360.85,9382.1,3381.29
2023-03-06,Electronics,Smartwatch,South,Direct,75,301.31,21468.34,7209.38
2023-03-06,Electronics,Tablet,North,Wholesale,12,375.59,5408.5,1160.34
2023-03-06,Beauty,Fragrance,South,Wholesale,19,97.64,1762.4,640.83
2023-03-06,Beauty,Face Serum,South,Retail,14,317.85,4227.41,965.24
2023-03-06,Electronics,Smartphone,Central,Wholesale,55,39.15,2153.25,859.43
2023-03-06,Electronics,Laptop,North,Retail,51,357.33,21868.6,9247.34
2023-03-06,Clothing,Jacket,South,Retail,76,402.39,29052.56,8039.61
2023-03-06,Electronics,Smartphone,North,Wholesale,48,462.39,26633.66,9316.31
2023-03-06,Beauty,Fragrance,West,Wholesale,19,373.76,7811.58,1213.58
2023-03-06,Electronics,Smartphone,Central,Direct,50,410.07,20503.5,6903.43
2023-03-06,Clothing,T-Shirt,East,Direct,95,39.34,3737.3,1510.04
2023-03-06,Sports,Tennis Racket,South,Retail,78,326.61,24201.8,6230.45
2023-03-06,Clothing,Jeans,North,Retail,91,317.75,34698.3,6339.41
2023-03-06,Beauty,Makeup Palette,East,Retail,15,52.65,789.75,233.48
2023-03-06,Beauty,Skin Care Kit,West,Wholesale,7,146.35,1126.9,364.75
2023-03-06,Beauty,Hair Dryer,North,Direct,9,337.47,3644.68,1002.3
2023-03-07,Sports,Running Shoes,Central,Wholesale,60,213.73,12823.8,2719.29
2023-03-07,Home & Garden,Cookware Set,South,Wholesale,46,119.43,5219.09,2147.29
2023-03-07,Sports,Yoga Mat,South,Direct,90,137.88,11788.74,2003.03
2023-03-07,Sports,Dumbbell Set,North,Direct,5,117.13,702.78,311.83
2023-03-07,Home & Garden,Garden Tools,South,Wholesale,79,429.51,32234.73,6040.61
2023-03-07,Home & Garden,Lamp,Central,Wholesale,69,314.6,21707.4,7480.9
2023-03-07,Sports,Running Shoes,West,Direct,1,358.37,394.21,59.27
2023-03-07,Beauty,Hair Dryer,West,Retail,80,278.89,24542.32,9836.38
2023-03-07,Beauty,Hair Dryer,North,Direct,68,410.48,33495.17,8573.64
2023-03-07,Home & Garden,Bedding Set,South,Wholesale,81,104.65,8052.82,1717.13
2023-03-07,Beauty,Makeup Palette,West,Wholesale,21,62.61,1446.29,623.18
2023-03-07,Electronics,Laptop,West,Retail,64,49.53,3486.91,1541.03
2023-03-07,Beauty,Face Serum,East,Direct,9,485.27,4367.43,1255.37
2023-03-07,Sports,Bike Helmet,East,Direct,16,327.64,5242.24,1247.92
2023-03-07,Beauty,Skin Care Kit,East,Wholesale,1,33.25,33.25,9.88
2023-03-07,Beauty,Face Serum,North,Wholesale,67,384.87,30943.55,11774.29
2023-03-07,Electronics,Laptop,South,Wholesale,64,78.44,4769.15,1011.02
2023-03-07,Beauty,Fragrance,Central,Retail,44,171.38,7540.72,1212.19
2023-03-07,Sports,Tennis Racket,Central,Direct,9,208.32,1874.88,659.72
2023-03-07,Beauty,Hair Dryer,South,Direct,82,376.59,29336.36,11999.55
2023-03-08,Sports,Running Shoes,East,Wholesale,98,441.02,43219.96,10090.87
2023-03-08,Beauty,Hair Dryer,North,Direct,23,140.03,3864.83,726.69
2023-03-08,Home & Garden,Garden Tools,West,Retail,87,412.42,39468.59,6332.66
2023-03-08,Home & Garden,Office Chair,South,Retail,38,22.39,808.28,279.25
2023-03-08,Sports,Tennis Racket,East,Direct,82,32.13,2634.66,873.19
2023-03-08,Home & Garden,Bedding Set,South,Retail,34,125.09,4040.41,1282.83
2023-03-08,Sports,Yoga Mat,East,Retail,89,149.41,13297.49,4674.45
2023-03-08,Clothing,Jacket,West,Retail,29,403.21,12862.4,4595.94
2023-03-08,Home & Garden,Garden Tools,Central,Retail,43,256.73,11039.39,2787.71
2023-03-08,Sports,Bike Helmet,South,Direct,95,305.81,27599.35,4161.29
2023-03-08,Beauty,Hair Dryer,West,Direct,84,23.63,2183.41,517.01
2023-03-08,Electronics,Headphones,South,Wholesale,74,42.71,3002.51,910.01
2023-03-08,Sports,Running Shoes,West,Retail,90,276.96,27419.04,9842.84
2023-03-08,Home & Garden,Office Chair,North,Retail,25,134.76,4042.8,719.59
2023-03-08,Clothing,T-Shirt,South,Direct,42,30.88,1232.11,479.57
2023-03-09,Sports,Dumbbell Set,East,Wholesale,1,381.82,381.82,75.56
2023-03-09,Sports,Yoga Mat,North,Direct,90,178.35,19261.8,3586.13
2023-03-09,Beauty,Fragrance,North,Retail,39,387.16,18119.09,3523.25
2023-03-09,Clothing,Jacket,East,Wholesale,18,261.71,4710.78,2052.7
2023-03-09,Sports,Dumbbell Set,North,Wholesale,44,464.45,24522.96,9190.72
2023-03-09,Clothing,Sneakers,North,Direct,67,82.43,6627.37,1873.59
2023-03-09,Beauty,Fragrance,West,Direct,81,194.5,17329.95,3977.36
2023-03-09,Beauty,Hair Dryer,West,Wholesale,69,366.47,27815.07,9859.12
2023-03-09,Clothing,Jeans,West,Wholesale,76,196.53,16429.91,7171.75
2023-03-09,Electronics,Headphones,East,Direct,17,373.75,6353.75,2471.47
2023-03-09,Electronics,Smartphone,Central,Wholesale,20,126.65,2533.0,1078.56
2023-03-09,Clothing,Dress,East,Direct,49,168.04,8233.96,3529.65
2023-03-09,Home & Garden,Garden Tools,East,Wholesale,20,138.9,2778.0,885.25
2023-03-09,Electronics,Smartwatch,East,Direct,74,159.91,11833.34,4185.43
2023-03-09,Beauty,Makeup Palette,North,Wholesale,76,71.13,6487.06,1241.79
2023-03-09,Electronics,Smartwatch,West,Retail,90,439.58,43518.42,16155.99
2023-03-09,Beauty,Face Serum,North,Retail,81,325.97,31684.28,10097.08
2023-03-09,Home & Garden,Lamp,West,Direct,15,229.33,3783.95,663.21
2023-03-09,Home & Garden,Office Chair,Central,Wholesale,80,276.69,22135.2,4051.71
2023-03-09,Electronics,Smartwatch,West,Wholesale,63,455.05,31534.97,9822.09
2023-03-09,Sports,Tennis Racket,North,Wholesale,21,413.44,10418.69,4360.89
2023-03-10,Sports,Tennis Racket,East,Wholesale,31,133.81,4148.11,814.04
2023-03-10,Clothing,Sneakers,East,Wholesale,46,449.99,20699.54,6232.01
2023-03-10,Sports,Dumbbell Set,East,Wholesale,90,474.87,42738.3,10468.62
2023-03-10,Electronics,Laptop,Central,Direct,39,188.14,7337.46,2299.03
2023-03-10,Electronics,Smartwatch,East,Retail,30,236.88,7106.4,1492.1
2023-03-10,Sports,Yoga Mat,West,Wholesale,95,458.07,47868.32,7267.5
2023-03-10,Electronics,Smartwatch,North,Direct,33,347.48,13760.21,2064.58
2023-03-10,Clothing,Sneakers,West,Wholesale,79,386.0,33543.4,13770.22
2023-03-10,Sports,Running Shoes,South,Direct,31,171.42,5048.32,1259.28
2023-03-10,Home & Garden,Lamp,East,Direct,69,383.63,26470.47,11454.6
2023-03-10,Beauty,Hair Dryer,South,Retail,72,179.58,12283.27,4181.61
2023-03-10,Sports,Tennis Racket,East,Direct,44,312.26,13739.44,5986.76
2023-03-10,Home & Garden,Bedding Set,South,Wholesale,69,102.19,6698.55,1990.38
2023-03-10,Beauty,Skin Care Kit,North,Direct,57,37.39,2557.48,998.85
2023-03-10,Clothing,Jacket,West,Retail,81,390.49,34792.66,6478.41
2023-03-10,Beauty,Face Serum,East,Retail,99,194.15,19220.85,7280.61
2023-03-10,Clothing,Jacket,South,Direct,84,473.55,37789.29,
2023-03-10,Clothing,T-Shirt,North,Retail,8,321.17,3083.23,591.0
2023-03-10,Beauty,Skin Care Kit,South,Direct,56,358.84,19090.29,5443.4
2023-03-10,Clothing,Dress,North,Retail,58,145.84,10150.46,3538.33
2023-03-10,Electronics,Tablet,North,Wholesale,42,375.46,18923.18,5213.0
2023-03-10,Beauty,Skin Care Kit,North,Direct,54,205.94,13344.91,2120.79
2023-03-11,Clothing,Jacket,North,Direct,39,236.87,11085.52,4054.29
2023-03-11,Sports,Bike Helmet,West,Direct,37,90.26,3673.58,1353.35
2023-03-11,Clothing,T-Shirt,North,Retail,24,419.02,12067.78,5362.8
2023-03-11,Electronics,Smartphone,Central,Direct,64,406.09,25989.76,3981.85
2023-03-11,Clothing,Jacket,South,Wholesale,49,369.21,17186.73,6167.23
2023-03-11,Home & Garden,Bedding Set,West,Retail,22,36.79,890.32,232.77
2023-03-11,Sports,Running Shoes,Central,Direct,47,64.72,3041.84,619.48
2023-03-11,Home & Garden,Bedding Set,East,Wholesale,47,403.54,18966.38,7702.02
2023-03-11,Home & Garden,Garden Tools,North,Direct,62,282.99,21054.46,9290.88
2023-03-11,Clothing,Sneakers,South,Direct,35,246.21,8186.48,1411.77
2023-03-11,Electronics,Laptop,West,Direct,37,38.53,1568.17,341.59
2023-03-11,Home & Garden,Garden Tools,East,Retail,73,183.54,13398.42,3658.86
2023-03-11,Clothing,Jeans,South,Retail,72,140.1,9582.84,1828.66
2023-03-11,Beauty,Makeup Palette,Central,Retail,2,264.49,528.98,155.35
2023-03-11,Beauty,Makeup Palette,North,Wholesale,26,473.95,14787.24,2479.32
2023-03-11,Home & Garden,Cookware Set,North,Direct,67,440.29,35399.32,8713.42
2023-03-11,Electronics,Laptop,South,Retail,22,326.87,6831.58,2208.15
2023-03-11,Sports,Tennis Racket,North,Wholesale,37,387.35,17198.34,3357.25
2023-03-11,Beauty,Face Serum,West,Wholesale,30,327.69,10813.77,1775.43
2023-03-11,Beauty,Face Serum,North,Wholesale,57,46.31,3167.6,710.59
2023-03-11,Electronics,Tablet,West,Wholesale,35,295.72,11385.22,3249.01
2023-03-11,Home & Garden,Office Chair,South,Wholesale,93,491.14,43392.22,8061.58
2023-03-11,Sports,Bike Helmet,South,Wholesale,33,84.6,2652.21,976.66
2023-03-11,Sports,Tennis Racket,West,Retail,65,477.76,34159.84,7907.1
2023-03-11,Electronics,Smartphone,North,Retail,23,99.78,2753.93,912.15
2023-03-12,Home & Garden,Lamp,North,Retail,98,362.3,42606.48,13374.43
2023-03-12,Clothing,Sneakers,East,Direct,17,112.82,1917.94,852.2
2023-03-12,Sports,Tennis Racket,West,Direct,59,50.79,3296.27,745.79
2023-03-12,Home & Garden,Bedding Set,West,Retail,90,401.93,39791.07,11507.14
2023-03-12,Clothing,Jeans,West,Retail,12,176.4,2328.48,806.15
2023-03-12,Sports,Tennis Racket,South,Wholesale,82,485.26,37801.75,11279.89
2023-03-12,Beauty,Skin Care Kit,North,Direct,66,286.62,22700.3,4136.31
2023-03-12,Electronics,Tablet,North,Direct,2,157.7,378.48,68.94
2023-03-12,Beauty,Face Serum,South,Direct,5,193.65,919.84,397.37
2023-03-12,Electronics,Smartphone,North,Direct,30,355.89,12812.04,3629.17
2023-03-12,Home & Garden,Office Chair,East,Wholesale,6,182.45,1094.7,237.21
2023-03-12,Beauty,Skin Care Kit,West,Wholesale,57,89.32,5600.36,1740.14
2023-03-12,Sports,Tennis Racket,South,Direct,58,276.82,15252.78,6750.09
2023-03-12,Electronics,Headphones,West,Retail,18,161.05,3188.79,735.96
2023-03-12,Electronics,Smartphone,Central,Retail,40,48.88,1955.2,757.53
2023-03-12,Home & Garden,Office Chair,West,Wholesale,29,253.84,8097.5,3164.52
2023-03-12,Clothing,Sneakers,South,Wholesale,23,256.04,5594.47,2059.81
2023-03-12,Beauty,Fragrance,South,Retail,96,22.24,2028.29,726.97
2023-03-12,Sports,Yoga Mat,West,Direct,86,106.84,10107.06,2716.9
2023-03-12,Beauty,Skin Care Kit,Central,Direct,89,106.58,9485.62,3616.54
2023-03-12,Electronics,Headphones,West,Wholesale,45,325.08,16091.46,5618.7
2023-03-12,Electronics,Smartphone,East,Wholesale,8,378.09,3024.72,820.35
2023-03-12,Beauty,Hair Dryer,South,Retail,70,26.86,1786.19,280.98
2023-03-12,Clothing,Jacket,West,Direct,74,274.92,22378.49,3660.25
2023-03-12,Home & Garden,Lamp,South,Wholesale,30,337.63,9622.45,3064.98
2023-03-13,Home & Garden,Bedding Set,North,Direct,8,499.31,4793.38,1937.43
2023-03-13,Sports,Bike Helmet,West,Direct,53,182.35,10631.0,4235.99
2023-03-13,Home & Garden,Office Chair,East,Retail,86,135.98,11694.28,2322.0
2023-03-13,Electronics,Laptop,West,Wholesale,78,94.72,8126.98,1354.07
2023-03-13,Sports,Bike Helmet,East,Retail,68,226.23,15383.64,3662.1
2023-03-13,Sports,Bike Helmet,South,Direct,16,216.79,3295.21,1383.84
2023-03-13,Beauty,Makeup Palette,East,Direct,73,114.78,8378.94,3719.47
2023-03-13,Sports,Bike Helmet,East,Retail,93,424.27,39457.11,7167.65
2023-03-13,Beauty,Hair Dryer,Central,Direct,31,44.68,1385.08,241.27
2023-03-13,Beauty,Makeup Palette,West,Retail,4,370.82,1631.61,636.95
2023-03-13,Beauty,Makeup Palette,East,Wholesale,29,237.6,6890.4,3084.36
2023-03-13,Sports,Dumbbell Set,Central,Direct,7,20.34,142.38,42.74
2023-03-13,Electronics,Headphones,Central,Wholesale,99,231.02,22870.98,10204.64
2023-03-13,Clothing,T-Shirt,South,Direct,22,111.3,2326.17,695.23
2023-03-13,Home & Garden,Lamp,East,Wholesale,50,489.36,24468.0,5493.0
2023-03-13,Clothing,Jacket,North,Direct,29,414.1,14410.68,4352.81
2023-03-13,Beauty,Face Serum,Central,Wholesale,53,262.29,13901.37,4554.09
2023-03-13,Home & Garden,Bedding Set,West,Direct,2,100.18,220.4,34.92
2023-03-13,Beauty,Skin Care Kit,North,Direct,39,367.88,17216.78,6052.28
2023-03-13,Home & Garden,Lamp,East,Retail,12,203.02,2436.24,1014.48
2023-03-14,Beauty,Fragrance,South,Direct,79,429.51,32234.73,13509.99
2023-03-14,Sports,Dumbbell Set,South,Direct,54,401.74,20609.26,8551.81
2023-03-14,Beauty,Hair Dryer,West,Direct,81,434.16,38683.66,8689.18
2023-03-14,Sports,Running Shoes,North,Retail,79,207.62,19682.38,6078.24
2023-03-14,Beauty,Face Serum,South,Wholesale,11,94.16,983.97,277.89
2023-03-14,Electronics,Tablet,East,Retail,40,215.61,8624.4,2045.89
2023-03-14,Sports,Dumbbell Set,Central,Retail,46,86.09,3960.14,1692.54
2023-03-14,Electronics,Laptop,South,Wholesale,2,381.59,725.02,234.44
2023-03-14,Sports,Dumbbell Set,East,Wholesale,25,221.03,5525.75,1172.94
2023-03-14,Home & Garden,Bedding Set,South,Direct,45,438.68,18753.57,7538.43
2023-03-14,Electronics,Smartphone,West,Direct,28,384.92,11855.54,3494.0
2023-03-14,Electronics,Smartwatch,Central,Wholesale,53,31.67,1678.51,261.71
2023-03-14,Clothing,Jeans,South,Wholesale,89,31.19,2637.11,868.17
2023-03-14,Home & Garden,Lamp,West,Direct,81,301.78,26888.6,7983.84
2023-03-14,Sports,Bike Helmet,Central,Direct,79,213.36,16855.44,6016.29
2023-03-14,Electronics,Tablet,West,Direct,51,129.24,7250.36,2955.12
2023-03-14,Electronics,Smartwatch,South,Wholesale,43,70.91,2896.67,1168.75
2023-03-14,Sports,Yoga Mat,North,Direct,82,96.76,9521.18,1822.34
2023-03-14,Home & Garden,Bedding Set,North,Direct,62,345.89,25734.22,4753.44
2023-03-15,Clothing,Dress,Central,Direct,2,232.17,464.34,134.32
2023-03-15,Sports,Tennis Racket,South,Wholesale,43,283.13,11565.86,4902.4
2023-03-15,Sports,Dumbbell Set,Central,Direct,2,325.62,651.24,175.4
2023-03-15,Home & Garden,Office Chair,North,Direct,73,466.92,40902.19,18324.09
2023-03-15,Beauty,Hair Dryer,West,Direct,4,378.99,1667.56,412.5
2023-03-15,Beauty,Skin Care Kit,North,Wholesale,91,408.15,44569.98,16886.37
2023-03-15,Sports,Bike Helmet,Central,Retail,48,250.52,12024.96,2866.38
2023-03-15,Clothing,Dress,North,Wholesale,11,338.34,4466.09,1974.95
2023-03-15,Electronics,Tablet,Central,Direct,42,436.93,18351.06,8252.43
2023-03-15,Home & Garden,Lamp,West,Wholesale,88,444.79,43055.67,18452.09
2023-03-15,Clothing,Jacket,West,Direct,49,16.75,902.83,317.19
2023-03-15,Sports,Dumbbell Set,North,Retail,33,301.52,11940.19,3528.71
2023-03-15,Beauty,Face Serum,West,Direct,93,397.67,40681.64,15129.78
2023-03-15,Beauty,Hair Dryer,East,Wholesale,2,301.18,602.36,134.05
2023-03-15,Home & Garden,Garden Tools,South,Retail,30,448.09,12770.56,4065.05
2023-03-15,Beauty,Face Serum,East,Retail,15,472.78,7091.7,2456.81
2023-03-15,Home & Garden,Bedding Set,Central,Retail,60,479.2,28752.0,7422.82
2023-03-15,Clothing,Jeans,South,Direct,28,480.74,12787.68,2856.37
2023-03-15,Beauty,Hair Dryer,Central,Direct,59,195.24,11519.16,2771.89
2023-03-15,Electronics,Headphones,North,Retail,43,163.81,8452.6,1310.42
2023-03-16,Sports,Bike Helmet,North,Retail,23,139.22,3842.47,1166.57
2023-03-16,Home & Garden,Office Chair,East,Retail,53,278.78,14775.34,4433.54
2023-03-16,Electronics,Smartwatch,North,Direct,18,492.67,10641.67,3749.21
2023-03-16,Beauty,Skin Care Kit,West,Wholesale,78,354.98,30457.28,9797.82
2023-03-16,Beauty,Face Serum,North,Retail,85,437.32,44606.64,20062.82
2023-03-16,Sports,Running Shoes,South,Retail,62,34.16,2012.02,709.11
2023-03-16,Electronics,Smartwatch,West,Direct,42,349.72,16157.06,5427.12
2023-03-16,Beauty,Face Serum,South,Direct,93,37.22,3288.39,1294.15
2023-03-16,Clothing,Jacket,Central,Wholesale,48,250.91,12043.68,4212.47
2023-03-16,Electronics,Headphones,Central,Direct,50,446.08,22304.0,9495.73
2023-03-16,Home & Garden,Cookware Set,Central,Retail,79,176.03,13906.37,3498.26
2023-03-16,Electronics,Headphones,West,Wholesale,16,190.15,3346.64,1208.39
2023-03-16,Beauty,Face Serum,North,Retail,20,297.15,7131.6,3013.81
2023-03-16,Electronics,Tablet,Central,Wholesale,19,180.86,3436.34,716.43
2023-03-16,Clothing,Jacket,West,Retail,56,498.59,30713.14,13808.45
2023-03-17,Clothing,Sneakers,East,Retail,38,170.78,6489.64,988.5
2023-03-17,Beauty,Skin Care Kit,Central,Wholesale,49,40.58,1988.42,780.57
2023-03-17,Beauty,Fragrance,Central,Retail,63,156.98,9889.74,1511.95
2023-03-17,Clothing,Jeans,North,Direct,26,290.07,9050.18,3398.97
2023-03-17,Electronics,Smartphone,Central,Retail,42,487.96,20494.32,9078.4
2023-03-17,Electronics,Smartphone,Central,Direct,75,461.87,34640.25,6140.87
2023-03-17,Beauty,Fragrance,West,Retail,6,34.27,226.18,82.55
2023-03-17,Sports,Dumbbell Set,South,Retail,20,398.67,7574.73,3252.64
2023-03-17,Home & Garden,Bedding Set,North,Direct,72,106.75,9223.2,3644.79
2023-03-17,Home & Garden,Garden Tools,South,Retail,44,318.5,13313.3,5847.2
2023-03-17,Clothing,Dress,South,Retail,34,250.59,8094.06,3233.21
2023-03-18,Sports,Dumbbell Set,West,Retail,37,272.98,11110.29,4490.24
2023-03-18,Electronics,Smartphone,Central,Direct,79,447.68,35366.72,12779.81
2023-03-18,Sports,Tennis Racket,East,Retail,38,186.56,7089.28,2883.82
2023-03-18,Clothing,Jeans,West,Wholesale,4,129.74,570.86,212.53
2023-03-18,Electronics,Smartwatch,North,Wholesale,17,366.13,7469.05,2538.55
2023-03-18,Clothing,Jacket,North,Direct,74,396.5,35209.2,6011.14
2023-03-18,Beauty,Face Serum,North,Wholesale,45,491.93,26564.22,11662.01
2023-03-18,Clothing,Jacket,East,Retail,19,298.52,5671.88,1034.33
2023-03-18,Sports,Bike Helmet,North,Wholesale,26,190.41,5940.79,
2023-03-18,Home & Garden,Bedding Set,Central,Direct,70,196.34,13743.8,5910.57
2023-03-18,Electronics,Smartphone,West,Retail,77,190.97,16175.16,2742.49
2023-03-18,Clothing,T-Shirt,South,Direct,77,249.22,18230.44,3893.66
2023-03-18,Sports,Yoga Mat,Central,Direct,14,443.29,6206.06,1385.03
2023-03-18,Clothing,Jacket,East,Wholesale,14,317.84,4449.76,882.63
2023-03-18,Electronics,Headphones,Central,Retail,2,141.59,283.18,75.14
2023-03-18,Home & Garden,Lamp,Central,Wholesale,20,281.53,5630.6,1281.94
2023-03-18,Clothing,T-Shirt,South,Retail,33,106.18,3328.74,1097.58
2023-03-18,Clothing,Jacket,West,Retail,10,347.89,3826.79,922.79
2023-03-18,Beauty,Hair Dryer,North,Direct,68,143.56,11714.5,2727.64
2023-03-19,Beauty,Face Serum,West,Direct,57,49.42,3098.63,501.85
2023-03-19,Beauty,Fragrance,West,Wholesale,32,97.99,3449.25,1156.61
2023-03-19,Clothing,Jacket,West,Wholesale,87,194.94,18655.76,3006.34
2023-03-19,Beauty,Face Serum,North,Retail,8,231.04,2217.98,688.01
2023-03-19,Home & Garden,Garden Tools,North,Wholesale,65,454.86,35479.08,14901.24
2023-03-19,Sports,Yoga Mat,East,Direct,51,245.41,12515.91,3223.46
2023-03-19,Sports,Yoga Mat,North,Wholesale,24,383.22,11036.74,3172.19
2023-03-19,Electronics,Smartwatch,Central,Direct,52,89.37,4647.24,
2023-03-19,Home & Garden,Lamp,West,Direct,18,282.93,5602.01,883.29
2023-03-19,Sports,Tennis Racket,East,Direct,83,263.92,21905.36,8698.19
2023-03-19,Clothing,Jeans,North,Retail,48,461.73,26595.65,8089.37
2023-03-19,Clothing,Jeans,East,Retail,34,23.41,795.94,296.64
2023-03-19,Clothing,Jacket,East,Wholesale,21,242.81,5099.01,1320.26
2023-03-19,Sports,Dumbbell Set,East,Direct,50,375.23,18761.5,7125.88
2023-03-19,Clothing,Jacket,West,Retail,45,221.87,10982.57,1878.32
2023-03-20,Electronics,Tablet,East,Retail,93,329.92,30682.56,12729.51
2023-03-20,Electronics,Smartwatch,Central,Direct,16,442.93,7086.88,2675.64
2023-03-20,Clothing,Sneakers,East,Direct,85,146.89,12485.65,5229.97
2023-03-20,Electronics,Laptop,Central,Wholesale,85,161.55,13731.75,5603.43
2023-03-20,Sports,Bike Helmet,East,Direct,11,384.61,4230.71,1063.05
2023-03-20,Home & Garden,Garden Tools,Central,Retail,99,390.3,38639.7,7814.16
2023-03-20,Beauty,Makeup Palette,East,Direct,80,127.38,10190.4,4097.07
2023-03-20,Beauty,Face Serum,East,Wholesale,26,413.19,10742.94,4634.94
2023-03-20,Clothing,Jacket,West,Retail,25,371.95,10228.62,4186.18
2023-03-20,Clothing,Sneakers,West,Wholesale,92,143.2,14491.84,3663.3
2023-03-20,Sports,Tennis Racket,North,Retail,28,345.99,11625.26,4591.64
2023-03-20,Clothing,T-Shirt,North,Retail,57,409.87,28035.11,8878.1
2023-03-21,Clothing,T-Shirt,East,Direct,82,271.03,22224.46,
2023-03-21,Electronics,Smartwatch,South,Wholesale,50,247.25,11744.38,4032.77
2023-03-21,Electronics,Laptop,West,Direct,32,297.03,10455.46,2262.73
2023-03-21,Home & Garden,Bedding Set,North,Wholesale,19,452.1,10307.88,3297.29
2023-03-21,Clothing,T-Shirt,South,Retail,17,424.79,6860.36,1822.13
2023-03-21,Sports,Bike Helmet,West,Retail,79,101.77,8843.81,3757.82
2023-03-21,Home & Garden,Garden Tools,Central,Wholesale,83,206.96,17177.68,4520.95
2023-03-21,Electronics,Smartphone,South,Direct,73,37.28,2585.37,571.15
2023-03-21,Beauty,Fragrance,Central,Retail,55,329.34,18113.7,8018.58
2023-03-21,Clothing,Jeans,Central,Direct,16,480.2,7683.2,1637.43
2023-03-21,Electronics,Laptop,Central,Wholesale,79,428.76,33872.04,12206.16
2023-03-21,Electronics,Tablet,Central,Direct,76,306.22,23272.72,6342.29
2023-03-21,Home & Garden,Garden Tools,Central,Wholesale,93,466.16,43352.88,14901.08
2023-03-21,Beauty,Fragrance,North,Direct,27,497.43,16116.73,3195.87
2023-03-21,Electronics,Tablet,North,Wholesale,71,491.93,41912.44,11612.57
2023-03-21,Electronics,Laptop,West,Wholesale,84,86.47,7989.83,2548.71
2023-03-21,Sports,Tennis Racket,Central,Wholesale,50,494.39,24719.5,6058.48
2023-03-21,Home & Garden,Lamp,West,Direct,65,239.08,17094.22,6983.01
2023-03-21,Clothing,Jeans,West,Wholesale,52,417.93,23905.6,7305.25
2023-03-22,Electronics,Tablet,Central,Direct,90,440.53,39647.7,14765.3
2023-03-22,Electronics,Smartphone,South,Direct,89,299.58,25329.49,9759.31
2023-03-22,Clothing,Jeans,East,Direct,73,399.23,29143.79,10313.05
2023-03-22,Clothing,Sneakers,North,Wholesale,7,325.98,2738.23,644.91
2023-03-22,Sports,Tennis Racket,Central,Wholesale,54,205.71,11108.34,2655.17
2023-03-22,Clothing,T-Shirt,South,Wholesale,38,472.68,17063.75,4741.94
2023-03-22,Beauty,Makeup Palette,Central,Direct,76,310.11,23568.36,7863.99
2023-03-22,Sports,Dumbbell Set,North,Retail,52,432.4,26981.76,11971.92
2023-03-22,Home & Garden,Lamp,North,Direct,92,192.52,21254.21,4167.87
2023-03-22,Electronics,Laptop,Central,Wholesale,34,148.73,5056.82,899.84
2023-03-22,Sports,Yoga Mat,Central,Retail,96,195.0,18720.0,5141.38
2023-03-22,Sports,Bike Helmet,South,Wholesale,76,87.87,6344.21,1760.74
2023-03-22,Clothing,Jeans,South,Direct,48,309.24,14101.34,4821.23
2023-03-22,Beauty,Fragrance,West,Retail,1,348.72,383.59,168.31
2023-03-22,Electronics,Smartwatch,South,Retail,27,170.17,4364.86,664.07
2023-03-22,Home & Garden,Bedding Set,West,Wholesale,51,338.52,18990.97,4083.7
2023-03-22,Beauty,Skin Care Kit,West,Wholesale,25,409.02,11248.05,3239.55
2023-03-23,Clothing,Jacket,South,Direct,62,327.83,19309.19,6660.16
2023-03-23,Electronics,Smartwatch,East,Direct,17,437.92,7444.64,1802.42
2023-03-23,Beauty,Face Serum,West,Wholesale,56,253.78,15632.85,2579.43
2023-03-23,Clothing,Sneakers,East,Retail,85,98.34,8358.9,2784.81
2023-03-23,Home & Garden,Garden Tools,North,Retail,95,354.09,40366.26,13111.96
2023-03-23,Home & Garden,Cookware Set,North,Retail,12,20.36,293.18,99.24
2023-03-23,Electronics,Tablet,North,Direct,72,61.76,5336.06,802.93
2023-03-23,Beauty,Fragrance,South,Wholesale,34,135.51,4376.97,1123.9
2023-03-23,Electronics,Smartphone,West,Retail,15,488.16,8054.64,1488.18
2023-03-23,Clothing,Jeans,Central,Retail,41,446.05,18288.05,5607.49
2023-03-23,Electronics,Headphones,Central,Wholesale,34,210.51,7157.34,2880.88
2023-03-23,Electronics,Laptop,West,Wholesale,44,205.2,9931.68,1911.97
2023-03-23,Sports,Yoga Mat,West,Wholesale,19,386.02,8067.82,2384.68
2023-03-24,Home & Garden,Garden Tools,East,Direct,18,488.17,8787.06,3248.63
2023-03-24,Beauty,Makeup Palette,West,Direct,37,424.09,17260.46,6154.48
2023-03-24,Beauty,Makeup Palette,Central,Retail,24,194.22,4661.28,1924.07
2023-03-24,Sports,Tennis Racket,West,Retail,33,420.78,15274.31,6367.72
2023-03-24,Electronics,Smartwatch,South,Direct,20,130.28,2475.32,527.0
2023-03-24,Home & Garden,Office Chair,Central,Wholesale,74,24.7,1827.8,456.08
2023-03-24,Electronics,Laptop,East,Direct,96,424.27,40729.92,17320.46
2023-03-24,Beauty,Hair Dryer,Central,Retail,63,337.41,21256.83,8734.17
2023-03-24,Electronics,Laptop,East,Retail,82,189.69,15554.58,4117.64
2023-03-24,Home & Garden,Cookware Set,West,Wholesale,95,119.71,12509.69,4187.57
2023-03-24,Electronics,Tablet,South,Direct,45,60.7,2594.92,690.61
2023-03-24,Beauty,Hair Dryer,Central,Wholesale,55,455.78,25067.9,11244.03
2023-03-24,Home & Garden,Office Chair,North,Direct,31,470.18,17490.7,3137.4
2023-03-24,Home & Garden,Office Chair,South,Wholesale,57,88.01,4765.74,2112.42
2023-03-24,Clothing,Jacket,Central,Retail,50,214.54,10727.0,4399.02
2023-03-24,Sports,Bike Helmet,West,Retail,48,236.29,12476.11,5611.31
2023-03-24,Clothing,Jacket,West,Wholesale,30,227.12,7494.96,3179.72
2023-03-25,Beauty,Skin Care Kit,East,Wholesale,88,157.66,13874.08,2441.17
2023-03-25,Beauty,Hair Dryer,West,Wholesale,82,446.39,40264.38,10144.02
2023-03-25,Electronics,Laptop,West,Wholesale,59,188.95,12262.85,4840.58
2023-03-25,Beauty,Makeup Palette,West,Direct,76,494.35,41327.66,9974.59
2023-03-25,Beauty,Hair Dryer,East,Wholesale,2,318.06,636.12,110.12
2023-03-25,Home & Garden,Lamp,North,Direct,85,424.73,43322.46,
2023-03-25,Electronics,Headphones,Central,Direct,45,330.64,14878.8,3083.17
2023-03-25,Home & Garden,Garden Tools,South,Direct,83,433.66,34194.09,13173.37
2023-03-25,Sports,Bike Helmet,East,Retail,44,136.05,5986.2,1612.39
2023-03-25,Home & Garden,Bedding Set,West,Direct,59,346.65,22497.58,3536.94
2023-03-25,Sports,Yoga Mat,Central,Retail,64,272.1,17414.4,7811.64
2023-03-25,Beauty,Fragrance,North,Retail,15,359.05,6462.9,1619.57
2023-03-25,Home & Garden,Garden Tools,South,Direct,52,364.17,17990.0,6528.25
2023-03-25,Clothing,Jeans,South,Direct,33,239.38,7504.56,1332.52
2023-03-25,Electronics,Smartwatch,North,Wholesale,78,32.25,3018.6,1043.28
2023-03-25,Sports,Dumbbell Set,South,Direct,57,280.13,15169.04,4404.08
2023-03-25,Electronics,Tablet,East,Direct,48,380.98,18287.04,7108.37
2023-03-25,Beauty,Makeup Palette,North,Wholesale,33,80.61,3192.16,692.68
2023-03-25,Home & Garden,Office Chair,South,Wholesale,80,320.88,24386.88,7125.77
2023-03-25,Home & Garden,Office Chair,East,Wholesale,4,49.0,196.0,77.07
2023-03-25,Clothing,Jeans,South,Direct,90,278.12,23779.26,3993.21
2023-03-26,Home & Garden,Garden Tools,Central,Wholesale,72,428.18,30828.96,12038.05
2023-03-26,Beauty,Skin Care Kit,Central,Wholesale,83,494.71,41060.93,14963.8
2023-03-26,Home & Garden,Bedding Set,South,Wholesale,19,18.03,325.44,70.99
2023-03-26,Home & Garden,Cookware Set,South,Wholesale,73,329.0,22816.15,8115.66
2023-03-26,Electronics,Smartwatch,North,Direct,50,311.08,18664.8,2902.42
2023-03-26,Sports,Yoga Mat,East,Retail,53,107.36,5690.08,2238.25
2023-03-26,Home & Garden,Cookware Set,East,Wholesale,64,188.59,12069.76,2563.76
2023-03-26,Home & Garden,Lamp,Central,Retail,81,70.45,5706.45,1721.76
2023-03-26,Sports,Bike Helmet,East,Retail,43,321.63,13830.09,5926.42
2023-03-26,Sports,Yoga Mat,East,Direct,80,31.39,2511.2,
2023-03-26,Sports,Tennis Racket,Central,Direct,88,327.93,28857.84,12401.85
2023-03-26,Clothing,Sneakers,West,Direct,15,276.19,4557.14,835.67
2023-03-26,Clothing,Dress,West,Retail,12,485.5,6408.6,1976.3
2023-03-26,Clothing,T-Shirt,South,Retail,70,97.19,6463.14,1156.59
2023-03-26,Clothing,T-Shirt,West,Wholesale,10,33.76,371.36,166.16
2023-03-27,Clothing,Jacket,Central,Wholesale,73,14.15,1032.95,356.37
2023-03-27,Beauty,Makeup Palette,West,Retail,28,232.06,7147.45,1635.63
2023-03-27,Beauty,Fragrance,North,Retail,51,36.02,2204.42,905.38
2023-03-27,Home & Garden,Garden Tools,Central,Direct,9,298.15,2683.35,742.2
2023-03-27,Beauty,Fragrance,North,Retail,98,245.99,28928.42,9624.12
2023-03-27,Sports,Dumbbell Set,South,Retail,62,282.24,16623.94,3798.18
2023-03-27,Home & Garden,Bedding Set,North,Wholesale,20,419.66,10071.84,2774.82
2023-03-27,Electronics,Smartphone,North,Wholesale,81,21.27,2067.44,809.76
2023-03-27,Sports,Tennis Racket,Central,Wholesale,12,450.15,5401.8,1538.74
2023-03-27,Beauty,Hair Dryer,South,Wholesale,21,182.26,3636.09,1472.1
2023-03-27,Home & Garden,Garden Tools,North,Wholesale,92,404.21,44624.78,7205.64
2023-03-27,Electronics,Smartphone,West,Direct,27,421.45,12517.07,5218.52
2023-03-27,Electronics,Smartwatch,Central,Direct,12,148.58,1782.96,501.94
2023-03-27,Clothing,Jacket,South,Wholesale,75,410.1,29219.62,7904.82
2023-03-27,Home & Garden,Office Chair,East,Direct,60,409.7,24582.0,10852.71
2023-03-28,Home & Garden,Office Chair,North,Retail,81,326.71,31756.21,7706.59
2023-03-28,Clothing,Jeans,West,Wholesale,25,190.24,5231.6,2271.24
2023-03-28,Home & Garden,Bedding Set,North,Wholesale,47,205.14,11569.9,2317.8
2023-03-28,Beauty,Face Serum,West,Retail,97,457.33,48797.11,17497.87
2023-03-28,Home & Garden,Garden Tools,West,Retail,74,119.7,9743.58,1792.23
2023-03-28,Sports,Bike Helmet,Central,Wholesale,28,154.89,4336.92,1909.68
2023-03-28,Sports,Yoga Mat,South,Direct,78,124.22,9204.7,4084.02
2023-03-28,Home & Garden,Cookware Set,East,Retail,37,127.13,4703.81,1937.96
2023-03-28,Electronics,Smartphone,East,Wholesale,72,452.12,32552.64,11378.5
2023-03-28,Clothing,Dress,North,Wholesale,35,124.81,5242.02,1627.77
2023-03-28,Beauty,Hair Dryer,West,Retail,9,343.43,3399.96,1349.74
2023-03-29,Clothing,Jeans,North,Direct,37,478.1,21227.64,3687.43
2023-03-29,Electronics,Smartphone,South,Direct,45,311.95,13335.86,5961.77
2023-03-29,Sports,Tennis Racket,South,Retail,76,333.14,24052.71,6882.0
2023-03-29,Beauty,Hair Dryer,East,Wholesale,87,165.63,14409.81,3853.38
2023-03-29,Electronics,Tablet,West,Direct,79,191.74,16662.21,6190.07
2023-03-29,Electronics,Smartphone,South,Wholesale,86,422.24,34497.01,10529.43
2023-03-29,Clothing,T-Shirt,Central,Wholesale,90,191.73,17255.7,
2023-03-29,Electronics,Smartphone,West,Wholesale,26,300.16,8584.58,2054.76
2023-03-29,Electronics,Headphones,Central,Retail,14,64.22,899.08,373.56
2023-03-29,Beauty,Makeup Palette,West,Retail,93,485.39,49655.4,7789.52
2023-03-29,Sports,Running Shoes,South,Retail,76,302.15,21815.23,6551.82
2023-03-29,Electronics,Laptop,East,Retail,18,479.7,8634.6,2884.67
2023-03-29,Home & Garden,Garden Tools,East,Retail,98,193.31,18944.38,6536.61
2023-03-29,Sports,Yoga Mat,Central,Wholesale,48,44.55,2138.4,492.95
2023-03-29,Beauty,Skin Care Kit,South,Wholesale,12,222.84,2540.38,845.13
2023-03-29,Clothing,Jeans,South,Direct,99,155.18,14594.68,3375.79
2023-03-29,Home & Garden,Bedding Set,North,Direct,36,458.59,19811.09,8395.11
2023-03-29,Electronics,Headphones,East,Direct,22,227.48,5004.56,2093.9
2023-03-29,Clothing,Sneakers,Central,Direct,64,427.31,27347.84,10344.58
2023-03-29,Sports,Dumbbell Set,North,Retail,88,307.92,32516.35,6329.78
2023-03-30,Clothing,T-Shirt,Central,Direct,72,301.77,21727.44,9451.69
2023-03-30,Electronics,Laptop,East,Retail,26,314.08,8166.08,3138.04
2023-03-30,Clothing,Jacket,West,Direct,40,122.38,5384.72,1999.23
2023-03-30,Sports,Running Shoes,East,Wholesale,88,69.81,6143.28,2519.27
2023-03-30,Home & Garden,Office Chair,East,Direct,35,18.24,638.4,190.61
2023-03-30,Clothing,Jacket,East,Wholesale,41,217.56,8919.96,2312.56
2023-03-30,Clothing,Sneakers,South,Retail,20,323.57,6147.83,2343.91
2023-03-30,Sports,Tennis Racket,West,Retail,22,232.74,5632.31,1850.12
2023-03-30,Home & Garden,Bedding Set,Central,Retail,97,277.87,26953.39,7118.15
2023-03-30,Beauty,Hair Dryer,Central,Direct,64,192.02,12289.28,4780.5
2023-03-30,Beauty,Skin Care Kit,North,Direct,93,384.74,42936.98,13313.57
2023-03-30,Beauty,Fragrance,West,Direct,93,494.38,50575.07,21784.44
2023-03-30,Sports,Bike Helmet,Central,Retail,44,415.38,18276.72,3870.88
2023-03-30,Home & Garden,Bedding Set,East,Retail,27,497.05,13420.35,5537.02
2023-03-30,Beauty,Skin Care Kit,South,Retail,13,82.83,1022.95,243.15
2023-03-30,Clothing,Jacket,East,Direct,44,120.53,5303.32,1151.64
2023-03-30,Beauty,Skin Care Kit,West,Wholesale,18,171.59,3397.48,1184.91
2023-03-30,Electronics,Smartphone,West,Retail,20,345.6,7603.2,2850.42
2023-03-30,Home & Garden,Bedding Set,Central,Retail,97,277.87,26953.39,7118.15
2023-03-31,Electronics,Headphones,North,Retail,98,320.54,37695.5,15522.02
2023-03-31,Sports,Dumbbell Set,West,Wholesale,36,26.03,1030.79,269.2
2023-03-31,Beauty,Hair Dryer,North,Retail,26,78.22,2440.46,922.26
2023-03-31,Electronics,Tablet,South,Wholesale,14,242.13,3220.33,1287.55
2023-03-31,Home & Garden,Garden Tools,West,Direct,49,333.16,17957.32,6358.59
2023-03-31,Sports,Bike Helmet,Central,Retail,24,440.88,10581.12,4151.7
2023-03-31,Beauty,Makeup Palette,South,Wholesale,37,369.89,13001.63,4578.55
2023-03-31,Beauty,Skin Care Kit,East,Direct,77,179.87,13849.99,
2023-03-31,Sports,Yoga Mat,Central,Retail,75,36.56,2742.0,566.18
2023-03-31,Electronics,Laptop,North,Wholesale,90,63.77,6887.16,2603.43
2023-03-31,Sports,Bike Helmet,West,Wholesale,67,103.72,7644.16,1171.7
2023-03-31,Sports,Running Shoes,South,Wholesale,50,49.15,2334.62,441.97
2023-03-31,Clothing,Jacket,West,Wholesale,65,14.37,1027.45,280.33
2023-03-31,Sports,Bike Helmet,North,Retail,85,62.92,6417.84,1979.42
2023-03-31,Sports,Tennis Racket,North,Wholesale,66,305.08,24162.34,4784.02
2023-04-01,Sports,Running Shoes,East,Wholesale,14,54.85,767.9,332.41
2023-04-01,Sports,Yoga Mat,Central,Retail,77,236.83,18235.91,5772.15
2023-04-01,Clothing,Jacket,West,Direct,66,66.87,4854.76,2031.83
2023-04-01,Sports,Running Shoes,South,Retail,15,335.3,4778.02,926.91
2023-04-01,Beauty,Face Serum,South,Wholesale,58,218.19,12022.27,4006.84
2023-04-01,Clothing,Dress,East,Direct,86,223.23,19197.78,6545.26
2023-04-01,Sports,Tennis Racket,East,Direct,88,40.67,3578.96,731.76
2023-04-01,Beauty,Face Serum,Central,Wholesale,23,206.91,4758.93,1029.43
2023-04-01,Home & Garden,Office Chair,North,Direct,84,430.05,43349.04,19063.68
2023-04-01,Electronics,Smartwatch,Central,Wholesale,97,274.48,26624.56,5881.81
2023-04-01,Clothing,Jacket,South,Wholesale,29,258.72,7127.74,2170.85
2023-04-01,Home & Garden,Office Chair,Central,Wholesale,63,75.66,4766.58,1653.52
2023-04-01,Home & Garden,Bedding Set,East,Direct,44,425.77,18733.88,4151.44
2023-04-01,Sports,Dumbbell Set,Central,Retail,29,144.53,4191.37,635.67
2023-04-01,Beauty,Fragrance,Central,Retail,30,289.32,8679.6,1721.64
2023-04-01,Sports,Bike Helmet,Central,Retail,37,463.54,17150.98,6772.56
2023-04-01,Clothing,T-Shirt,South,Wholesale,26,22.11,546.12,136.11
2023-04-01,Clothing,Jacket,Central,Retail,25,427.24,10681.0,4742.02
2023-04-01,Clothing,Jacket,West,Direct,16,307.41,5410.42,2327.69
2023-04-02,Beauty,Makeup Palette,Central,Retail,16,138.27,2212.32,504.6
2023-04-02,Beauty,Makeup Palette,South,Retail,48,443.89,20241.38,5279.37
2023-04-02,Electronics,Laptop,North,Wholesale,53,57.87,3680.53,666.81
2023-04-02,Beauty,Skin Care Kit,East,Wholesale,4,206.8,827.2,332.75
2023-04-02,Home & Garden,Bedding Set,South,Wholesale,70,33.24,2210.46,553.05
2023-04-02,Sports,Yoga Mat,Central,Retail,20,212.01,4240.2,1015.54
2023-04-02,Sports,Bike Helmet,Central,Direct,35,151.4,5299.0,1423.46
2023-04-02,Beauty,Makeup Palette,Central,Wholesale,46,337.15,15508.9,4280.58
2023-04-02,Home & Garden,Garden Tools,Central,Direct,88,223.35,19654.8,4018.88
2023-04-02,Sports,Tennis Racket,East,Wholesale,10,79.99,799.9,278.3
2023-04-02,Beauty,Fragrance,West,Wholesale,92,225.86,22857.03,4938.9
2023-04-02,Electronics,Laptop,East,Retail,57,135.79,7740.03,2727.06
2023-04-02,Clothing,Dress,East,Retail,65,319.25,20751.25,3869.34
2023-04-02,Beauty,Fragrance,South,Wholesale,65,105.89,6538.71,1365.12
2023-04-02,Home & Garden,Office Chair,South,Direct,61,400.11,23186.37,6999.71
2023-04-02,Electronics,Tablet,North,Direct,87,288.91,30162.2,8603.69
2023-04-02,Sports,Bike Helmet,Central,Direct,96,215.79,20715.84,7163.18
2023-04-02,Home & Garden,Bedding Set,North,Direct,36,427.14,18452.45,5581.92
2023-04-03,Clothing,Sneakers,West,Retail,69,152.84,11600.56,3882.38
2023-04-03,Clothing,Jacket,Central,Direct,80,224.88,17990.4,3214.91
2023-04-03,Beauty,Makeup Palette,Central,Direct,92,365.26,33603.92,6859.84
2023-04-03,Sports,Yoga Mat,East,Retail,62,417.05,25857.1,6028.02
2023-04-03,Beauty,Fragrance,West,Wholesale,45,43.45,2150.78,651.01
2023-04-03,Electronics,Smartphone,North,Direct,62,402.17,29921.45,13029.08
2023-04-03,Beauty,Face Serum,Central,Retail,4,152.82,611.28,161.92
2023-04-03,Electronics,Laptop,East,Wholesale,67,105.74,7084.58,1078.18
2023-04-03,Home & Garden,Garden Tools,West,Retail,15,162.5,2681.25,959.11
2023-04-03,Clothing,T-Shirt,South,Direct,64,455.16,27673.73,10242.32
2023-04-03,Sports,Running Shoes,Central,Direct,53,69.86,3702.58,1250.52
2023-04-03,Electronics,Laptop,Central,Wholesale,17,138.99,2362.83,831.28
2023-04-04,Sports,Bike Helmet,South,Retail,11,234.96,2455.33,958.51
2023-04-04,Clothing,Sneakers,North,Wholesale,15,78.57,1414.26,294.26
2023-04-04,Clothing,Dress,East,Retail,74,416.42,30815.08,5901.39
2023-04-04,Electronics,Laptop,West,Retail,67,466.38,34372.21,9089.04
2023-04-04,Electronics,Laptop,East,Wholesale,22,208.82,4594.04,1627.04
2023-04-04,Home & Garden,Garden Tools,North,Wholesale,46,173.75,9591.0,3141.78
2023-04-04,Clothing,Sneakers,East,Direct,95,178.05,16914.75,6827.25
2023-04-04,Home & Garden,Office Chair,West,Direct,1,224.53,246.98,110.45
2023-04-04,Home & Garden,Bedding Set,East,Wholesale,40,495.9,19836.0,7015.33
2023-04-04,Home & Garden,Lamp,West,Direct,7,339.39,2613.3,731.8
2023-04-04,Electronics,Smartwatch,South,Retail,17,441.82,7135.39,1419.07
2023-04-05,Beauty,Face Serum,Central,Retail,87,491.55,42764.85,8306.4
2023-04-05,Beauty,Face Serum,North,Wholesale,47,330.13,18619.33,6173.53
2023-04-05,Home & Garden,Lamp,North,Retail,81,349.34,33955.85,5519.18
2023-04-05,Beauty,Hair Dryer,Central,Direct,62,448.25,27791.5,9018.08
2023-04-05,Clothing,Sneakers,East,Wholesale,79,268.47,21209.13,7870.46
2023-04-05,Beauty,Fragrance,North,Retail,45,155.69,8407.26,1987.19
2023-04-05,Sports,Yoga Mat,East,Direct,14,316.05,4424.7,762.61
2023-04-05,Clothing,Dress,North,Direct,33,197.1,7805.16,1187.85
2023-04-05,Home & Garden,Garden Tools,West,Retail,6,42.21,278.59,113.81
2023-04-05,Beauty,Face Serum,Central,Retail,29,370.02,10730.58,3354.39
2023-04-06,Beauty,Makeup Palette,Central,Wholesale,24,232.65,5583.6,1547.98
2023-04-06,Clothing,Jeans,East,Wholesale,94,183.43,17242.42,6441.15
2023-04-06,Home & Garden,Bedding Set,East,Retail,1,270.06,270.06,43.79
2023-04-06,Clothing,Dress,East,Direct,53,24.29,1287.37,
2023-04-06,Electronics,Smartwatch,South,Wholesale,57,275.74,14931.32,6243.96
2023-04-06,Beauty,Face Serum,Central,Direct,28,268.82,7526.96,1768.82
2023-04-06,Home & Garden,Office Chair,South,Retail,15,253.42,3611.23,1131.71
2023-04-06,Beauty,Makeup Palette,Central,Direct,75,370.66,27799.5,8491.17
2023-04-06,Home & Garden,Bedding Set,East,Direct,95,10.2,969.0,387.82
2023-04-06,Clothing,Jacket,South,Direct,86,165.88,13552.4,5615.5
2023-04-06,Home & Garden,Bedding Set,West,Wholesale,86,64.27,6079.94,1930.3
2023-04-06,Clothing,Jeans,East,Retail,74,344.35,25481.9,6009.93
2023-04-06,Home & Garden,Garden Tools,East,Direct,96,276.2,26515.2,7412.78
2023-04-06,Beauty,Skin Care Kit,North,Retail,96,322.56,37158.91,7068.11
2023-04-06,Beauty,Skin Care Kit,West,Wholesale,39,166.37,7137.27,2573.23
2023-04-07,Sports,Running Shoes,West,Wholesale,47,376.47,19463.5,5961.29
2023-04-07,Clothing,Jeans,East,Direct,38,347.71,13212.98,3292.65
2023-04-07,Home & Garden,Lamp,North,Wholesale,73,138.59,12140.48,4879.47
2023-04-07,Electronics,Headphones,North,Wholesale,29,92.24,3209.95,1212.47
2023-04-07,Home & Garden,Lamp,South,Wholesale,44,451.8,18885.24,8102.5
2023-04-07,Sports,Running Shoes,Central,Direct,58,472.5,27405.0,6430.47
2023-04-07,Clothing,Dress,North,Retail,35,184.15,7734.3,2523.31
2023-04-07,Electronics,Headphones,East,Wholesale,73,103.37,7546.01,3181.07
2023-04-07,Beauty,Hair Dryer,West,Wholesale,74,373.03,30364.64,11002.42
2023-04-07,Home & Garden,Cookware Set,North,Retail,30,20.65,743.4,329.45
2023-04-07,Clothing,T-Shirt,West,Retail,3,216.27,713.69,246.24
2023-04-07,Electronics,Smartphone,West,Retail,19,368.29,7697.26,1276.36
2023-04-07,Electronics,Smartwatch,North,Direct,80,326.84,31376.64,11536.7
2023-04-07,Home & Garden,Bedding Set,South,Direct,60,184.87,10537.59,3079.89
2023-04-07,Clothing,T-Shirt,North,Wholesale,29,282.37,9826.48,3053.02
2023-04-08,Home & Garden,Lamp,North,Retail,46,258.6,14274.72,3470.5
2023-04-08,Beauty,Hair Dryer,West,Retail,26,70.09,2004.57,813.55
2023-04-08,Electronics,Smartwatch,East,Direct,90,378.21,34038.9,7643.82
2023-04-08,Home & Garden,Office Chair,East,Retail,34,202.39,6881.26,2374.99
2023-04-08,Clothing,Sneakers,Central,Wholesale,78,257.87,20113.86,3460.6
2023-04-08,Home & Garden,Lamp,South,Direct,32,247.88,7535.55,2548.22
2023-04-08,Electronics,Tablet,East,Retail,68,274.82,18687.76,6387.28
2023-04-08,Beauty,Makeup Palette,North,Retail,25,378.79,11363.7,1822.54
2023-04-08,Clothing,T-Shirt,North,Direct,51,366.59,22435.31,3919.59
2023-04-08,Home & Garden,Lamp,East,Wholesale,51,488.61,24919.11,9410.3
2023-04-08,Clothing,Sneakers,South,Wholesale,34,294.27,9504.92,2623.93
2023-04-08,Home & Garden,Office Chair,Central,Direct,55,167.43,9208.65,3776.66
2023-04-08,Clothing,T-Shirt,West,Direct,43,157.01,7426.57,2824.26
2023-04-08,Home & Garden,Lamp,South,Retail,89,55.91,4727.19,830.17
2023-04-08,Home & Garden,Office Chair,South,Wholesale,63,13.85,828.92,314.92
2023-04-08,Sports,Tennis Racket,Central,Direct,9,177.74,1599.66,443.49
2023-04-08,Clothing,Jacket,Central,Retail,79,328.93,25985.47,7155.55
2023-04-08,Home & Garden,Lamp,South,Direct,63,225.95,13523.11,4433.65
2023-04-08,Home & Garden,Lamp,West,Retail,75,151.02,12459.15,2774.87
2023-04-08,Beauty,Face Serum,South,Retail,91,97.1,8394.3,2989.82
2023-04-09,Beauty,Skin Care Kit,South,Direct,29,459.18,12650.41,3360.87
2023-04-09,Home & Garden,Lamp,Central,Wholesale,74,26.44,1956.56,328.59
2023-04-09,Sports,Bike Helmet,East,Direct,80,372.78,29822.4,5312.45
2023-04-09,Electronics,Laptop,West,Wholesale,43,215.99,10216.33,2269.84
2023-04-09,Home & Garden,Garden Tools,North,Wholesale,22,301.28,7953.79,2393.29
2023-04-09,Sports,Dumbbell Set,East,Direct,53,375.6,19906.8,5644.21
2023-04-09,Home & Garden,Bedding Set,West,Retail,92,39.23,3970.08,857.47
2023-04-09,Beauty,Skin Care Kit,West,Wholesale,57,280.46,17584.84,7308.25
2023-04-09,Sports,Running Shoes,North,Retail,24,94.16,2711.81,741.89
2023-04-09,Beauty,Makeup Palette,Central,Wholesale,84,175.34,14728.56,4974.17
2023-04-09,Sports,Dumbbell Set,Central,Direct,21,367.07,7708.47,3418.13
2023-04-09,Home & Garden,Office Chair,South,Retail,85,178.19,14388.84,5106.18
2023-04-09,Clothing,T-Shirt,South,Wholesale,52,15.62,771.63,298.71
2023-04-09,Clothing,Jacket,East,Retail,38,367.06,13948.28,4192.81
2023-04-09,Electronics,Headphones,North,Wholesale,98,394.16,46353.22,15964.5
2023-04-09,Electronics,Headphones,West,Retail,23,294.62,7453.89,1195.91
2023-04-09,Beauty,Face Serum,East,Wholesale,3,266.4,799.2,326.59
2023-04-09,Clothing,Dress,South,Wholesale,57,182.84,9900.79,4434.55
2023-04-09,Beauty,Fragrance,South,Direct,84,376.39,30035.92,5962.38
2023-04-10,Clothing,Jeans,North,Direct,30,434.58,15644.88,4130.84
2023-04-10,Home & Garden,Cookware Set,South,Retail,37,356.41,12527.81,4521.24
2023-04-10,Sports,Yoga Mat,North,Wholesale,31,444.76,16545.07,3155.13
2023-04-10,Beauty,Fragrance,West,Wholesale,58,445.16,28401.21,7786.02
2023-04-10,Beauty,Hair Dryer,South,Direct,54,207.13,10625.77,3586.08
2023-04-10,Beauty,Skin Care Kit,East,Direct,84,469.42,39431.28,15176.26
2023-04-10,Sports,Tennis Racket,East,Direct,10,99.02,990.2,319.41
2023-04-10,Home & Garden,Cookware Set,East,Wholesale,59,145.22,8567.98,3100.66
2023-04-10,Clothing,Dress,North,Wholesale,66,410.17,32485.46,13204.16
2023-04-10,Sports,Bike Helmet,Central,Wholesale,87,141.6,12319.2,3070.53
2023-04-10,Electronics,Headphones,West,Wholesale,98,189.74,20453.97,4092.87
2023-04-10,Beauty,Face Serum,West,Wholesale,92,281.33,28470.6,11521.99
2023-04-10,Clothing,Dress,North,Wholesale,71,369.19,31454.99,8646.74
2023-04-10,Clothing,Jacket,Central,Retail,85,398.57,33878.45,9719.55
2023-04-10,Beauty,Hair Dryer,North,Retail,15,67.67,1218.06,363.26
2023-04-10,Beauty,Face Serum,West,Wholesale,27,77.72,2308.28,1025.22
2023-04-10,Home & Garden,Bedding Set,South,Direct,80,100.7,7653.2,1396.97
2023-04-10,Electronics,Tablet,North,Retail,90,168.04,18148.32,2832.64
2023-04-10,Clothing,T-Shirt,East,Direct,78,388.1,30271.8,13493.53
2023-04-10,Sports,Running Shoes,East,Retail,84,338.01,28392.84,
2023-04-11,Electronics,Headphones,East,Retail,25,484.42,12110.5,5264.47
2023-04-11,Home & Garden,Office Chair,West,Wholesale,74,376.17,30620.24,
2023-04-11,Clothing,T-Shirt,Central,Wholesale,33,179.12,5910.96,2638.61
2023-04-11,Clothing,Dress,East,Retail,74,393.75,29137.5,8412.62
2023-04-11,Home & Garden,Bedding Set,South,Direct,68,334.13,21584.8,3411.01
2023-04-11,Home & Garden,Cookware Set,North,Direct,55,140.99,9305.34,2780.32
2023-04-11,Beauty,Hair Dryer,South,Wholesale,21,138.47,2762.48,524.45
2023-04-11,Home & Garden,Cookware Set,North,Direct,85,154.02,15710.04,3678.28
2023-04-11,Electronics,Laptop,South,Direct,41,348.27,13565.12,
2023-04-11,Clothing,Jeans,East,Retail,48,360.9,17323.2,5677.11
2023-04-11,Beauty,Fragrance,West,Retail,20,181.12,3984.64,1613.75
2023-04-11,Clothing,Sneakers,East,Direct,77,374.81,28860.37,9001.55
2023-04-12,Sports,Tennis Racket,North,Direct,18,324.7,7013.52,1927.01
2023-04-12,Clothing,Sneakers,East,Retail,88,44.03,3874.64,798.96
2023-04-12,Electronics,Headphones,South,Direct,2,65.17,123.82,45.5
2023-04-12,Sports,Bike Helmet,East,Direct,27,272.71,7363.17,2563.13
2023-04-12,Electronics,Headphones,Central,Wholesale,86,384.07,33030.02,10419.18
2023-04-12,Electronics,Smartwatch,Central,Retail,44,144.24,6346.56,2000.08
2023-04-12,Beauty,Skin Care Kit,East,Direct,65,420.35,27322.75,5681.27
2023-04-12,Clothing,T-Shirt,West,Retail,32,33.23,1169.7,502.49
2023-04-12,Clothing,Sneakers,East,Retail,47,426.1,20026.7,6032.96
2023-04-12,Sports,Tennis Racket,East,Wholesale,89,138.65,12339.85,5497.35
2023-04-12,Electronics,Smartwatch,South,Retail,99,201.35,18936.97,3604.39
2023-04-12,Clothing,Jacket,South,Retail,17,25.72,415.38,183.96
2023-04-12,Sports,Yoga Mat,West,Wholesale,26,116.65,3336.19,1130.5
2023-04-12,Sports,Dumbbell Set,South,Wholesale,34,268.19,8662.54,
2023-04-12,Sports,Running Shoes,North,Retail,41,441.33,21713.44,6038.35
2023-04-13,Electronics,Smartwatch,West,Direct,8,232.18,2043.18,621.08
2023-04-13,Electronics,Smartphone,East,Wholesale,24,65.78,1578.72,426.37
2023-04-13,Electronics,Headphones,Central,Retail,71,152.19,10805.49,4852.07
2023-04-13,Beauty,Face Serum,Central,Retail,96,367.58,35287.68,12473.62
2023-04-13,Electronics,Smartphone,South,Direct,83,301.92,23806.39,4621.42
2023-04-13,Electronics,Smartphone,North,Retail,7,483.6,4062.24,1722.38
2023-04-13,Home & Garden,Office Chair,Central,Retail,61,283.39,17286.79,3746.56
2023-04-13,Sports,Bike Helmet,West,Wholesale,31,428.12,14598.89,3687.98
2023-04-13,Electronics,Tablet,Central,Retail,36,132.18,4758.48,1696.6
2023-04-13,Home & Garden,Cookware Set,South,Wholesale,70,336.58,22382.57,4156.06
2023-04-13,Electronics,Laptop,South,Direct,1,10.23,9.72,4.16
2023-04-13,Clothing,Jacket,North,Retail,72,322.49,27863.14,4367.58
2023-04-13,Sports,Dumbbell Set,East,Wholesale,65,414.64,26951.6,7226.93
2023-04-13,Sports,Bike Helmet,North,Wholesale,79,48.21,4570.31,1186.58
2023-04-13,Electronics,Laptop,Central,Direct,38,229.69,8728.22,3080.38
2023-04-13,Electronics,Tablet,West,Retail,20,111.88,2461.36,899.02
2023-04-13,Clothing,T-Shirt,North,Retail,80,484.3,46492.8,8950.73
2023-04-13,Beauty,Fragrance,Central,Wholesale,81,410.32,33235.92,8075.78
2023-04-13,Clothing,Sneakers,West,Direct,80,222.76,19602.88,6814.6
2023-04-14,Sports,Bike Helmet,South,Retail,18,40.92,699.73,267.9
2023-04-14,Electronics,Smartwatch,North,Retail,69,101.61,8413.31,2084.78
2023-04-14,Electronics,Smartwatch,East,Retail,51,431.6,22011.6,8425.41
2023-04-14,Electronics,Tablet,West,Retail,79,250.07,21731.08,5377.76
2023-04-14,Home & Garden,Bedding Set,North,Retail,70,71.85,6035.4,1316.55
2023-04-14,Home & Garden,Bedding Set,West,Retail,22,369.08,8931.74,1361.71
2023-04-14,Beauty,Hair Dryer,East,Wholesale,64,385.74,24687.36,9689.8
2023-04-14,Clothing,Dress,Central,Wholesale,58,160.24,9293.92,2607.55
2023-04-14,Home & Garden,Bedding Set,North,Wholesale,85,212.16,21640.32,9108.42
2023-04-14,Home & Garden,Garden Tools,Central,Retail,74,365.79,27068.46,11820.12
2023-04-14,Sports,Tennis Racket,South,Direct,19,68.97,1244.91,461.76
2023-04-14,Electronics,Headphones,South,Retail,99,145.77,13709.67,6165.82
2023-04-14,Clothing,Dress,West,Wholesale,20,190.59,4192.98,1225.9
2023-04-14,Electronics,Headphones,Central,Direct,78,119.4,9313.2,2231.05
2023-04-14,Sports,Bike Helmet,North,Retail,97,389.53,45341.29,16378.93
2023-04-14,Electronics,Smartphone,West,Wholesale,76,150.01,12540.84,2139.75
2023-04-14,Clothing,T-Shirt,East,Wholesale,78,230.34,17966.52,5411.58
2023-04-15,Sports,Dumbbell Set,West,Retail,71,169.8,13261.38,3088.05
2023-04-15,Sports,Running Shoes,Central,Retail,33,335.07,11057.31,2499.63
2023-04-15,Beauty,Makeup Palette,North,Wholesale,46,481.77,26593.7,7722.07
2023-04-15,Home & Garden,Garden Tools,South,Direct,36,228.54,7816.07,1284.49
2023-04-15,Electronics,Laptop,North,Retail,17,285.16,5817.26,1784.22
2023-04-15,Electronics,Laptop,East,Retail,75,107.16,8037.0,1651.0
2023-04-15,Sports,Dumbbell Set,South,Retail,4,192.41,731.16,218.12
2023-04-15,Beauty,Face Serum,South,Retail,73,424.85,29463.35,7968.02
2023-04-15,Home & Garden,Cookware Set,North,Wholesale,53,142.17,9042.01,1756.94
2023-04-15,Sports,Yoga Mat,Central,Direct,59,59.66,3519.94,807.28
2023-04-15,Sports,Running Shoes,West,Retail,50,215.6,11858.0,2117.11
2023-04-15,Electronics,Smartphone,West,Wholesale,77,368.39,31202.63,11036.78
2023-04-15,Beauty,Skin Care Kit,North,Direct,95,469.86,53564.04,21105.19
2023-04-15,Clothing,Sneakers,South,Wholesale,88,272.36,22769.3,8258.42
2023-04-15,Sports,Dumbbell Set,South,Retail,11,498.02,5204.31,1295.82
2023-04-15,Sports,Yoga Mat,Central,Direct,88,105.79,9309.52,2194.69
2023-04-15,Sports,Yoga Mat,Central,Direct,76,196.15,14907.4,2478.55
2023-04-15,Sports,Dumbbell Set,East,Direct,23,320.49,7371.27,1367.75
2023-04-15,Sports,Yoga Mat,Central,Wholesale,76,282.73,21487.48,5120.16
2023-04-16,Electronics,Headphones,West,Retail,12,454.63,6001.12,1892.56
2023-04-16,Home & Garden,Office Chair,Central,Wholesale,46,425.74,19584.04,5558.69
2023-04-16,Home & Garden,Bedding Set,East,Retail,5,429.95,2149.75,413.22
2023-04-16,Sports,Yoga Mat,West,Retail,78,36.75,3153.15,883.01
2023-04-16,Home & Garden,Lamp,North,Direct,63,213.83,16165.55,3939.88
2023-04-16,Home & Garden,Cookware Set,Central,Direct,86,21.3,1831.8,629.85
2023-04-16,Electronics,Smartwatch,East,Wholesale,38,118.27,4494.26,721.99
2023-04-16,Clothing,T-Shirt,Central,Retail,8,65.14,521.12,85.04
2023-04-16,Beauty,Face Serum,West,Wholesale,76,351.07,29349.45,8963.87
2023-04-16,Home & Garden,Bedding Set,South,Direct,76,50.32,3633.1,699.44
2023-04-16,Home & Garden,Bedding Set,North,Retail,76,340.3,31035.36,9700.67
2023-04-16,Sports,Bike Helmet,South,Retail,87,490.45,40535.69,12317.84
2023-04-16,Beauty,Skin Care Kit,West,Retail,25,161.7,4446.75,1596.46
2023-04-17,Home & Garden,Cookware Set,East,Direct,22,19.66,432.52,107.19
2023-04-17,Clothing,Jeans,Central,Wholesale,64,139.28,8913.92,3130.26
2023-04-17,Beauty,Hair Dryer,South,Wholesale,20,24.36,462.84,161.48
2023-04-17,Beauty,Skin Care Kit,West,Retail,69,195.01,14801.26,5891.42
2023-04-17,Electronics,Smartwatch,North,Wholesale,29,73.19,2547.01,514.47
2023-04-17,Electronics,Smartwatch,East,Wholesale,72,485.32,34943.04,14793.43
2023-04-17,Electronics,Smartphone,East,Direct,6,86.23,517.38,118.16
2023-04-17,Home & Garden,Lamp,North,Wholesale,85,354.39,36147.78,11405.89
2023-04-17,Home & Garden,Office Chair,East,Direct,56,92.11,5158.16,1941.1
2023-04-17,Clothing,T-Shirt,Central,Wholesale,60,210.8,12648.0,4265.14
2023-04-17,Home & Garden,Lamp,Central,Retail,83,390.86,32441.38,6994.3
2023-04-17,Sports,Dumbbell Set,West,Wholesale,77,59.6,5048.12,1416.29
2023-04-17,Sports,Dumbbell Set,Central,Retail,56,122.0,6832.0,1207.75
2023-04-17,Clothing,Dress,Central,Retail,47,292.42,13743.74,4832.23
2023-04-17,Home & Garden,Lamp,East,Wholesale,63,385.98,24316.74,5372.18
2023-04-17,Beauty,Makeup Palette,East,Retail,18,174.82,3146.76,595.24
2023-04-18,Home & Garden,Cookware Set,South,Retail,42,338.44,13503.76,3906.28
2023-04-18,Sports,Dumbbell Set,West,Direct,41,480.14,21654.31,4779.58
2023-04-18,Sports,Tennis Racket,Central,Direct,57,494.96,28212.72,10975.48
2023-04-18,Beauty,Fragrance,North,Wholesale,89,182.92,19535.86,5655.31
2023-04-18,Sports,Bike Helmet,South,Retail,40,336.47,12785.86,2725.49
2023-04-18,Clothing,Sneakers,East,Retail,73,483.19,35272.87,5566.03
2023-04-18,Clothing,Jacket,West,Wholesale,39,147.17,6313.59,1623.85
2023-04-18,Sports,Tennis Racket,Central,Wholesale,89,119.76,10658.64,3502.6
2023-04-18,Clothing,T-Shirt,East,Wholesale,44,232.26,10219.44,3661.79
2023-04-18,Home & Garden,Garden Tools,West,Direct,64,218.06,15351.42,3750.95
2023-04-18,Electronics,Headphones,Central,Retail,23,42.6,979.8,255.94
2023-04-18,Clothing,T-Shirt,South,Direct,80,73.41,5579.16,2174.53
2023-04-18,Electronics,Tablet,East,Retail,42,317.26,13324.92,4392.61
2023-04-18,Clothing,Dress,Central,Retail,31,199.01,6169.31,2387.29
2023-04-18,Sports,Bike Helmet,Central,Retail,27,457.81,12360.87,4431.01
2023-04-18,Clothing,Dress,East,Direct,48,422.81,20294.88,6041.02
2023-04-18,Sports,Dumbbell Set,East,Retail,35,28.16,985.6,431.77
2023-04-19,Clothing,Dress,South,Retail,71,88.47,5967.3,1897.33
2023-04-19,Sports,Tennis Racket,Central,Direct,52,428.38,22275.76,4831.96
2023-04-19,Electronics,Smartphone,East,Direct,41,179.72,7368.52,2087.61
2023-04-19,Home & Garden,Office Chair,East,Direct,92,275.96,25388.32,6254.23
2023-04-19,Clothing,T-Shirt,East,Wholesale,46,265.12,12195.52,2113.74
2023-04-19,Sports,Yoga Mat,West,Retail,99,306.69,33398.54,9334.88
2023-04-19,Electronics,Headphones,North,Retail,49,475.88,27981.74,7004.52
2023-04-19,Home & Garden,Cookware Set,Central,Direct,86,311.13,26757.18,10813.75
2023-04-19,Beauty,Makeup Palette,West,Wholesale,55,417.53,25260.56,9744.36
2023-04-19,Clothing,Sneakers,South,Direct,67,137.28,8737.87,2254.37
2023-04-19,Clothing,T-Shirt,South,Direct,11,180.23,1883.4,691.48
2023-04-20,Clothing,T-Shirt,West,Direct,12,29.81,393.49,99.37
2023-04-20,Sports,Tennis Racket,East,Direct,83,262.61,21796.63,9111.54
2023-04-20,Sports,Bike Helmet,West,Retail,92,237.95,24080.54,9986.56
2023-04-20,Home & Garden,Garden Tools,West,Retail,96,420.38,44392.13,19571.38
2023-04-20,Sports,Bike Helmet,East,Retail,56,33.98,1902.88,287.18
2023-04-20,Clothing,T-Shirt,East,Wholesale,63,88.47,5573.61,2035.84
2023-04-20,Home & Garden,Bedding Set,West,Wholesale,8,371.01,3264.89,979.65
2023-04-20,Clothing,Sneakers,South,Wholesale,4,32.85,124.83,42.89
2023-04-20,Electronics,Smartphone,West,Direct,86,351.4,33242.44,12880.29
2023-04-20,Beauty,Makeup Palette,West,Retail,2,123.16,270.95,53.41
2023-04-20,Electronics,Laptop,Central,Wholesale,82,498.87,40907.34,15324.06
2023-04-20,Sports,Tennis Racket,Central,Retail,23,290.55,6682.65,1112.32
2023-04-20,Sports,Tennis Racket,East,Wholesale,90,137.69,12392.1,4475.4
2023-04-20,Home & Garden,Lamp,East,Wholesale,80,293.69,23495.2,9666.75
2023-04-20,Sports,Yoga Mat,Central,Direct,76,28.28,2149.28,728.25
2023-04-20,Beauty,Fragrance,West,Retail,67,140.99,10390.96,3128.06
2023-04-20,Electronics,Tablet,West,Wholesale,63,116.78,8092.85,3050.07
2023-04-21,Clothing,Dress,Central,Wholesale,94,437.38,41113.72,11531.02
2023-04-21,Beauty,Face Serum,Central,Wholesale,51,120.3,6135.3,1663.83
2023-04-21,Beauty,Makeup Palette,East,Wholesale,73,219.05,15990.65,3293.14
2023-04-21,Beauty,Hair Dryer,Central,Retail,2,156.42,312.84,132.74
2023-04-21,Beauty,Makeup Palette,East,Retail,47,442.15,20781.05,6728.66
2023-04-21,Electronics,Laptop,East,Direct,57,152.39,8686.23,2660.73
2023-04-21,Clothing,Jeans,West,Retail,71,316.71,24735.05,3804.06
2023-04-21,Clothing,Dress,East,Retail,55,379.96,20897.8,9375.97
2023-04-21,Beauty,Fragrance,North,Retail,45,66.33,3581.82,670.84
2023-04-21,Electronics,Tablet,Central,Retail,81,85.49,6924.69,3017.31
2023-04-21,Home & Garden,Cookware Set,West,Wholesale,47,321.48,16620.52,2764.24
2023-04-21,Home & Garden,Garden Tools,South,Wholesale,84,382.98,30561.8,12375.58
2023-04-21,Beauty,Makeup Palette,North,Wholesale,38,36.34,1657.1,524.6
2023-04-21,Home & Garden,Cookware Set,West,Retail,6,346.95,2289.87,545.13
2023-04-21,Beauty,Skin Care Kit,Central,Wholesale,33,340.3,11229.9,4122.86
2023-04-21,Electronics,Laptop,Central,Retail,77,216.27,16652.79,3983.06
2023-04-22,Clothing,T-Shirt,East,Wholesale,59,135.11,7971.49,1218.2
2023-04-22,Clothing,Sneakers,Central,Wholesale,6,477.5,2865.0,488.99
2023-04-22,Electronics,Smartphone,West,Retail,60,324.82,21438.12,9004.82
2023-04-22,Electronics,Laptop,East,Direct,89,15.34,1365.26,339.49
2023-04-22,Home & Garden,Cookware Set,South,Direct,17,240.46,3883.43,674.44
2023-04-22,Beauty,Skin Care Kit,South,Retail,42,177.29,7073.87,2072.55
2023-04-22,Home & Garden,Bedding Set,South,Retail,99,473.77,44558.07,13629.9
2023-04-22,Electronics,Laptop,East,Wholesale,61,433.03,26414.83,5399.33
2023-04-22,Beauty,Hair Dryer,West,Retail,92,220.51,22315.61,3606.63
2023-04-22,Sports,Yoga Mat,North,Retail,87,434.23,45333.61,7842.12
2023-04-22,Sports,Tennis Racket,North,Wholesale,94,62.15,7010.52,1151.01
2023-04-22,Beauty,Makeup Palette,West,Wholesale,78,286.49,24580.84,9667.74
2023-04-22,Home & Garden,Lamp,North,Retail,64,375.56,28843.01,11777.35
2023-04-23,Beauty,Fragrance,West,Retail,15,383.09,6320.98,1544.12
2023-04-23,Beauty,Makeup Palette,East,Direct,23,22.39,514.97,133.74
2023-04-23,Home & Garden,Lamp,West,Wholesale,8,338.84,2981.79,941.22
2023-04-23,Home & Garden,Garden Tools,West,Direct,93,406.28,41562.44,17883.12
2023-04-23,Home & Garden,Office Chair,West,Retail,47,385.88,19950.0,5635.26
2023-04-23,Sports,Yoga Mat,East,Wholesale,77,90.79,6990.83,1089.31
2023-04-23,Electronics,Smartphone,East,Direct,68,71.19,4840.92,1708.27
2023-04-23,Electronics,Laptop,East,Direct,40,342.14,13685.6,2446.47
2023-04-23,Sports,Yoga Mat,South,Wholesale,55,36.01,1881.52,454.83
2023-04-23,Electronics,Laptop,West,Wholesale,59,92.5,6003.25,1158.76
2023-04-23,Electronics,Smartwatch,South,Retail,59,191.14,10713.4,3046.06
2023-04-23,Electronics,Smartphone,North,Direct,81,276.5,26875.8,10686.72
2023-04-23,Electronics,Smartwatch,East,Direct,99,88.16,8727.84,3354.62
2023-04-23,Beauty,Face Serum,North,Wholesale,16,229.21,4400.83,740.65
2023-04-23,Electronics,Tablet,North,Retail,23,477.37,13175.41,2381.07
2023-04-24,Sports,Dumbbell Set,South,Direct,15,350.87,4999.9,1129.98
2023-04-24,Electronics,Headphones,East,Wholesale,40,329.88,13195.2,3108.29
2023-04-24,Home & Garden,Office Chair,Central,Wholesale,98,106.11,10398.78,1702.32
2023-04-24,Home & Garden,Cookware Set,West,Retail,69,171.11,12987.25,4475.54
2023-04-24,Sports,Running Shoes,North,Retail,40,458.22,21994.56,5272.27
2023-04-24,Beauty,Makeup Palette,West,Direct,14,189.84,2923.54,473.1
2023-04-24,Home & Garden,Lamp,West,Retail,22,314.89,7620.34,3067.95
2023-04-24,Home & Garden,Bedding Set,Central,Retail,26,86.91,2259.66,933.09
2023-04-24,Beauty,Hair Dryer,Central,Retail,1,409.15,409.15,69.63
2023-04-24,Sports,Tennis Racket,East,Direct,54,36.55,1973.7,463.48
2023-04-24,Sports,Yoga Mat,West,Direct,46,119.73,6058.34,1809.74
2023-04-24,Clothing,Sneakers,East,Direct,27,460.37,12429.99,2890.84
2023-04-24,Electronics,Smartwatch,West,Wholesale,96,133.63,14111.33,6011.54
2023-04-24,Sports,Dumbbell Set,South,Wholesale,22,110.48,2309.03,836.52
2023-04-24,Electronics,Headphones,South,Wholesale,47,486.15,21706.6,4444.34
2023-04-24,Electronics,Laptop,Central,Wholesale,72,314.85,22669.2,6517.79
2023-04-24,Home & Garden,Office Chair,East,Wholesale,40,149.71,5988.4,1101.09
2023-04-24,Beauty,Skin Care Kit,South,Retail,4,265.25,1007.95,193.67
2023-04-24,Electronics,Headphones,East,Retail,7,268.86,1882.02,830.51
2023-04-24,Home & Garden,Cookware Set,Central,Wholesale,35,483.0,16905.0,6224.21
2023-04-24,Home & Garden,Office Chair,South,Retail,41,191.38,7454.25,2264.5
2023-04-24,Sports,Bike Helmet,North,Wholesale,87,372.93,38933.89,10271.35
2023-04-25,Sports,Tennis Racket,Central,Wholesale,24,276.37,6632.88,
2023-04-25,Sports,Tennis Racket,Central,Wholesale,78,422.44,32950.32,13014.31
2023-04-25,Home & Garden,Garden Tools,West,Retail,96,443.45,46828.32,9611.14
2023-04-25,Clothing,Jacket,South,Wholesale,3,117.54,334.99,75.74
2023-04-25,Beauty,Makeup Palette,Central,Direct,96,11.7,1123.2,214.85
2023-04-25,Clothing,Jeans,Central,Retail,36,309.16,11129.76,4577.68
2023-04-25,Electronics,Tablet,South,Wholesale,37,29.09,1022.51,270.63
2023-04-25,Sports,Dumbbell Set,North,Direct,15,403.57,7264.26,3241.06
2023-04-25,Beauty,Face Serum,East,Retail,25,98.61,2465.25,965.73
2023-04-25,Electronics,Smartwatch,West,Direct,1,89.08,97.99,32.57
2023-04-25,Clothing,T-Shirt,Central,Direct,82,281.83,23110.06,5370.68
2023-04-25,Electronics,Smartwatch,South,Wholesale,50,90.86,4315.85,1486.41
2023-04-25,Sports,Bike Helmet,North,Retail,94,369.46,41675.09,15439.77
2023-04-25,Beauty,Fragrance,East,Direct,90,227.52,20476.8,3166.75
2023-04-25,Beauty,Fragrance,Central,Retail,13,137.08,1782.04,433.39
2023-04-26,Home & Garden,Lamp,West,Wholesale,60,58.32,3849.12,1710.53
2023-04-26,Home & Garden,Bedding Set,West,Wholesale,3,89.05,293.87,108.1
2023-04-26,Beauty,Face Serum,Central,Wholesale,77,333.89,25709.53,8283.52
2023-04-26,Electronics,Laptop,West,Wholesale,44,312.23,15111.93,6707.24
2023-04-26,Home & Garden,Bedding Set,South,Wholesale,58,279.56,15403.76,5521.68
2023-04-26,Beauty,Hair Dryer,Central,Direct,96,276.62,26555.52,7493.97
2023-04-26,Home & Garden,Garden Tools,South,Retail,38,210.29,7591.47,3096.7
2023-04-26,Home & Garden,Cookware Set,West,Retail,28,302.11,9304.99,2668.0
2023-04-26,Electronics,Tablet,Central,Retail,69,242.37,16723.53,6057.7
2023-04-26,Beauty,Hair Dryer,South,Direct,7,25.46,169.31,42.05
2023-04-26,Sports,Bike Helmet,East,Direct,89,402.86,35854.54,16025.1
2023-04-26,Home & Garden,Office Chair,South,Direct,15,89.12,1269.96,
2023-04-26,Electronics,Tablet,South,Direct,62,367.57,21649.87,4393.02
2023-04-26,Clothing,Jeans,South,Retail,86,15.86,1295.76,195.83
2023-04-27,Clothing,Jeans,South,Retail,90,62.97,5383.93,2216.3
2023-04-27,Electronics,Headphones,East,Retail,88,325.77,28667.76,10892.26
2023-04-27,Clothing,T-Shirt,South,Wholesale,96,268.45,24482.64,10640.88
2023-04-27,Electronics,Tablet,North,Direct,54,139.05,9010.44,2850.67
2023-04-27,Sports,Running Shoes,East,Wholesale,27,168.13,4539.51,811.84
2023-04-27,Clothing,Jacket,South,Direct,39,330.04,12227.98,
2023-04-27,Sports,Tennis Racket,East,Wholesale,55,467.79,25728.45,6225.14
2023-04-27,Sports,Bike Helmet,North,Wholesale,99,153.17,18196.6,7542.38
2023-04-27,Electronics,Headphones,West,Wholesale,82,248.31,22397.56,8363.4
2023-04-27,Clothing,Dress,North,Retail,55,362.26,23909.16,6097.5
2023-04-27,Beauty,Face Serum,North,Retail,36,340.49,14709.17,2261.97
2023-04-28,Beauty,Skin Care Kit,East,Wholesale,11,116.13,1277.43,424.05
2023-04-28,Electronics,Tablet,South,Retail,95,354.27,31972.87,14041.21
2023-04-28,Home & Garden,Garden Tools,North,Direct,74,413.43,36712.58,15013.82
2023-04-28,Electronics,Smartwatch,East,Retail,68,60.28,4099.04,1387.79
2023-04-28,Sports,Running Shoes,South,Retail,39,53.25,1972.91,483.61
2023-04-28,Clothing,T-Shirt,Central,Retail,90,335.07,30156.3,7580.61
2023-04-28,Clothing,Jacket,West,Direct,12,191.57,2528.72,629.37
2023-04-28,Clothing,Jacket,South,Wholesale,17,201.64,3256.49,1047.22
2023-04-28,Clothing,Jeans,Central,Retail,93,30.3,2817.9,656.64
2023-04-28,Sports,Yoga Mat,East,Retail,93,317.36,29514.48,9589.37
2023-04-28,Electronics,Headphones,West,Wholesale,95,432.67,45214.02,18714.57
2023-04-28,Beauty,Face Serum,South,Retail,19,378.48,6831.56,1085.77
2023-04-28,Home & Garden,Cookware Set,Central,Retail,65,419.67,27278.55,9485.12
2023-04-28,Electronics,Laptop,North,Direct,3,25.66,92.38,37.4
2023-04-28,Electronics,Laptop,North,Wholesale,37,209.55,9304.02,2749.72
2023-04-28,Electronics,Smartwatch,Central,Direct,70,376.85,26379.5,9122.65
2023-04-28,Clothing,T-Shirt,Central,Direct,57,43.07,2454.99,1063.03
2023-04-28,Electronics,Laptop,South,Wholesale,93,290.05,25625.92,10854.31
2023-04-28,Clothing,Sneakers,North,Direct,88,274.46,28982.98,11033.04
2023-04-28,Sports,Dumbbell Set,East,Retail,92,494.69,45511.48,18495.07
2023-04-28,Home & Garden,Cookware Set,West,Direct,66,493.25,35809.95,16070.71
2023-04-28,Electronics,Smartwatch,Central,Direct,70,376.85,26379.5,9122.65
2023-04-29,Home & Garden,Cookware Set,East,Direct,19,77.42,1470.98,347.25
2023-04-29,Beauty,Fragrance,South,Retail,7,59.1,393.01,97.9
2023-04-29,Clothing,Jacket,East,Direct,47,53.32,2506.04,652.04
2023-04-29,Electronics,Smartphone,North,Wholesale,63,76.43,5778.11,1110.64
2023-04-29,Beauty,Makeup Palette,South,Direct,22,401.69,8395.32,1358.32
2023-04-29,Home & Garden,Office Chair,West,Retail,40,114.86,5053.84,1038.39
2023-04-29,Home & Garden,Office Chair,South,Retail,99,72.27,6796.99,1480.61
2023-04-29,Sports,Yoga Mat,South,Retail,57,493.92,26745.77,8728.62
2023-04-29,Clothing,Sneakers,North,Direct,74,183.91,16331.21,6980.94
2023-04-29,Home & Garden,Lamp,West,Wholesale,57,426.66,26751.58,11095.13
2023-04-29,Electronics,Smartwatch,North,Direct,58,413.19,28758.02,8064.77
2023-04-29,Clothing,Jeans,East,Retail,21,399.51,8389.71,3151.79
2023-04-29,Electronics,Headphones,West,Direct,92,336.0,34003.2,5684.36
2023-04-29,Clothing,Jacket,West,Direct,15,173.75,2866.88,1126.09
2023-04-29,Beauty,Hair Dryer,West,Direct,80,62.38,5489.44,926.48
2023-04-29,Sports,Tennis Racket,South,Retail,15,364.61,5195.69,2178.01
2023-04-29,Clothing,Jeans,West,Wholesale,71,66.41,5186.62,923.66
2023-04-29,Electronics,Laptop,Central,Direct,29,16.02,464.58,165.48
2023-04-30,Electronics,Tablet,West,Direct,43,284.47,13455.43,4520.05
2023-04-30,Electronics,Tablet,South,Direct,51,60.47,2929.77,495.53
2023-04-30,Beauty,Face Serum,East,Retail,95,436.95,41510.25,14551.38
2023-04-30,Home & Garden,Cookware Set,West,Retail,52,409.38,23416.54,4594.65
2023-04-30,Beauty,Face Serum,West,Wholesale,16,63.66,1120.42,446.93
2023-04-30,Sports,Bike Helmet,Central,Wholesale,93,358.32,33323.76,8566.51
2023-04-30,Sports,Tennis Racket,North,Wholesale,45,348.46,18816.84,6408.86
2023-04-30,Clothing,Jacket,West,Direct,44,349.89,16934.68,4303.26
2023-04-30,Sports,Yoga Mat,East,Direct,93,219.93,20453.49,6414.28
2023-04-30,Home & Garden,Office Chair,East,Retail,47,142.02,6674.94,2226.67
2023-05-01,Home & Garden,Cookware Set,South,Wholesale,15,400.34,5704.84,2028.49
2023-05-01,Clothing,Dress,West,Direct,25,417.88,11491.7,3690.11
2023-05-01,Electronics,Smartwatch,East,Retail,40,373.53,14941.2,4240.66
2023-05-01,Electronics,Smartphone,West,Direct,69,74.54,5657.59,855.96
2023-05-01,Clothing,Dress,West,Wholesale,57,401.92,25200.38,9930.53
2023-05-01,Sports,Dumbbell Set,Central,Wholesale,75,34.13,2559.75,660.21
2023-05-01,Beauty,Hair Dryer,East,Wholesale,7,184.32,1290.24,303.61
2023-05-01,Beauty,Skin Care Kit,East,Retail,69,134.06,9250.14,4061.52
2023-05-01,Clothing,Sneakers,West,Wholesale,2,374.65,824.23,203.03
2023-05-01,Beauty,Face Serum,South,Retail,91,225.05,19455.57,3297.61
2023-05-01,Clothing,Sneakers,South,Retail,68,255.75,16521.45,5123.57
2023-05-01,Clothing,Jeans,Central,Retail,24,269.95,6478.8,1982.38
2023-05-01,Sports,Running Shoes,North,Retail,68,253.64,20697.02,6468.95
2023-05-01,Sports,Yoga Mat,East,Wholesale,14,77.29,1082.06,186.16
2023-05-02,Home & Garden,Office Chair,South,Direct,19,21.97,396.56,88.61
2023-05-02,Beauty,Makeup Palette,Central,Wholesale,58,449.63,26078.54,9729.82
2023-05-02,Home & Garden,Lamp,Central,Retail,69,250.02,17251.38,5501.07
2023-05-02,Electronics,Headphones,Central,Direct,54,483.16,26090.64,9291.41
2023-05-02,Sports,Bike Helmet,West,Retail,56,277.11,17069.98,5953.09
2023-05-02,Sports,Tennis Racket,Central,Direct,77,52.18,4017.86,853.13
2023-05-02,Beauty,Fragrance,South,Direct,92,209.62,18320.79,4026.81
2023-05-02,Home & Garden,Office Chair,Central,Retail,78,21.01,1638.78,377.63
2023-05-02,Electronics,Smartphone,North,Retail,2,112.83,270.79,115.27
2023-05-02,Clothing,T-Shirt,West,Retail,76,83.86,7010.7,1268.78
2023-05-02,Electronics,Tablet,Central,Direct,92,126.3,11619.6,4048.54
2023-05-02,Beauty,Skin Care Kit,South,Retail,60,189.93,10826.01,1885.91
2023-05-02,Beauty,Makeup Palette,Central,Direct,13,109.7,1426.1,313.97
2023-05-02,Clothing,Dress,South,Retail,36,381.06,13032.25,2682.19
2023-05-02,Clothing,T-Shirt,South,Retail,15,154.54,2202.19,541.36
2023-05-02,Clothing,T-Shirt,Central,Retail,35,249.66,8738.1,1566.62
2023-05-02,Beauty,Hair Dryer,North,Direct,64,255.57,19627.78,6176.46
2023-05-02,Beauty,Face Serum,North,Retail,14,396.76,6665.57,1424.03
2023-05-02,Beauty,Makeup Palette,South,Retail,59,117.29,6574.1,2554.99
2023-05-02,Beauty,Fragrance,East,Wholesale,53,426.75,22617.75,5002.1
2023-05-03,Clothing,Jacket,Central,Wholesale,21,209.38,4396.98,1892.94
2023-05-03,Electronics,Smartwatch,East,Direct,54,349.82,18890.28,7323.24
2023-05-03,Beauty,Skin Care Kit,East,Direct,55,470.15,25858.25,11182.23
2023-05-03,Sports,Dumbbell Set,West,Direct,82,301.66,27209.73,8501.34
2023-05-03,Clothing,Jeans,South,Wholesale,41,320.6,12487.37,5251.59
2023-05-03,Sports,Running Shoes,West,Retail,9,163.78,1621.42,377.88
2023-05-03,Electronics,Smartphone,South,Wholesale,77,453.44,33169.14,11723.17
2023-05-03,Beauty,Makeup Palette,South,Retail,78,487.5,36123.75,9497.57
2023-05-03,Beauty,Makeup Palette,North,Direct,94,270.03,30459.38,9198.02
2023-05-03,Clothing,Dress,West,Retail,24,371.06,9795.98,2135.27
2023-05-03,Beauty,Face Serum,South,Direct,4,132.5,503.5,223.74
2023-05-03,Home & Garden,Lamp,North,Direct,72,235.17,20318.69,5354.91
2023-05-03,Home & Garden,Office Chair,West,Direct,19,135.3,2827.77,656.59
2023-05-03,Beauty,Fragrance,East,Direct,75,420.93,31569.75,7795.44
2023-05-04,Home & Garden,Cookware Set,West,Wholesale,86,56.74,5367.6,2385.93
2023-05-04,Home & Garden,Garden Tools,West,Wholesale,69,14.08,1068.67,455.92
2023-05-04,Clothing,Sneakers,East,Wholesale,17,186.44,3169.48,1202.03
2023-05-04,Beauty,Makeup Palette,Central,Retail,12,135.81,1629.72,474.4
2023-05-04,Electronics,Headphones,South,Wholesale,62,204.68,12055.65,4117.97
2023-05-04,Sports,Running Shoes,West,Retail,53,134.99,7869.92,1617.08
2023-05-04,Clothing,Sneakers,South,Wholesale,2,164.86,313.23,128.55
2023-05-04,Clothing,Dress,West,Retail,4,421.8,1855.92,486.08
2023-05-04,Sports,Tennis Racket,South,Retail,89,316.4,26751.62,6297.76
2023-05-04,Home & Garden,Cookware Set,South,Direct,34,492.65,15912.59,4727.17
2023-05-04,Beauty,Makeup Palette,South,Retail,48,53.82,2454.19,510.02
2023-05-05,Electronics,Tablet,Central,Direct,27,284.83,7690.41,3456.35
2023-05-05,Electronics,Smartphone,East,Retail,79,118.22,9339.38,4083.25
2023-05-05,Sports,Tennis Racket,Central,Direct,17,36.53,621.01,242.06
2023-05-05,Sports,Yoga Mat,East,Wholesale,9,177.65,1598.85,520.74
2023-05-05,Home & Garden,Office Chair,West,Retail,58,363.46,23188.75,8943.06
2023-05-05,Home & Garden,Office Chair,North,Wholesale,30,185.13,6664.68,1400.91
2023-05-05,Home & Garden,Garden Tools,Central,Direct,34,153.58,5221.72,1672.46
2023-05-05,Clothing,Jeans,Central,Retail,61,131.82,8041.02,
2023-05-05,Electronics,Laptop,West,Direct,45,363.31,17983.85,6063.98
2023-05-05,Beauty,Makeup Palette,South,Retail,49,66.6,3100.23,924.14
2023-05-05,Beauty,Makeup Palette,West,Retail,67,319.01,23511.04,8381.33
2023-05-05,Home & Garden,Office Chair,West,Wholesale,79,406.65,35337.89,10735.61
2023-05-05,Electronics,Tablet,North,Retail,52,346.45,21618.48,5491.43
2023-05-06,Beauty,Skin Care Kit,North,Direct,40,205.1,9844.8,3594.14
2023-05-06,Electronics,Tablet,South,Wholesale,43,418.57,17098.58,7295.69
2023-05-06,Sports,Bike Helmet,East,Direct,5,88.55,442.75,92.84
2023-05-06,Home & Garden,Garden Tools,Central,Retail,71,243.78,17308.38,7445.95
2023-05-06,Clothing,Jeans,North,Retail,50,128.7,7722.0,3236.5
2023-05-06,Sports,Tennis Racket,East,Wholesale,36,435.98,15695.28,4692.41
2023-05-06,Clothing,T-Shirt,West,Direct,4,244.33,1075.05,205.15
2023-05-06,Beauty,Makeup Palette,West,Wholesale,40,463.58,20397.52,8349.89
2023-05-06,Beauty,Fragrance,West,Retail,62,96.29,6566.98,1052.57
2023-05-06,Sports,Running Shoes,East,Retail,52,191.14,9939.28,2722.93
2023-05-06,Beauty,Makeup Palette,East,Wholesale,87,467.38,40662.06,15300.87
2023-05-06,Home & Garden,Lamp,South,Retail,40,51.39,1952.82,570.11
2023-05-06,Home & Garden,Office Chair,Central,Retail,65,156.96,10202.4,2272.08
2023-05-06,Home & Garden,Cookware Set,South,Retail,52,218.92,10814.65,3714.1
2023-05-06,Beauty,Fragrance,North,Retail,45,334.77,18077.58,3803.9
2023-05-06,Sports,Running Shoes,South,Wholesale,73,119.15,8263.05,2894.45
2023-05-06,Home & Garden,Office Chair,North,Direct,25,120.79,3623.7,1443.18
2023-05-06,Beauty,Fragrance,South,Wholesale,7,199.58,1327.21,237.58
2023-05-06,Clothing,Jeans,West,Direct,4,251.32,1105.81,227.86
2023-05-06,Clothing,Dress,South,Direct,48,320.5,14614.8,4556.93
2023-05-06,Sports,Tennis Racket,South,Retail,21,452.38,9024.98,2129.61
2023-05-06,Electronics,Smartwatch,North,Wholesale,93,76.16,8499.46,3089.86
2023-05-06,Clothing,Jeans,North,Direct,45,124.1,6701.4,1801.21
2023-05-06,Home & Garden,Office Chair,North,Wholesale,22,139.62,3685.97,1290.25
2023-05-06,Sports,Tennis Racket,North,Wholesale,65,125.3,9773.4,3508.57
2023-05-06,Sports,Running Shoes,South,Retail,5,485.55,2306.36,775.76
2023-05-07,Clothing,Jeans,East,Direct,31,327.34,10147.54,1798.34
2023-05-07,Sports,Yoga Mat,West,Direct,2,238.56,524.83,230.8
2023-05-07,Clothing,T-Shirt,South,Direct,52,30.38,1500.77,251.51
2023-05-07,Sports,Dumbbell Set,East,Direct,56,229.92,12875.52,2131.36
2023-05-07,Beauty,Face Serum,South,Wholesale,5,320.74,1523.51,308.28
2023-05-07,Sports,Running Shoes,East,Direct,21,122.12,2564.52,1142.98
2023-05-07,Sports,Bike Helmet,West,Wholesale,48,433.74,22901.47,
2023-05-07,Beauty,Skin Care Kit,East,Direct,55,310.39,17071.45,5275.91
2023-05-07,Clothing,Sneakers,East,Wholesale,95,293.96,27926.2,5373.72
2023-05-07,Clothing,Jacket,West,Wholesale,37,199.37,8114.36,2971.93
2023-05-07,Electronics,Laptop,Central,Wholesale,84,326.9,27459.6,8525.72
2023-05-07,Clothing,Sneakers,Central,Direct,40,79.36,3174.4,1216.0
2023-05-07,Home & Garden,Lamp,South,Wholesale,11,357.18,3732.53,1560.25
2023-05-07,Clothing,Jacket,South,Direct,40,487.83,18537.54,6617.71
2023-05-07,Beauty,Makeup Palette,Central,Direct,39,312.0,12168.0,4036.45
2023-05-07,Sports,Tennis Racket,West,Retail,79,213.5,18553.15,8134.06
2023-05-07,Electronics,Headphones,South,Wholesale,15,487.51,6947.02,2126.23
2023-05-07,Home & Garden,Cookware Set,Central,Retail,73,217.09,15847.57,5644.86
2023-05-07,Home & Garden,Garden Tools,North,Direct,86,47.66,4918.51,843.61
2023-05-07,Beauty,Face Serum,North,Retail,51,351.04,21483.65,4553.79
2023-05-07,Sports,Tennis Racket,West,Direct,48,315.79,16673.71,5700.4
2023-05-07,Beauty,Face Serum,North,Retail,51,351.04,21483.65,4553.79
2023-05-08,Clothing,Dress,South,Direct,82,259.36,20204.14,5184.73
2023-05-08,Beauty,Face Serum,North,Retail,8,380.03,3648.29,700.8
2023-05-08,Beauty,Skin Care Kit,North,Direct,61,298.52,21851.66,9715.11
2023-05-08,Beauty,Skin Care Kit,North,Retail,7,232.79,1955.44,370.72
2023-05-08,Beauty,Fragrance,South,Retail,16,132.06,2007.31,346.36
2023-05-08,Home & Garden,Office Chair,North,Direct,30,435.18,15666.48,4221.69
2023-05-08,Electronics,Headphones,East,Wholesale,45,446.23,20080.35,6476.44
2023-05-08,Beauty,Makeup Palette,Central,Wholesale,38,85.05,3231.9,1158.29
2023-05-08,Home & Garden,Garden Tools,South,Direct,50,248.36,11797.1,3573.35
2023-05-08,Clothing,Sneakers,South,Direct,83,295.82,23325.41,9620.04
2023-05-08,Electronics,Smartphone,South,Direct,10,421.79,4007.01,1342.42
2023-05-08,Home & Garden,Bedding Set,East,Retail,53,459.09,24331.77,5242.57
2023-05-08,Electronics,Smartphone,Central,Wholesale,86,51.95,4467.7,1885.37
2023-05-08,Home & Garden,Lamp,South,Wholesale,64,284.66,17307.33,4809.99
2023-05-08,Home & Garden,Cookware Set,South,Wholesale,65,293.22,18106.34,3850.13
2023-05-08,Electronics,Headphones,Central,Retail,4,330.13,1320.52,555.04
2023-05-08,Clothing,Sneakers,North,Wholesale,99,275.76,32760.29,10528.95
2023-05-08,Home & Garden,Lamp,North,Wholesale,38,229.85,10481.16,2495.98
2023-05-09,Sports,Dumbbell Set,North,Wholesale,98,429.97,50564.47,22116.8
2023-05-09,Sports,Dumbbell Set,West,Wholesale,31,314.23,10715.24,3368.71
2023-05-09,Beauty,Face Serum,West,Retail,98,86.38,9311.76,4061.11
2023-05-09,Sports,Running Shoes,East,Wholesale,22,107.32,2361.04,1021.34
2023-05-09,Beauty,Hair Dryer,West,Retail,63,327.7,22709.61,9338.98
2023-05-09,Clothing,Sneakers,West,Wholesale,58,47.25,3014.55,659.35
2023-05-09,Home & Garden,Garden Tools,South,Direct,61,459.64,26636.14,7345.68
2023-05-09,Beauty,Hair Dryer,South,Direct,89,186.58,15775.34,2634.32
2023-05-09,Home & Garden,Office Chair,East,Direct,10,102.34,1023.4,417.39
2023-05-09,Sports,Tennis Racket,North,Retail,57,110.44,7554.1,2178.44
2023-05-09,Home & Garden,Bedding Set,South,Retail,12,383.91,4376.57,1285.66
2023-05-09,Electronics,Smartphone,West,Wholesale,16,402.92,7091.39,2281.32
2023-05-09,Electronics,Smartphone,North,Wholesale,13,207.85,3242.46,1233.67
2023-05-09,Electronics,Smartwatch,Central,Direct,28,334.69,9371.32,1542.98
2023-05-09,Clothing,Sneakers,South,Direct,93,215.49,19038.54,8413.73
2023-05-09,Clothing,Dress,South,Retail,41,366.71,14283.35,3546.18
2023-05-09,Electronics,Smartphone,West,Wholesale,16,402.92,7091.39,2281.32
2023-05-10,Sports,Running Shoes,West,Retail,39,107.62,4616.9,1225.36
2023-05-10,Electronics,Smartwatch,North,Direct,71,468.3,39899.16,16025.29
2023-05-10,Beauty,Makeup Palette,Central,Retail,28,369.79,10354.12,3800.73
2023-05-10,Clothing,Jeans,West,Retail,85,176.52,16504.62,6996.18
2023-05-10,Sports,Dumbbell Set,East,Direct,64,319.25,20432.0,5079.23
2023-05-10,Electronics,Smartphone,South,Retail,69,383.13,25114.17,9210.03
2023-05-10,Electronics,Smartwatch,West,Retail,51,460.87,25854.81,7513.76
2023-05-10,Electronics,Smartwatch,West,Direct,64,308.56,21722.62,8778.26
2023-05-10,Electronics,Smartphone,East,Direct,62,349.43,21664.66,6466.57
2023-05-10,Clothing,Jacket,West,Wholesale,55,160.15,9689.08,1671.66
2023-05-10,Sports,Yoga Mat,South,Wholesale,51,307.77,14911.46,5406.38
2023-05-10,Beauty,Face Serum,Central,Direct,81,116.55,9440.55,3751.53
2023-05-10,Home & Garden,Office Chair,South,Wholesale,94,238.81,21325.73,7240.38
2023-05-10,Clothing,Sneakers,East,Wholesale,50,195.48,9774.0,4179.7
2023-05-10,Home & Garden,Office Chair,West,Direct,20,282.47,6214.34,1111.28
2023-05-10,Sports,Running Shoes,North,Direct,12,101.29,1458.58,652.58
2023-05-10,Electronics,Tablet,North,Retail,64,459.31,35275.01,11271.44
2023-05-11,Sports,Tennis Racket,North,Retail,22,222.99,5886.94,1626.74
2023-05-11,Home & Garden,Lamp,West,Direct,81,296.11,26383.4,9005.03
2023-05-11,Electronics,Smartwatch,West,Direct,28,92.09,2836.37,953.94
2023-05-11,Sports,Yoga Mat,West,Wholesale,76,163.82,13695.35,2114.72
2023-05-11,Sports,Yoga Mat,East,Retail,92,441.2,40590.4,18150.14
2023-05-11,Beauty,Fragrance,South,Direct,48,399.22,18204.43,7797.65
2023-05-11,Home & Garden,Office Chair,West,Wholesale,60,192.84,12727.44,3617.76
2023-05-11,Home & Garden,Cookware Set,West,Direct,88,144.52,13989.54,6082.95
2023-05-11,Clothing,Jacket,West,Retail,41,343.9,15509.89,5950.41
2023-05-11,Clothing,Dress,East,Wholesale,44,393.77,17325.88,4162.64
2023-05-11,Clothing,Jacket,North,Retail,9,80.58,870.26,350.72
2023-05-11,Electronics,Headphones,North,Retail,22,324.08,8555.71,2353.76
2023-05-11,Clothing,Dress,South,Direct,81,311.72,23986.85,8215.28
2023-05-11,Home & Garden,Lamp,East,Wholesale,7,96.63,676.41,134.26
2023-05-11,Beauty,Skin Care Kit,South,Direct,83,403.09,31783.65,12357.59
2023-05-11,Home & Garden,Bedding Set,East,Retail,79,390.16,30822.64,10885.38
2023-05-11,Electronics,Smartphone,South,Direct,52,468.86,23161.68,4680.05
2023-05-11,Beauty,Hair Dryer,West,Retail,9,283.02,2801.9,808.83
2023-05-11,Sports,Bike Helmet,West,Direct,47,473.56,24483.05,7286.04
2023-05-11,Beauty,Hair Dryer,North,Retail,90,99.93,10792.44,4496.68
2023-05-11,Electronics,Tablet,North,Direct,56,398.6,26785.92,10670.53
2023-05-12,Home & Garden,Garden Tools,East,Wholesale,44,278.18,12239.92,2315.53
2023-05-12,Beauty,Skin Care Kit,West,Wholesale,92,185.96,18819.15,5897.08
2023-05-12,Sports,Running Shoes,West,Direct,86,305.55,28905.03,7842.89
2023-05-12,Beauty,Skin Care Kit,North,Wholesale,59,428.98,30371.78,12418.6
2023-05-12,Clothing,Dress,South,Wholesale,51,30.04,1455.44,607.15
2023-05-12,Beauty,Skin Care Kit,Central,Wholesale,10,179.01,1790.1,365.89
2023-05-12,Sports,Tennis Racket,Central,Retail,84,338.74,28454.16,12636.12
2023-05-12,Home & Garden,Bedding Set,West,Retail,12,250.08,3301.06,865.9
2023-05-12,Beauty,Hair Dryer,Central,Retail,77,381.83,29400.91,7268.1
2023-05-12,Electronics,Smartwatch,South,Retail,43,259.21,10588.73,4372.26
2023-05-12,Home & Garden,Bedding Set,South,Wholesale,10,184.42,1751.99,436.52
2023-05-12,Sports,Tennis Racket,West,Retail,72,383.76,30393.79,5657.18
2023-05-12,Beauty,Fragrance,East,Direct,66,456.58,30134.28,6217.75
2023-05-13,Electronics,Laptop,East,Retail,10,261.94,2619.4,611.74
2023-05-13,Home & Garden,Bedding Set,Central,Direct,44,331.32,14578.08,5627.83
2023-05-13,Beauty,Hair Dryer,South,Wholesale,74,143.43,10083.13,4163.52
2023-05-13,Sports,Tennis Racket,West,Retail,65,24.18,1728.87,365.74
2023-05-13,Clothing,Jeans,Central,Retail,24,243.9,5853.6,2079.51
2023-05-13,Clothing,Jeans,South,Retail,53,231.14,11637.9,2106.21
2023-05-13,Beauty,Skin Care Kit,East,Direct,70,267.08,18695.6,7142.84
2023-05-13,Home & Garden,Cookware Set,South,Retail,23,359.92,7864.25,2296.56
2023-05-13,Sports,Bike Helmet,South,Wholesale,69,496.5,32545.57,6219.91
2023-05-13,Electronics,Laptop,North,Direct,87,156.11,16297.88,3865.04
2023-05-13,Sports,Running Shoes,North,Wholesale,8,474.73,4557.41,1412.41
2023-05-14,Clothing,Jacket,North,Direct,83,17.7,1762.92,645.94
2023-05-14,Electronics,Tablet,North,Retail,83,211.28,21043.49,5658.43
2023-05-14,Sports,Running Shoes,West,Wholesale,32,435.33,15323.62,2898.72
2023-05-14,Clothing,Sneakers,East,Wholesale,46,348.35,16024.1,2467.41
2023-05-14,Clothing,Sneakers,South,Retail,48,313.31,14286.94,4240.69
2023-05-14,Clothing,T-Shirt,West,Direct,5,17.64,97.02,26.78
2023-05-14,Sports,Yoga Mat,East,Direct,11,173.48,1908.28,832.78
2023-05-14,Beauty,Face Serum,East,Wholesale,65,287.54,18690.1,6918.36
2023-05-14,Electronics,Laptop,East,Direct,20,310.47,6209.4,2659.05
2023-05-14,Clothing,Dress,West,Wholesale,20,291.61,6415.42,1770.41
2023-05-14,Sports,Running Shoes,Central,Wholesale,36,407.56,14672.16,3514.6
2023-05-14,Electronics,Smartphone,West,Retail,83,148.5,13558.05,3940.15
2023-05-14,Clothing,Sneakers,North,Retail,18,89.98,1943.57,293.29
2023-05-15,Beauty,Face Serum,South,Direct,37,184.0,6467.6,2276.32
2023-05-15,Electronics,Smartphone,South,Retail,90,272.81,23325.26,4250.27
2023-05-15,Beauty,Face Serum,East,Wholesale,40,429.14,17165.6,4994.74
2023-05-15,Home & Garden,Bedding Set,Central,Direct,42,17.66,741.72,182.56
2023-05-15,Sports,Bike Helmet,East,Wholesale,91,54.2,4932.2,1846.55
2023-05-15,Beauty,Skin Care Kit,Central,Wholesale,45,248.13,11165.85,3677.38
2023-05-15,Clothing,Dress,North,Direct,63,276.82,20927.59,4306.95
2023-05-15,Clothing,T-Shirt,West,Wholesale,60,219.56,14490.96,4314.12
2023-05-15,Sports,Tennis Racket,East,Retail,47,163.45,7682.15,1224.17
2023-05-15,Sports,Tennis Racket,North,Wholesale,25,135.26,4057.8,678.15
2023-05-15,Beauty,Hair Dryer,East,Retail,99,143.28,14184.72,5541.48
2023-05-15,Sports,Yoga Mat,Central,Retail,32,10.96,350.72,152.66
2023-05-15,Electronics,Smartwatch,East,Retail,6,155.19,931.14,277.66
2023-05-15,Clothing,Sneakers,Central,Retail,57,285.63,16280.91,
2023-05-15,Sports,Dumbbell Set,South,Retail,79,111.79,8389.84,3756.91
2023-05-15,Beauty,Makeup Palette,North,Wholesale,40,243.22,11674.56,5223.29
2023-05-15,Electronics,Smartwatch,West,Direct,80,314.48,27674.24,8163.05
2023-05-15,Sports,Dumbbell Set,East,Direct,16,299.46,4791.36,1297.7
2023-05-15,Sports,Running Shoes,North,Retail,60,440.97,31749.84,7043.98
2023-05-15,Beauty,Skin Care Kit,South,Retail,80,101.73,7731.48,1432.5
2023-05-16,Clothing,Jeans,South,Wholesale,88,320.78,26817.21,6146.37
2023-05-16,Home & Garden,Bedding Set,Central,Retail,50,167.99,8399.5,1506.18
2023-05-16,Beauty,Makeup Palette,North,Retail,40,445.64,21390.72,4592.04
2023-05-16,Electronics,Laptop,South,Wholesale,53,282.34,14215.82,5102.73
2023-05-16,Sports,Yoga Mat,South,Wholesale,37,414.48,14568.97,2724.85
2023-05-16,Electronics,Smartphone,West,Direct,91,72.75,7282.28,3019.61
2023-05-16,Beauty,Fragrance,Central,Direct,79,126.14,9965.06,3945.14
2023-05-16,Clothing,Jeans,North,Wholesale,52,66.67,4160.21,1251.0
2023-05-16,Sports,Yoga Mat,East,Direct,94,489.75,46036.5,16151.09
2023-05-16,Clothing,T-Shirt,Central,Direct,26,304.81,7925.06,2042.3
2023-05-16,Home & Garden,Cookware Set,North,Direct,11,134.44,1774.61,697.25
2023-05-16,Sports,Dumbbell Set,North,Wholesale,51,99.28,6075.94,1067.8
2023-05-16,Home & Garden,Lamp,South,Direct,15,127.25,1813.31,346.86
2023-05-16,Home & Garden,Garden Tools,Central,Retail,19,66.3,1259.7,509.18
2023-05-16,Home & Garden,Cookware Set,East,Direct,42,71.07,2984.94,1001.03
2023-05-16,Home & Garden,Lamp,Central,Retail,32,89.91,2877.12,1248.87
2023-05-16,Beauty,Makeup Palette,East,Retail,24,429.73,10313.52,2619.66
2023-05-16,Home & Garden,Bedding Set,West,Direct,28,105.85,3260.18,1133.2
2023-05-16,Home & Garden,Lamp,South,Retail,27,278.67,7147.89,1261.75
2023-05-16,Clothing,Sneakers,Central,Retail,5,87.33,436.65,172.06
2023-05-16,Electronics,Tablet,South,Direct,16,55.16,838.43,161.32
2023-05-16,Sports,Running Shoes,Central,Wholesale,55,374.7,20608.5,8124.14
2023-05-17,Sports,Yoga Mat,Central,Wholesale,68,127.86,8694.48,2550.77
2023-05-17,Electronics,Smartwatch,West,Direct,48,189.24,9991.87,4351.35
2023-05-17,Sports,Running Shoes,North,Direct,82,353.1,34745.04,12142.4
2023-05-17,Clothing,Dress,East,Wholesale,45,332.37,14956.65,4888.3
2023-05-17,Home & Garden,Lamp,North,Wholesale,13,171.31,2672.44,926.71
2023-05-17,Beauty,Makeup Palette,East,Retail,39,94.51,3685.89,1401.5
2023-05-17,Electronics,Smartphone,North,Wholesale,6,15.84,114.05,30.09
2023-05-17,Home & Garden,Lamp,East,Wholesale,21,278.4,5846.4,1601.08
2023-05-17,Clothing,Dress,South,Direct,17,382.54,6178.02,2324.99
2023-05-17,Electronics,Tablet,West,Direct,61,46.01,3087.27,1284.28
2023-05-17,Clothing,Sneakers,Central,Wholesale,78,282.95,22070.1,7461.99
2023-05-17,Clothing,Jeans,South,Retail,40,187.45,7123.1,2605.76
2023-05-17,Sports,Bike Helmet,West,Direct,1,336.27,369.9,138.95
2023-05-17,Electronics,Headphones,South,Retail,93,145.58,12861.99,2700.64
2023-05-17,Home & Garden,Bedding Set,Central,Retail,35,70.65,2472.75,703.95
2023-05-17,Electronics,Smartwatch,Central,Direct,83,54.65,4535.95,1198.2
2023-05-17,Clothing,Sneakers,West,Wholesale,24,73.16,1931.42,399.87
2023-05-17,Clothing,Dress,North,Retail,14,451.1,7578.48,3286.67
2023-05-17,Sports,Tennis Racket,East,Wholesale,28,292.58,8192.24,1693.96
2023-05-18,Home & Garden,Office Chair,East,Wholesale,51,291.57,14870.07,4529.64
2023-05-18,Electronics,Smartwatch,West,Direct,60,108.95,7190.7,2506.88
2023-05-18,Sports,Dumbbell Set,North,Retail,33,296.97,11760.01,4227.31
2023-05-18,Home & Garden,Garden Tools,Central,Retail,18,415.77,7483.86,1221.41
2023-05-18,Electronics,Smartphone,West,Direct,54,137.19,8149.09,3651.5
2023-05-18,Beauty,Skin Care Kit,East,Retail,21,465.63,9778.23,1862.23
2023-05-18,Sports,Yoga Mat,Central,Retail,79,485.57,38360.03,14231.71
2023-05-18,Clothing,Jacket,South,Wholesale,77,341.01,24944.88,9545.55
2023-05-18,Sports,Dumbbell Set,East,Direct,52,73.84,3839.68,1422.82
2023-05-18,Electronics,Smartphone,South,Direct,38,90.81,3278.24,1078.29
2023-05-18,Electronics,Tablet,Central,Wholesale,93,478.89,44536.77,10742.54
2023-05-18,Home & Garden,Bedding Set,West,Retail,23,52.03,1316.36,473.95
2023-05-18,Electronics,Headphones,Central,Wholesale,19,229.24,4355.56,1449.9
2023-05-18,Beauty,Skin Care Kit,Central,Wholesale,12,199.19,2390.28,698.32
2023-05-18,Clothing,T-Shirt,South,Wholesale,97,122.23,11263.49,1919.26
2023-05-18,Beauty,Makeup Palette,East,Wholesale,2,488.33,976.66,301.94
2023-05-18,Sports,Dumbbell Set,South,Direct,99,280.58,26388.55,10986.44
2023-05-18,Beauty,Face Serum,Central,Retail,65,174.29,11328.85,1735.86
2023-05-18,Beauty,Fragrance,South,Direct,32,77.86,2366.94,492.84
2023-05-19,Home & Garden,Cookware Set,West,Retail,80,231.86,20403.68,7348.22
2023-05-19,Beauty,Hair Dryer,Central,Retail,41,223.53,9164.73,1828.32
2023-05-19,Sports,Yoga Mat,Central,Retail,78,167.01,13026.78,4255.43
2023-05-19,Electronics,Smartphone,South,Retail,52,183.72,9075.77,1637.28
2023-05-19,Home & Garden,Bedding Set,East,Wholesale,78,59.37,4630.86,951.42
2023-05-19,Home & Garden,Bedding Set,Central,Direct,74,99.1,7333.4,
2023-05-19,Beauty,Face Serum,West,Retail,82,311.25,28074.75,4563.9
2023-05-19,Home & Garden,Garden Tools,North,Wholesale,40,125.48,6023.04,2491.92
2023-05-19,Electronics,Laptop,Central,Wholesale,8,143.06,1144.48,406.41
2023-05-19,Sports,Tennis Racket,South,Wholesale,51,162.26,7861.5,1334.49
2023-05-19,Electronics,Tablet,West,Retail,65,132.75,9491.62,2711.05
2023-05-19,Beauty,Hair Dryer,East,Direct,2,104.32,208.64,92.46
2023-05-19,Sports,Running Shoes,East,Direct,63,30.6,1927.8,387.72
2023-05-19,Clothing,Dress,North,Wholesale,74,179.75,15961.8,6828.96
2023-05-19,Sports,Tennis Racket,South,Retail,29,38.4,1057.92,256.11
2023-05-19,Electronics,Laptop,North,Retail,29,149.4,5199.12,1052.05
2023-05-19,Home & Garden,Office Chair,East,Wholesale,38,316.08,12011.04,
2023-05-19,Sports,Bike Helmet,North,Direct,88,360.5,38068.8,10697.86
2023-05-19,Home & Garden,Office Chair,South,Wholesale,77,201.04,14706.08,4400.02
2023-05-20,Electronics,Smartphone,East,Retail,61,381.87,23294.07,7215.24
2023-05-20,Sports,Yoga Mat,West,Retail,93,325.86,33335.48,12371.95
2023-05-20,Electronics,Tablet,Central,Wholesale,99,47.42,4694.58,1336.6
2023-05-20,Beauty,Skin Care Kit,East,Wholesale,43,280.75,12072.25,5279.76
2023-05-20,Clothing,Jeans,South,Retail,99,221.64,20845.24,6070.66
2023-05-20,Electronics,Smartphone,South,Direct,83,131.81,10393.22,2807.89
2023-05-20,Clothing,Jeans,East,Retail,76,190.26,14459.76,2289.63
2023-05-20,Beauty,Makeup Palette,North,Wholesale,48,457.44,26348.54,6423.38
2023-05-20,Clothing,T-Shirt,South,Wholesale,35,102.62,3412.12,1265.14
2023-05-20,Electronics,Smartwatch,South,Direct,81,394.78,30378.32,6730.85
2023-05-20,Home & Garden,Office Chair,East,Wholesale,72,406.36,29257.92,4584.96
2023-05-20,Electronics,Smartphone,Central,Wholesale,79,460.01,36340.79,12395.98
2023-05-20,Electronics,Headphones,North,Retail,49,133.08,7825.1,2385.92
2023-05-20,Sports,Running Shoes,West,Wholesale,9,80.92,801.11,281.83
2023-05-21,Electronics,Tablet,West,Retail,15,436.26,7198.29,2308.71
2023-05-21,Beauty,Fragrance,Central,Retail,29,72.34,2097.86,755.68
2023-05-21,Home & Garden,Office Chair,Central,Direct,34,385.22,13097.48,4906.53
2023-05-21,Beauty,Makeup Palette,East,Direct,95,274.63,26089.85,4086.6
2023-05-21,Clothing,Jeans,North,Wholesale,41,131.68,6478.66,2257.28
2023-05-21,Sports,Yoga Mat,South,Retail,73,374.53,25973.66,7500.24
2023-05-21,Sports,Running Shoes,West,Retail,54,329.15,19551.51,5575.6
2023-05-21,Sports,Yoga Mat,Central,Wholesale,40,197.22,7888.8,2494.97
2023-05-22,Home & Garden,Office Chair,West,Retail,56,66.85,4117.96,1723.58
2023-05-22,Beauty,Skin Care Kit,East,Direct,83,214.4,17795.2,5196.22
2023-05-22,Electronics,Tablet,Central,Retail,20,337.09,6741.8,1565.02
2023-05-22,Sports,Yoga Mat,West,Wholesale,83,234.29,21390.68,9564.63
2023-05-22,Clothing,Jacket,East,Retail,3,386.82,1160.46,389.41
2023-05-22,Sports,Running Shoes,North,Direct,37,290.88,12915.07,4018.99
2023-05-22,Home & Garden,Cookware Set,South,Wholesale,13,210.41,2598.56,699.15
2023-05-22,Clothing,Jeans,North,Wholesale,12,313.2,4510.08,1299.75
2023-05-22,Beauty,Fragrance,North,Retail,26,214.37,6688.34,1698.66
2023-05-22,Beauty,Fragrance,East,Direct,72,373.31,26878.32,10486.99
2023-05-22,Clothing,Jacket,South,Wholesale,81,483.44,37200.71,7074.45
2023-05-22,Electronics,Tablet,South,Wholesale,56,430.85,22921.22,8347.61
2023-05-22,Sports,Dumbbell Set,South,Wholesale,89,312.84,26450.62,5970.87
2023-05-22,Electronics,Laptop,South,Wholesale,38,54.61,1971.42,494.94
2023-05-22,Home & Garden,Garden Tools,East,Direct,62,474.13,29396.06,8322.22
2023-05-22,Beauty,Face Serum,North,Direct,51,486.71,29786.65,5751.6
2023-05-22,Home & Garden,Cookware Set,East,Wholesale,74,144.3,10678.2,3729.84
2023-05-22,Electronics,Laptop,Central,Retail,71,102.32,7264.72,1474.23
2023-05-22,Sports,Yoga Mat,Central,Wholesale,87,117.36,10210.32,4030.6
2023-05-22,Electronics,Laptop,East,Direct,31,104.85,3250.35,1344.09
2023-05-22,Sports,Yoga Mat,West,Wholesale,96,42.15,4451.04,1603.66
2023-05-22,Sports,Tennis Racket,North,Direct,74,339.04,30106.75,11730.69
2023-05-22,Home & Garden,Cookware Set,East,Direct,3,306.57,919.71,239.47
2023-05-22,Sports,Yoga Mat,West,Wholesale,45,56.79,2811.11,898.45
2023-05-23,Sports,Tennis Racket,West,Retail,48,82.68,4365.5,1282.16
2023-05-23,Beauty,Face Serum,North,Retail,90,110.48,11931.84,2305.78
2023-05-23,Home & Garden,Lamp,South,Direct,61,410.6,23794.27,8624.74
2023-05-23,Home & Garden,Garden Tools,East,Retail,96,209.68,20129.28,3694.98
2023-05-23,Beauty,Skin Care Kit,North,Retail,35,100.35,4214.7,1134.83
2023-05-23,Electronics,Laptop,West,Wholesale,91,155.78,15593.58,2590.0
2023-05-23,Electronics,Smartphone,North,Direct,75,167.89,15110.1,3371.94
2023-05-23,Home & Garden,Bedding Set,Central,Wholesale,48,451.63,21678.24,7662.97
2023-05-23,Electronics,Smartwatch,Central,Wholesale,71,458.27,32537.17,10790.5
2023-05-23,Sports,Bike Helmet,South,Direct,3,341.73,973.93,175.14
2023-05-23,Home & Garden,Lamp,West,Wholesale,99,201.51,21944.44,
2023-05-23,Sports,Bike Helmet,North,Retail,79,338.74,32112.55,10592.04
2023-05-23,Clothing,Jacket,North,Retail,51,469.7,28745.64,12652.61
2023-05-23,Clothing,Jacket,Central,Direct,11,166.47,1831.17,418.92
2023-05-23,Home & Garden,Office Chair,South,Direct,55,174.01,9092.02,1780.92
2023-05-23,Home & Garden,Garden Tools,South,Direct,44,246.11,10287.4,3029.62
2023-05-23,Home & Garden,Garden Tools,South,Retail,11,18.92,197.71,50.63
2023-05-23,Clothing,T-Shirt,East,Retail,26,193.15,5021.9,2181.38
2023-05-23,Electronics,Headphones,West,Wholesale,15,295.09,4868.98,1689.39
2023-05-23,Electronics,Smartphone,Central,Wholesale,52,107.04,5566.08,1684.5
2023-05-24,Clothing,Jacket,North,Wholesale,91,77.23,8433.52,1293.75
2023-05-24,Clothing,Jeans,West,Wholesale,20,247.41,5443.02,
2023-05-24,Sports,Running Shoes,Central,Direct,65,129.86,8440.9,1309.72
2023-05-24,Clothing,Dress,Central,Retail,45,72.82,3276.9,1174.34
2023-05-24,Sports,Bike Helmet,East,Wholesale,40,276.93,11077.2,4195.54
2023-05-24,Beauty,Hair Dryer,East,Wholesale,10,317.29,3172.9,899.68
2023-05-24,Home & Garden,Cookware Set,West,Wholesale,85,281.33,26304.35,10270.12
2023-05-24,Home & Garden,Garden Tools,West,Direct,97,199.87,21326.13,6474.51
2023-05-24,Beauty,Hair Dryer,West,Wholesale,65,380.6,27212.9,11608.47
2023-05-24,Sports,Dumbbell Set,West,Wholesale,40,235.32,10354.08,3799.09
2023-05-24,Sports,Yoga Mat,Central,Retail,78,351.19,27392.82,11930.1
2023-05-24,Home & Garden,Garden Tools,East,Direct,97,52.61,5103.17,1085.04
2023-05-24,Electronics,Smartphone,South,Retail,31,475.4,14000.53,2144.09
2023-05-24,Electronics,Smartwatch,East,Retail,14,140.56,1967.84,558.65
2023-05-24,Beauty,Face Serum,Central,Wholesale,80,19.05,1524.0,646.83
2023-05-24,Sports,Dumbbell Set,West,Retail,94,359.19,37140.25,7062.39
2023-05-24,Beauty,Skin Care Kit,East,Direct,89,200.55,17848.95,3038.93
2023-05-24,Sports,Dumbbell Set,Central,Wholesale,50,27.83,1391.5,498.27
2023-05-24,Home & Garden,Lamp,North,Direct,56,167.87,11280.86,4124.87
2023-05-25,Beauty,Fragrance,Central,Direct,9,410.72,3696.48,672.39
2023-05-25,Electronics,Laptop,West,Wholesale,23,289.31,7319.54,2201.3
2023-05-25,Clothing,Sneakers,Central,Wholesale,68,354.57,24110.76,5816.86
2023-05-25,Sports,Tennis Racket,North,Direct,51,22.79,1394.75,291.16
2023-05-25,Sports,Yoga Mat,North,Direct,51,191.09,11694.71,2306.43
2023-05-25,Sports,Running Shoes,North,Retail,21,40.82,1028.66,266.61
2023-05-25,Clothing,Jeans,South,Retail,70,428.39,28487.93,8778.46
2023-05-25,Electronics,Tablet,Central,Retail,95,242.04,22993.8,8324.22
2023-05-25,Sports,Dumbbell Set,South,Retail,43,356.53,14564.25,4977.12
2023-05-25,Sports,Dumbbell Set,North,Wholesale,20,383.22,9197.28,3823.67
2023-05-25,Home & Garden,Bedding Set,South,Wholesale,79,71.66,5378.08,957.34
2023-05-25,Electronics,Headphones,North,Retail,3,180.12,648.43,264.97
2023-05-25,Beauty,Fragrance,North,Wholesale,83,239.88,23892.05,3669.97
2023-05-25,Electronics,Smartphone,South,Direct,41,464.59,18095.78,5429.43
2023-05-25,Home & Garden,Bedding Set,East,Direct,28,494.01,13832.28,2673.26
2023-05-26,Sports,Tennis Racket,South,Direct,79,166.46,12492.82,2693.31
2023-05-26,Beauty,Fragrance,Central,Retail,51,154.92,7900.92,1899.29
2023-05-26,Home & Garden,Garden Tools,West,Direct,68,220.01,16456.75,7005.31
2023-05-26,Home & Garden,Lamp,North,Wholesale,84,19.24,1939.39,570.72
2023-05-26,Beauty,Makeup Palette,South,Wholesale,44,132.94,5556.89,2274.11
2023-05-26,Clothing,Dress,North,Retail,4,382.68,1836.86,493.93
2023-05-26,Clothing,Dress,Central,Direct,3,88.71,266.13,111.93
2023-05-26,Beauty,Face Serum,West,Wholesale,88,433.63,41975.38,12852.25
2023-05-27,Home & Garden,Lamp,East,Direct,45,438.95,19752.75,4569.36
2023-05-27,Home & Garden,Lamp,East,Wholesale,30,103.07,3092.1,1026.72
2023-05-27,Beauty,Makeup Palette,East,Retail,68,469.07,31896.76,6381.54
2023-05-27,Sports,Dumbbell Set,North,Direct,19,453.47,10339.12,3848.99
2023-05-27,Sports,Tennis Racket,North,Wholesale,34,220.59,9000.07,2586.65
2023-05-27,Sports,Yoga Mat,South,Direct,15,189.51,2700.52,883.69
2023-05-27,Sports,Running Shoes,North,Wholesale,70,353.39,29684.76,12429.22
2023-05-27,Sports,Yoga Mat,Central,Wholesale,20,152.33,3046.6,949.82
2023-05-27,Sports,Bike Helmet,Central,Wholesale,63,403.82,25440.66,5800.43
2023-05-27,Beauty,Fragrance,Central,Direct,64,186.83,11957.12,1842.39
2023-05-27,Clothing,Dress,East,Wholesale,43,390.84,16806.12,6910.53
2023-05-27,Clothing,T-Shirt,South,Wholesale,22,312.47,6530.62,2398.02
2023-05-27,Sports,Tennis Racket,Central,Direct,94,174.59,16411.46,5134.02
2023-05-27,Clothing,Sneakers,East,Retail,48,288.39,13842.72,5695.92
2023-05-27,Beauty,Skin Care Kit,North,Direct,78,342.85,32090.76,11796.81
2023-05-27,Clothing,Sneakers,South,Wholesale,42,326.8,13039.32,2475.5
2023-05-27,Beauty,Makeup Palette,West,Retail,35,418.61,16116.49,5530.24
2023-05-27,Sports,Running Shoes,North,Retail,32,24.98,959.23,191.55
2023-05-27,Clothing,Jacket,East,Direct,24,160.78,3858.72,1733.23
2023-05-27,Clothing,Dress,East,Wholesale,43,390.84,16806.12,6910.53
2023-05-28,Electronics,Smartphone,South,Direct,15,384.8,5483.4,1377.75
2023-05-28,Clothing,Sneakers,East,Wholesale,73,60.44,4412.12,689.98
2023-05-28,Clothing,Jeans,South,Direct,44,341.81,14287.66,5524.84
2023-05-28,Electronics,Headphones,North,Wholesale,4,235.74,1131.55,190.49
2023-05-28,Electronics,Headphones,North,Retail,46,431.62,23825.42,
2023-05-28,Beauty,Makeup Palette,South,Wholesale,23,182.67,3991.34,
2023-05-28,Electronics,Headphones,East,Retail,56,73.91,4138.96,1046.49
2023-05-28,Clothing,Dress,Central,Wholesale,64,156.62,10023.68,3628.88
2023-05-28,Sports,Dumbbell Set,East,Direct,29,174.12,5049.48,1819.74
2023-05-28,Electronics,Tablet,East,Direct,99,122.83,12160.17,3246.94
2023-05-28,Electronics,Laptop,South,Retail,99,187.66,17649.42,5758.44
2023-05-28,Beauty,Makeup Palette,Central,Direct,71,260.88,18522.48,4470.74
2023-05-28,Beauty,Makeup Palette,West,Wholesale,30,25.26,833.58,301.3
2023-05-28,Home & Garden,Office Chair,Central,Wholesale,47,447.72,21042.84,5364.67
2023-05-28,Clothing,Sneakers,South,Wholesale,12,95.72,1091.21,366.83
2023-05-28,Electronics,Laptop,South,Retail,99,387.76,36468.83,10014.03
2023-05-29,Clothing,Dress,South,Retail,99,125.23,11777.88,3046.75
2023-05-29,Sports,Dumbbell Set,South,Wholesale,45,325.49,13914.7,4538.15
2023-05-29,Clothing,Sneakers,West,Direct,11,413.49,5003.23,2072.42
2023-05-29,Home & Garden,Garden Tools,Central,Retail,48,175.22,8410.56,1525.5
2023-05-29,Electronics,Smartwatch,Central,Retail,83,191.0,15853.0,3610.38
2023-05-29,Home & Garden,Bedding Set,West,Wholesale,95,317.0,33126.5,11754.61
2023-05-29,Sports,Dumbbell Set,Central,Retail,68,382.98,26042.64,5278.35
2023-05-29,Sports,Yoga Mat,Central,Retail,88,407.66,35874.08,13347.34
2023-05-29,Beauty,Makeup Palette,Central,Wholesale,43,424.03,18233.29,4167.05
2023-05-29,Sports,Running Shoes,North,Wholesale,95,169.27,19296.78,8522.82
2023-05-29,Home & Garden,Office Chair,West,Retail,84,217.12,20061.89,5652.28
2023-05-29,Sports,Yoga Mat,West,Wholesale,66,441.53,32055.08,12892.66
2023-05-29,Home & Garden,Bedding Set,North,Wholesale,82,113.85,11202.84,4152.38
2023-05-29,Beauty,Face Serum,West,Retail,21,142.3,3287.13,947.91
2023-05-29,Beauty,Hair Dryer,South,Retail,99,36.47,3430.0,971.12
2023-05-29,Electronics,Laptop,Central,Direct,92,216.47,19915.24,7649.39
2023-05-30,Sports,Tennis Racket,Central,Direct,74,470.19,34794.06,11351.48
2023-05-30,Beauty,Skin Care Kit,East,Retail,47,17.93,842.71,353.09
2023-05-30,Electronics,Smartwatch,North,Wholesale,46,221.42,12222.38,2385.64
2023-05-30,Sports,Running Shoes,North,Wholesale,78,405.49,37953.86,16034.11
2023-05-30,Sports,Running Shoes,West,Wholesale,50,466.28,25645.4,8421.8
2023-05-30,Sports,Dumbbell Set,Central,Retail,88,451.59,39739.92,
2023-05-30,Clothing,Jeans,South,Wholesale,54,434.42,22285.75,6597.9
2023-05-30,Sports,Tennis Racket,North,Wholesale,97,306.91,35724.32,11474.67
2023-05-30,Beauty,Fragrance,North,Wholesale,91,18.53,2023.48,
2023-05-30,Clothing,Jeans,Central,Retail,6,419.95,2519.7,630.69
2023-05-30,Electronics,Smartwatch,South,Direct,75,154.88,11035.2,4708.84
2023-05-30,Home & Garden,Bedding Set,West,Wholesale,21,293.44,6778.46,1259.5
2023-05-30,Electronics,Tablet,North,Direct,47,441.97,24927.11,5088.8
2023-05-30,Beauty,Face Serum,Central,Wholesale,52,152.79,7945.08,2035.62
2023-05-30,Home & Garden,Bedding Set,Central,Wholesale,28,429.6,12028.8,4620.1
2023-05-30,Clothing,Jacket,Central,Retail,61,389.41,23754.01,8166.0
2023-05-31,Home & Garden,Bedding Set,North,Retail,56,43.18,2901.7,800.0
2023-05-31,Electronics,Headphones,South,Direct,53,444.86,22398.7,4032.39
2023-05-31,Electronics,Tablet,West,Wholesale,38,412.46,17240.83,6933.59
2023-05-31,Home & Garden,Cookware Set,West,Wholesale,59,59.04,3831.7,1334.1
2023-05-31,Beauty,Fragrance,West,Wholesale,17,149.63,2798.08,794.46
2023-05-31,Beauty,Fragrance,East,Retail,28,293.8,8226.4,3599.6
2023-05-31,Sports,Tennis Racket,East,Direct,63,147.59,9298.17,3673.05
2023-05-31,Beauty,Face Serum,North,Direct,56,310.42,20860.22,4859.81
2023-05-31,Clothing,T-Shirt,North,Wholesale,93,194.97,21758.65,4470.18
2023-05-31,Home & Garden,Office Chair,North,Wholesale,12,246.98,3556.51,777.21
2023-05-31,Clothing,Jacket,Central,Direct,70,76.47,5352.9,2352.68
2023-06-01,Beauty,Skin Care Kit,West,Retail,6,29.63,195.56,56.95
2023-06-01,Electronics,Smartphone,South,Direct,85,230.87,18642.75,6037.15
2023-06-01,Sports,Running Shoes,North,Wholesale,66,104.84,8303.33,2760.68
2023-06-01,Home & Garden,Lamp,West,Retail,35,230.03,8856.16,
2023-06-01,Clothing,Dress,Central,Wholesale,4,349.97,1399.88,311.33
2023-06-01,Home & Garden,Office Chair,South,Retail,78,59.58,4414.88,1086.17
2023-06-01,Clothing,Jeans,West,Wholesale,68,303.56,22706.29,9612.26
2023-06-01,Clothing,T-Shirt,Central,Direct,64,471.61,30183.04,10587.58
2023-06-01,Electronics,Smartphone,South,Retail,30,258.66,7371.81,2588.79
2023-06-01,Electronics,Laptop,Central,Retail,81,364.64,29535.84,5464.85
2023-06-01,Home & Garden,Lamp,Central,Retail,52,473.37,24615.24,6759.27
2023-06-01,Sports,Running Shoes,North,Retail,16,270.47,5193.02,1868.73
2023-06-01,Clothing,Dress,West,Wholesale,96,340.27,35932.51,8246.69
2023-06-02,Clothing,Sneakers,East,Wholesale,88,332.75,29282.0,10862.56
2023-06-02,Sports,Running Shoes,East,Retail,66,292.1,19278.6,7603.8
2023-06-02,Sports,Yoga Mat,North,Wholesale,11,459.88,6070.42,2024.86
2023-06-02,Electronics,Smartwatch,North,Wholesale,92,437.57,48307.73,13630.63
2023-06-02,Beauty,Fragrance,West,Retail,78,253.94,21788.05,9540.61
2023-06-02,Beauty,Makeup Palette,West,Wholesale,4,363.96,1601.42,312.06
2023-06-02,Sports,Bike Helmet,Central,Retail,58,14.4,835.2,354.96
2023-06-02,Clothing,Jacket,North,Direct,14,426.89,7171.75,2796.33
2023-06-02,Electronics,Smartwatch,East,Retail,21,401.67,8435.07,2782.04
2023-06-02,Clothing,T-Shirt,West,Direct,68,467.91,34999.67,12448.63
2023-06-02,Home & Garden,Lamp,South,Retail,89,308.6,26092.13,11463.88
2023-06-02,Electronics,Smartphone,North,Retail,4,407.56,1956.29,652.12
2023-06-02,Sports,Dumbbell Set,West,Direct,8,438.69,3860.47,1351.98
2023-06-02,Electronics,Headphones,West,Retail,23,430.99,10904.05,2758.65
2023-06-02,Beauty,Fragrance,East,Direct,16,166.79,2668.64,521.98
2023-06-02,Beauty,Makeup Palette,South,Direct,70,131.59,8750.74,3787.18
2023-06-02,Electronics,Smartwatch,Central,Retail,63,402.84,25378.92,10781.24
2023-06-02,Electronics,Laptop,North,Wholesale,43,464.53,23969.75,8268.31
2023-06-02,Beauty,Face Serum,South,Retail,14,204.73,2722.91,1160.43
2023-06-02,Sports,Yoga Mat,South,Direct,21,373.24,7446.14,1496.07
2023-06-02,Electronics,Headphones,Central,Wholesale,49,216.95,10630.55,3313.1
2023-06-02,Clothing,T-Shirt,West,Direct,88,304.67,29492.06,10945.99
2023-06-03,Electronics,Tablet,East,Direct,33,397.2,13107.6,3176.39
2023-06-03,Electronics,Tablet,South,Retail,76,192.34,13886.95,4427.66
2023-06-03,Electronics,Tablet,Central,Wholesale,73,55.2,4029.6,743.64
2023-06-03,Beauty,Skin Care Kit,South,Retail,16,434.77,6608.5,2089.77
2023-06-03,Sports,Yoga Mat,Central,Direct,74,478.28,35392.72,14688.19
2023-06-03,Sports,Yoga Mat,West,Wholesale,97,87.04,9287.17,3175.64
2023-06-03,Sports,Bike Helmet,East,Direct,99,277.49,27471.51,7635.16
2023-06-03,Sports,Yoga Mat,East,Direct,26,258.04,6709.04,1412.48
2023-06-03,Sports,Yoga Mat,North,Wholesale,57,449.38,30737.59,6121.59
2023-06-03,Electronics,Smartwatch,North,Retail,26,140.89,4395.77,1489.23
2023-06-03,Home & Garden,Garden Tools,East,Direct,97,394.24,38241.28,9046.42
2023-06-03,Clothing,Jeans,East,Direct,20,139.67,2793.4,725.75
2023-06-03,Home & Garden,Lamp,West,Wholesale,90,119.79,11859.21,3561.27
2023-06-03,Home & Garden,Cookware Set,West,Direct,26,277.7,7942.22,3173.39
2023-06-03,Electronics,Smartphone,South,Retail,56,10.37,551.68,136.91
2023-06-03,Home & Garden,Cookware Set,Central,Wholesale,90,317.6,28584.0,10832.32
2023-06-03,Beauty,Makeup Palette,Central,Direct,94,455.18,42786.92,13591.22
2023-06-03,Clothing,Jacket,South,Wholesale,46,425.05,18574.68,3157.82
2023-06-03,Electronics,Laptop,East,Wholesale,12,80.62,967.44,250.11
2023-06-04,Sports,Yoga Mat,East,Retail,77,163.1,12558.7,2274.13
2023-06-04,Electronics,Smartwatch,East,Direct,9,477.17,4294.53,1345.15
2023-06-04,Sports,Bike Helmet,West,Wholesale,1,470.41,517.45,199.04
2023-06-04,Clothing,Jeans,North,Retail,52,316.94,19777.06,8615.05
2023-06-04,Beauty,Face Serum,South,Direct,13,490.7,6060.14,2334.77
2023-06-04,Clothing,Jeans,South,Wholesale,17,121.05,1954.96,543.57
2023-06-04,Electronics,Tablet,North,Direct,48,310.79,17901.5,4712.7
2023-06-04,Electronics,Laptop,South,Wholesale,44,320.47,13395.65,2265.77
2023-06-04,Beauty,Hair Dryer,Central,Retail,53,116.78,6189.34,2625.25
2023-06-04,Sports,Dumbbell Set,West,Direct,71,159.04,12421.02,3658.25
2023-06-04,Home & Garden,Lamp,South,Direct,21,12.84,256.16,98.6
2023-06-04,Sports,Tennis Racket,South,Retail,7,104.3,693.6,272.42
2023-06-04,Sports,Dumbbell Set,Central,Retail,30,334.98,10049.4,2880.71
2023-06-04,Clothing,Jacket,North,Wholesale,53,175.96,11191.06,4982.88
2023-06-04,Beauty,Makeup Palette,North,Direct,66,462.16,36603.07,9384.66
2023-06-04,Electronics,Tablet,Central,Wholesale,7,134.44,941.08,293.57
2023-06-04,Electronics,Headphones,West,Wholesale,71,393.58,30738.6,7931.89
2023-06-04,Beauty,Hair Dryer,East,Wholesale,95,40.9,3885.5,1297.78
2023-06-05,Sports,Tennis Racket,East,Retail,99,180.82,17901.18,5771.4
2023-06-05,Home & Garden,Cookware Set,South,Wholesale,37,98.52,3462.98,694.29
2023-06-05,Sports,Bike Helmet,South,Wholesale,52,396.38,19581.17,3042.85
2023-06-05,Electronics,Headphones,South,Wholesale,72,266.27,18212.87,4959.17
2023-06-05,Clothing,Jacket,North,Wholesale,14,461.67,7756.06,3027.12
2023-06-05,Electronics,Headphones,East,Retail,57,212.83,12131.31,3080.31
2023-06-05,Sports,Running Shoes,North,Wholesale,11,498.02,6573.86,1015.41
2023-06-05,Beauty,Hair Dryer,South,Wholesale,75,140.1,9982.12,3373.99
2023-06-05,Home & Garden,Garden Tools,Central,Direct,62,187.09,11599.58,2942.46
2023-06-05,Beauty,Hair Dryer,North,Wholesale,84,358.38,36124.7,6020.21
2023-06-05,Clothing,Dress,Central,Direct,38,249.4,9477.2,2377.02
2023-06-05,Sports,Running Shoes,North,Wholesale,65,466.73,36404.94,10647.24
2023-06-05,Sports,Running Shoes,East,Direct,34,348.91,11862.94,4589.21
2023-06-05,Beauty,Makeup Palette,South,Retail,78,414.11,30685.55,11193.79
2023-06-05,Electronics,Headphones,South,Wholesale,51,216.96,10511.71,2846.31
2023-06-05,Electronics,Smartwatch,West,Wholesale,59,410.74,26657.03,4672.14
2023-06-05,Clothing,Dress,West,Wholesale,56,152.42,9389.07,3707.34
2023-06-05,Home & Garden,Garden Tools,North,Wholesale,38,181.31,8267.74,3247.53
2023-06-05,Sports,Bike Helmet,North,Direct,82,249.26,24527.18,7305.67
2023-06-05,Beauty,Hair Dryer,West,Wholesale,75,350.29,28898.93,8438.17
2023-06-05,Beauty,Face Serum,West,Retail,93,85.54,8750.74,3356.06
2023-06-06,Beauty,Skin Care Kit,South,Wholesale,66,200.18,12551.29,5205.35
2023-06-06,Clothing,Sneakers,East,Wholesale,47,475.51,22348.97,6046.59
2023-06-06,Home & Garden,Bedding Set,South,Wholesale,53,341.84,17211.64,2872.05
2023-06-06,Sports,Yoga Mat,West,Direct,31,150.6,5135.46,2114.32
2023-06-06,Home & Garden,Garden Tools,Central,Wholesale,91,135.26,12308.66,2308.87
2023-06-06,Home & Garden,Office Chair,East,Wholesale,83,159.64,13250.12,5371.3
2023-06-06,Sports,Running Shoes,Central,Retail,82,454.62,37278.84,11936.28
2023-06-06,Electronics,Laptop,South,Wholesale,13,188.46,2327.48,522.34
2023-06-06,Sports,Tennis Racket,North,Wholesale,95,400.62,45670.68,7211.67
2023-06-07,Sports,Running Shoes,West,Direct,14,15.17,233.62,53.18
2023-06-07,Home & Garden,Garden Tools,West,Wholesale,97,320.82,34231.49,9199.46
2023-06-07,Sports,Dumbbell Set,Central,Retail,10,81.6,816.0,153.48
2023-06-07,Electronics,Tablet,West,Direct,90,143.27,14183.73,5860.07
2023-06-07,Clothing,Jeans,North,Retail,79,173.13,16412.72,6199.35
2023-06-07,Electronics,Headphones,South,Direct,95,196.38,17723.29,2725.65
2023-06-07,Clothing,Sneakers,West,Direct,64,13.84,974.34,308.84
2023-06-07,Clothing,Jacket,East,Wholesale,3,126.63,379.89,67.77
2023-06-07,Home & Garden,Lamp,North,Direct,92,424.2,46831.68,17380.56
2023-06-07,Clothing,Sneakers,Central,Wholesale,29,50.52,1465.08,503.16
2023-06-07,Beauty,Makeup Palette,North,Retail,24,198.57,5718.82,1512.99
2023-06-07,Sports,Running Shoes,Central,Retail,62,83.67,5187.54,2128.74
2023-06-07,Clothing,T-Shirt,East,Retail,36,140.77,5067.72,1329.5
2023-06-07,Sports,Tennis Racket,Central,Wholesale,14,473.1,6623.4,2531.7
2023-06-07,Sports,Tennis Racket,North,Wholesale,42,394.9,19902.96,4063.58
2023-06-07,Home & Garden,Lamp,West,Retail,73,314.46,25251.14,8538.26
2023-06-07,Home & Garden,Office Chair,South,Retail,42,250.28,9986.17,3276.0
2023-06-07,Electronics,Headphones,South,Direct,59,149.3,8368.26,2098.45
2023-06-07,Sports,Bike Helmet,North,Wholesale,40,247.82,11895.36,3922.01
2023-06-07,Beauty,Fragrance,South,Direct,91,350.96,30340.49,5386.81
2023-06-07,Electronics,Headphones,West,Direct,73,122.04,9799.81,2342.51
2023-06-08,Beauty,Face Serum,East,Wholesale,60,226.48,13588.8,4792.61
2023-06-08,Beauty,Hair Dryer,West,Wholesale,74,435.7,35465.98,10541.96
2023-06-08,Beauty,Skin Care Kit,North,Wholesale,6,60.38,434.74,103.91
2023-06-08,Clothing,Dress,North,Direct,14,308.43,5181.62,2033.32
2023-06-08,Electronics,Smartphone,West,Direct,93,386.69,39558.39,10246.1
2023-06-08,Electronics,Smartwatch,South,Retail,51,411.81,19952.19,8293.87
2023-06-08,Home & Garden,Cookware Set,North,Retail,39,107.43,5027.72,1172.24
2023-06-08,Sports,Bike Helmet,South,Retail,48,395.89,18052.58,7432.27
2023-06-08,Sports,Tennis Racket,Central,Retail,80,275.16,22012.8,8513.69
2023-06-08,Clothing,Jeans,Central,Retail,93,59.55,5538.15,1037.27
2023-06-08,Electronics,Smartwatch,South,Retail,94,408.68,36495.12,7603.84
2023-06-08,Beauty,Makeup Palette,South,Wholesale,99,462.31,43480.26,9315.81
2023-06-08,Home & Garden,Office Chair,East,Retail,23,46.11,1060.53,250.47
2023-06-08,Clothing,Jacket,South,Retail,15,355.11,5060.32,1817.53
2023-06-08,Sports,Dumbbell Set,Central,Retail,86,243.67,20955.62,6531.07
2023-06-08,Home & Garden,Lamp,South,Wholesale,84,85.79,6846.04,2774.58
2023-06-08,Home & Garden,Cookware Set,Central,Direct,84,438.77,36856.68,10035.45
2023-06-08,Home & Garden,Garden Tools,West,Direct,76,327.83,27406.59,6281.51
2023-06-08,Electronics,Smartwatch,West,Wholesale,19,328.84,6872.76,2892.02
2023-06-08,Sports,Running Shoes,South,Direct,60,11.2,638.4,124.91
2023-06-08,Electronics,Tablet,East,Wholesale,46,202.49,9314.54,1989.3
2023-06-08,Clothing,Jacket,West,Direct,72,181.02,14336.78,2248.15
2023-06-08,Electronics,Headphones,Central,Wholesale,28,362.08,10138.24,2518.43
2023-06-08,Electronics,Laptop,South,Retail,70,423.33,28151.44,8697.37
2023-06-08,Beauty,Fragrance,West,Retail,46,391.07,19788.14,6917.86
2023-06-09,Sports,Bike Helmet,West,Retail,78,226.6,19442.28,4509.64
2023-06-09,Home & Garden,Office Chair,South,Direct,19,305.55,5515.18,1617.37
2023-06-09,Sports,Tennis Racket,Central,Retail,61,227.16,13856.76,5185.53
2023-06-09,Sports,Dumbbell Set,West,Wholesale,24,137.73,3636.07,1404.38
2023-06-09,Home & Garden,Office Chair,West,Retail,67,40.04,2950.95,972.7
2023-06-09,Sports,Yoga Mat,East,Direct,2,414.03,828.06,313.55
2023-06-09,Home & Garden,Bedding Set,North,Direct,98,215.59,25353.38,6498.75
2023-06-09,Beauty,Makeup Palette,Central,Direct,63,171.43,10800.09,4119.24
2023-06-09,Home & Garden,Bedding Set,South,Direct,9,329.43,2816.63,1080.27
2023-06-09,Beauty,Face Serum,East,Direct,66,129.96,8577.36,3357.78
2023-06-09,Electronics,Headphones,West,Direct,42,427.22,19737.56,4854.99
2023-06-09,Sports,Dumbbell Set,Central,Direct,61,70.18,4280.98,1738.44
2023-06-09,Beauty,Makeup Palette,West,Retail,26,483.55,13829.53,3218.82
2023-06-09,Electronics,Tablet,South,Wholesale,96,246.5,22480.8,7451.42
2023-06-09,Clothing,T-Shirt,East,Wholesale,61,149.54,9121.94,2783.26
2023-06-10,Beauty,Skin Care Kit,East,Retail,11,383.93,4223.23,979.1
2023-06-10,Sports,Running Shoes,North,Direct,10,338.88,4066.56,1105.55
2023-06-10,Beauty,Face Serum,Central,Direct,38,28.14,1069.32,288.61
2023-06-10,Clothing,Jacket,South,Wholesale,74,116.73,8206.12,2946.13
2023-06-10,Clothing,Sneakers,North,Retail,42,429.15,21629.16,8217.02
2023-06-10,Clothing,Dress,North,Retail,11,276.18,3645.58,733.13
2023-06-10,Electronics,Smartphone,East,Retail,76,30.1,2287.6,379.95
2023-06-10,Home & Garden,Garden Tools,North,Direct,10,437.62,5251.44,2274.05
2023-06-10,Electronics,Laptop,North,Wholesale,71,333.44,28409.09,5585.64
2023-06-10,Beauty,Fragrance,Central,Direct,84,19.98,1678.32,353.02
2023-06-10,Clothing,Jacket,West,Wholesale,6,326.23,2153.12,422.72
2023-06-10,Home & Garden,Lamp,East,Retail,35,455.54,15943.9,3270.46
2023-06-10,Sports,Dumbbell Set,North,Direct,92,403.82,44581.73,12095.6
2023-06-10,Sports,Bike Helmet,Central,Direct,13,92.67,1204.71,430.42
2023-06-11,Clothing,Sneakers,East,Retail,15,17.48,262.2,88.33
2023-06-11,Sports,Yoga Mat,North,Retail,6,281.92,2029.82,772.85
2023-06-11,Clothing,Dress,South,Direct,21,217.06,4330.35,1831.02
2023-06-11,Home & Garden,Cookware Set,East,Retail,34,313.89,10672.26,3135.11
2023-06-11,Clothing,Sneakers,North,Wholesale,32,116.75,4483.2,1530.82
2023-06-11,Electronics,Smartphone,East,Wholesale,90,30.34,2730.6,940.67
2023-06-11,Electronics,Laptop,East,Wholesale,39,329.17,12837.63,3119.69
2023-06-11,Beauty,Makeup Palette,East,Direct,70,169.63,11874.1,2445.07
2023-06-11,Home & Garden,Lamp,North,Direct,15,122.26,2200.68,349.96
2023-06-11,Electronics,Headphones,South,Retail,16,217.24,3302.05,1068.74
2023-06-11,Clothing,T-Shirt,North,Direct,11,282.25,3725.7,689.29
2023-06-11,Electronics,Smartwatch,North,Retail,92,86.02,9496.61,3757.77
2023-06-11,Electronics,Tablet,Central,Wholesale,13,468.41,6089.33,1861.23
2023-06-12,Clothing,Jeans,West,Retail,67,233.92,17239.9,5721.55
2023-06-12,Clothing,Jeans,West,Direct,24,113.36,2992.7,1067.39
2023-06-12,Home & Garden,Lamp,East,Direct,35,340.02,11900.7,2147.17
2023-06-12,Beauty,Fragrance,North,Direct,42,324.28,16343.71,5052.02
2023-06-12,Beauty,Skin Care Kit,North,Direct,92,139.93,15448.27,6673.98
2023-06-12,Electronics,Headphones,Central,Wholesale,60,129.9,7794.0,1970.46
2023-06-12,Clothing,Jacket,Central,Retail,65,402.87,26186.55,9391.06
2023-06-12,Home & Garden,Lamp,Central,Direct,21,78.22,1642.62,648.64
2023-06-12,Beauty,Makeup Palette,North,Retail,28,43.19,1451.18,513.99
2023-06-13,Beauty,Skin Care Kit,Central,Wholesale,33,194.4,6415.2,2708.32
2023-06-13,Sports,Bike Helmet,South,Direct,76,64.5,4656.9,705.28
2023-06-13,Beauty,Face Serum,North,Wholesale,36,347.23,15000.34,3028.37
2023-06-13,Beauty,Hair Dryer,South,Retail,59,215.8,12095.59,3558.16
2023-06-13,Clothing,Jeans,North,Retail,36,55.69,2405.81,906.23
2023-06-13,Beauty,Skin Care Kit,East,Direct,67,156.15,10462.05,3840.37
2023-06-13,Home & Garden,Cookware Set,North,Retail,95,440.95,50268.3,13687.22
2023-06-13,Electronics,Laptop,North,Wholesale,88,237.39,25068.38,5050.3
2023-06-13,Home & Garden,Office Chair,South,Wholesale,39,206.46,7649.34,2549.2
2023-06-13,Home & Garden,Office Chair,North,Retail,40,316.31,15182.88,6108.11
2023-06-13,Sports,Dumbbell Set,West,Retail,28,453.72,13974.58,5294.88
2023-06-13,Clothing,Jacket,Central,Wholesale,78,266.16,20760.48,5461.46
2023-06-13,Electronics,Tablet,South,Wholesale,83,382.48,30158.55,10855.53
2023-06-13,Home & Garden,Lamp,Central,Wholesale,83,136.5,11329.5,1859.75
2023-06-13,Electronics,Smartwatch,West,Direct,87,382.4,36595.68,13077.81
2023-06-13,Electronics,Tablet,South,Direct,71,392.81,26495.03,10445.11
2023-06-13,Home & Garden,Lamp,Central,Wholesale,66,416.58,27494.28,9820.7
2023-06-13,Clothing,Jeans,East,Retail,16,215.03,3440.48,1028.31
2023-06-13,Home & Garden,Office Chair,South,Direct,10,408.67,3882.37,671.57
2023-06-13,Beauty,Makeup Palette,South,Wholesale,72,115.12,7874.21,2754.43
2023-06-14,Sports,Running Shoes,North,Retail,88,263.96,27874.18,8325.25
2023-06-14,Home & Garden,Office Chair,Central,Wholesale,2,137.12,274.24,100.47
2023-06-14,Home & Garden,Bedding Set,South,Direct,22,117.38,2453.24,798.89
2023-06-14,Home & Garden,Cookware Set,North,Retail,12,247.88,3569.47,1233.56
2023-06-14,Clothing,Jeans,West,Direct,25,108.77,2991.18,717.8
2023-06-14,Beauty,Makeup Palette,South,Direct,50,73.84,3507.4,1158.8
2023-06-14,Home & Garden,Garden Tools,East,Wholesale,70,414.85,29039.5,
2023-06-14,Beauty,Fragrance,North,Wholesale,66,338.07,26775.14,7952.92
2023-06-14,Sports,Bike Helmet,North,Retail,20,69.07,1657.68,487.05
2023-06-14,Beauty,Makeup Palette,North,Retail,40,198.61,9533.28,1888.08
2023-06-14,Electronics,Headphones,South,Retail,77,203.08,14855.3,5465.89
2023-06-14,Clothing,Jacket,South,Wholesale,33,34.85,1092.55,357.13
2023-06-14,Beauty,Hair Dryer,South,Retail,63,97.19,5816.82,1513.86
2023-06-14,Home & Garden,Office Chair,South,Wholesale,42,389.55,15543.05,4224.31
2023-06-14,Sports,Running Shoes,South,Retail,97,265.16,24434.49,
2023-06-14,Clothing,Dress,North,Wholesale,91,152.99,16706.51,4664.01
2023-06-14,Beauty,Face Serum,North,Direct,72,350.18,30255.55,8569.53
2023-06-15,Clothing,T-Shirt,West,Wholesale,2,108.84,239.45,83.1
2023-06-15,Sports,Tennis Racket,West,Wholesale,86,12.92,1222.23,479.41
2023-06-15,Sports,Bike Helmet,Central,Retail,92,371.43,34171.56,6511.92
2023-06-15,Clothing,Jacket,West,Direct,25,83.86,2306.15,825.35
2023-06-15,Electronics,Laptop,North,Wholesale,89,481.77,51453.04,21780.75
2023-06-15,Sports,Dumbbell Set,Central,Retail,60,457.72,27463.2,9696.75
2023-06-15,Home & Garden,Garden Tools,Central,Retail,6,499.52,2997.12,723.64
2023-06-15,Home & Garden,Cookware Set,East,Wholesale,61,121.67,7421.87,2171.28
2023-06-15,Sports,Dumbbell Set,East,Wholesale,94,443.26,41666.44,14580.39
2023-06-15,Home & Garden,Garden Tools,South,Wholesale,3,377.35,1075.45,189.61
2023-06-15,Sports,Tennis Racket,West,Wholesale,53,34.85,2031.76,411.11
2023-06-15,Clothing,Jacket,Central,Wholesale,84,295.39,24812.76,5058.48
2023-06-16,Electronics,Smartphone,Central,Direct,6,383.92,2303.52,
2023-06-16,Sports,Bike Helmet,East,Wholesale,24,253.14,6075.36,1818.09
2023-06-16,Sports,Running Shoes,Central,Wholesale,60,217.68,13060.8,4777.2
2023-06-16,Sports,Running Shoes,South,Retail,75,476.11,33922.84,14713.74
2023-06-16,Sports,Running Shoes,South,Wholesale,95,474.63,42835.36,11925.65
2023-06-16,Home & Garden,Lamp,West,Retail,50,214.97,11823.35,5306.32
2023-06-16,Sports,Yoga Mat,Central,Wholesale,11,464.61,5110.71,1925.64
2023-06-16,Electronics,Smartphone,South,Retail,46,167.74,7330.24,3173.98
2023-06-16,Beauty,Hair Dryer,North,Wholesale,61,430.38,31503.82,9839.15
2023-06-16,Sports,Bike Helmet,South,Wholesale,76,147.53,10651.67,3951.28
2023-06-16,Home & Garden,Lamp,Central,Wholesale,53,287.77,15251.81,5434.73
2023-06-16,Home & Garden,Cookware Set,South,Direct,44,374.69,15662.04,5362.1
2023-06-16,Electronics,Headphones,North,Direct,90,205.3,22172.4,7502.38
2023-06-16,Clothing,T-Shirt,North,Direct,91,427.41,46673.17,13916.68
2023-06-17,Clothing,Dress,North,Wholesale,81,490.22,47649.38,18569.98
2023-06-17,Electronics,Headphones,East,Direct,78,105.59,8236.02,1589.13
2023-06-17,Sports,Yoga Mat,West,Direct,30,352.85,11644.05,2327.14
2023-06-17,Electronics,Smartwatch,South,Retail,35,271.97,9043.0,2041.9
2023-06-17,Clothing,T-Shirt,South,Wholesale,86,78.91,6446.95,2635.95
2023-06-17,Clothing,Sneakers,North,Retail,55,136.18,8987.88,2979.48
2023-06-17,Electronics,Laptop,Central,Retail,31,331.83,10286.73,3804.37
2023-06-17,Electronics,Headphones,Central,Direct,31,231.0,7161.0,1524.66
2023-06-17,Electronics,Tablet,East,Retail,47,471.61,22165.67,6661.8
2023-06-17,Electronics,Tablet,North,Retail,13,10.05,156.78,65.04
2023-06-17,Sports,Dumbbell Set,Central,Direct,85,364.02,30941.7,9605.46
2023-06-17,Electronics,Tablet,West,Wholesale,62,245.37,16734.23,5639.94
2023-06-17,Sports,Tennis Racket,South,Direct,98,178.86,16651.87,2677.05
2023-06-17,Sports,Tennis Racket,North,Direct,10,225.12,2701.44,1131.93
2023-06-17,Sports,Bike Helmet,Central,Direct,90,414.88,37339.2,8880.35
2023-06-18,Sports,Yoga Mat,North,Direct,89,108.51,11588.87,4608.31
2023-06-18,Home & Garden,Bedding Set,North,Direct,31,257.16,9566.35,1617.19
2023-06-18,Electronics,Tablet,Central,Wholesale,53,251.05,13305.65,3196.56
2023-06-18,Clothing,Sneakers,East,Direct,59,388.9,22945.1,5031.76
2023-06-18,Clothing,Dress,East,Wholesale,10,457.8,4578.0,1337.09
2023-06-18,Sports,Tennis Racket,South,Retail,14,432.16,5747.73,
2023-06-18,Beauty,Skin Care Kit,South,Direct,89,156.97,13271.81,3540.4
2023-06-18,Electronics,Tablet,East,Direct,78,292.15,22787.7,6878.28
2023-06-18,Clothing,Sneakers,South,Direct,10,454.69,4319.55,1910.25
2023-06-18,Beauty,Face Serum,South,Wholesale,13,389.63,4811.93,779.15
2023-06-18,Clothing,Dress,West,Retail,98,467.1,50353.38,8458.92
2023-06-18,Electronics,Smartphone,North,Direct,7,162.68,1366.51,351.68
2023-06-18,Sports,Yoga Mat,West,Direct,67,383.91,28294.17,5398.59
2023-06-18,Clothing,Sneakers,South,Wholesale,36,14.27,488.03,187.4
2023-06-19,Clothing,Sneakers,North,Direct,74,369.9,32847.12,14120.34
2023-06-19,Sports,Bike Helmet,West,Wholesale,91,242.49,24273.25,5911.23
2023-06-19,Home & Garden,Lamp,East,Wholesale,77,27.51,2118.27,406.72
2023-06-19,Electronics,Smartwatch,North,Direct,9,89.52,966.82,244.25
2023-06-19,Beauty,Makeup Palette,West,Retail,2,386.32,849.9,206.13
2023-06-19,Beauty,Face Serum,West,Wholesale,97,372.02,39694.53,12145.97
2023-06-19,Electronics,Smartphone,North,Wholesale,47,398.05,22450.02,3890.16
2023-06-19,Sports,Tennis Racket,North,Retail,9,419.29,4528.33,1198.0
2023-06-19,Beauty,Fragrance,East,Direct,48,200.06,9602.88,3386.03
2023-06-19,Electronics,Laptop,South,Direct,5,469.23,2228.84,346.33
2023-06-19,Clothing,Dress,North,Retail,66,396.29,31386.17,6805.59
2023-06-19,Beauty,Makeup Palette,East,Wholesale,17,199.4,3389.8,672.26
2023-06-19,Beauty,Skin Care Kit,South,Direct,36,483.69,16542.2,5601.02
2023-06-19,Sports,Bike Helmet,South,Direct,30,297.94,8491.29,3241.77
2023-06-19,Sports,Tennis Racket,Central,Retail,45,56.93,2561.85,1125.55
2023-06-19,Electronics,Smartphone,Central,Wholesale,13,149.5,1943.5,665.23
2023-06-19,Electronics,Headphones,South,Direct,70,64.05,4259.32,725.08
2023-06-19,Sports,Yoga Mat,South,Wholesale,59,368.93,20678.53,4916.78
2023-06-20,Beauty,Makeup Palette,Central,Wholesale,77,397.46,30604.42,6662.77
2023-06-20,Electronics,Tablet,West,Direct,50,74.78,4112.9,637.37
2023-06-20,Home & Garden,Garden Tools,West,Retail,34,86.3,3227.62,494.36
2023-06-20,Beauty,Makeup Palette,North,Retail,16,191.1,3669.12,869.13
2023-06-20,Clothing,Jacket,South,Direct,34,467.45,15098.63,6139.76
2023-06-20,Beauty,Fragrance,West,Direct,90,33.4,3306.6,1125.69
2023-06-20,Clothing,Sneakers,Central,Wholesale,67,496.22,33246.74,11058.59
2023-06-20,Electronics,Laptop,West,Wholesale,88,82.09,7946.31,2815.19
2023-06-20,Home & Garden,Lamp,South,Retail,1,321.05,305.0,131.24
2023-06-20,Electronics,Smartphone,South,Wholesale,55,253.21,13230.22,5452.9
2023-06-20,Clothing,T-Shirt,South,Wholesale,60,240.24,13693.68,5729.82
2023-06-20,Clothing,Jeans,South,Direct,10,469.69,4462.05,1893.97
2023-06-20,Clothing,Jeans,West,Direct,5,10.34,56.87,14.01
2023-06-20,Electronics,Headphones,East,Wholesale,33,255.87,8443.71,2085.72
2023-06-20,Beauty,Hair Dryer,Central,Wholesale,3,103.63,310.89,138.53
2023-06-20,Sports,Running Shoes,Central,Direct,42,447.48,18794.16,5350.04
2023-06-20,Home & Garden,Bedding Set,South,Retail,52,211.43,10444.64,3442.51
2023-06-20,Beauty,Makeup Palette,South,Wholesale,39,157.05,5818.7,2443.51
2023-06-20,Electronics,Smartwatch,West,Wholesale,3,488.47,1611.95,562.67
2023-06-20,Beauty,Face Serum,Central,Wholesale,24,492.01,11808.24,4657.12
2023-06-20,Clothing,Dress,South,Wholesale,39,37.47,1388.26,464.31
2023-06-20,Electronics,Headphones,North,Wholesale,59,127.19,9005.05,1594.74
2023-06-20,Home & Garden,Bedding Set,East,Retail,40,342.15,13686.0,6042.23
2023-06-21,Beauty,Makeup Palette,South,Retail,70,495.26,32934.79,14398.14
2023-06-21,Electronics,Laptop,North,Direct,91,230.21,25138.93,6508.04
2023-06-21,Beauty,Skin Care Kit,Central,Retail,58,482.68,27995.44,9864.38
2023-06-21,Home & Garden,Bedding Set,Central,Direct,32,460.2,14726.4,6200.91
2023-06-21,Home & Garden,Bedding Set,West,Retail,73,457.22,36714.77,15489.61
2023-06-21,Electronics,Smartwatch,East,Wholesale,27,442.09,11936.43,3550.56
2023-06-21,Electronics,Smartphone,West,Retail,15,279.37,4609.61,1849.74
2023-06-21,Beauty,Fragrance,East,Wholesale,48,141.48,6791.04,1390.58
2023-06-21,Sports,Yoga Mat,North,Wholesale,4,482.05,2313.84,496.24
2023-06-21,Beauty,Fragrance,South,Retail,7,244.34,1624.86,266.19
2023-06-21,Beauty,Hair Dryer,Central,Direct,4,223.13,892.52,139.46
2023-06-21,Beauty,Fragrance,South,Direct,91,367.7,31787.66,12141.3
2023-06-21,Electronics,Smartphone,East,Direct,82,433.44,35542.08,15401.35
2023-06-21,Electronics,Smartphone,East,Direct,11,492.86,5421.46,2170.76
2023-06-21,Electronics,Smartphone,North,Direct,94,66.1,7456.08,1620.3
2023-06-21,Beauty,Makeup Palette,Central,Retail,56,395.62,22154.72,7271.05
2023-06-21,Beauty,Makeup Palette,South,Retail,86,332.57,27170.97,6736.79
2023-06-21,Home & Garden,Bedding Set,East,Direct,95,183.93,17473.35,7718.39
2023-06-21,Home & Garden,Lamp,East,Direct,71,490.01,34790.71,13772.75
2023-06-21,Sports,Tennis Racket,North,Direct,61,45.48,3329.14,704.64
2023-06-22,Electronics,Smartwatch,South,Wholesale,12,433.53,4942.24,1305.27
2023-06-22,Electronics,Tablet,East,Direct,64,177.15,11337.6,3619.41
2023-06-22,Electronics,Tablet,West,Retail,6,274.34,1810.64,
2023-06-22,Sports,Yoga Mat,East,Direct,8,260.0,2080.0,319.59
2023-06-22,Clothing,Jacket,Central,Wholesale,90,280.88,25279.2,5690.79
2023-06-22,Home & Garden,Garden Tools,South,Direct,92,55.61,4860.31,929.43
2023-06-22,Sports,Running Shoes,South,Direct,11,428.13,4473.96,1495.31
2023-06-22,Electronics,Laptop,South,Direct,77,82.91,6064.87,2421.81
2023-06-22,Sports,Running Shoes,East,Wholesale,80,317.42,25393.6,8482.25
2023-06-22,Sports,Tennis Racket,North,Retail,40,368.6,17692.8,7316.21
2023-06-22,Home & Garden,Cookware Set,West,Wholesale,60,376.03,24817.98,10269.29
2023-06-22,Clothing,Jeans,South,Direct,60,53.45,3046.65,557.63
2023-06-22,Electronics,Tablet,East,Wholesale,52,487.43,25346.36,5922.83
2023-06-22,Electronics,Headphones,East,Direct,82,452.36,37093.52,5934.56
2023-06-22,Electronics,Laptop,West,Retail,41,26.66,1202.37,474.32
2023-06-22,Beauty,Makeup Palette,East,Direct,98,259.65,25445.7,6996.91
2023-06-22,Home & Garden,Lamp,North,Retail,87,276.58,28874.95,8559.47
2023-06-22,Sports,Running Shoes,East,Wholesale,80,317.42,25393.6,8482.25
2023-06-23,Home & Garden,Bedding Set,South,Retail,54,107.73,5526.55,2295.7
2023-06-23,Sports,Dumbbell Set,East,Retail,3,388.46,1165.38,447.02
2023-06-23,Clothing,Sneakers,North,Wholesale,12,56.34,811.3,267.69
2023-06-23,Clothing,Jacket,North,Direct,40,305.81,14678.88,5762.25
2023-06-23,Home & Garden,Office Chair,North,Wholesale,58,311.69,21693.62,
2023-06-23,Beauty,Face Serum,South,Direct,53,464.15,23369.95,6537.34
2023-06-23,Beauty,Makeup Palette,North,Wholesale,83,65.93,6566.63,2909.66
2023-06-23,Home & Garden,Cookware Set,South,Retail,97,217.91,20080.41,6106.63
2023-06-23,Sports,Tennis Racket,South,Wholesale,96,407.78,37189.54,14756.99
2023-06-23,Beauty,Face Serum,West,Direct,59,239.31,15531.22,6838.49
2023-06-23,Sports,Running Shoes,Central,Retail,82,416.43,34147.26,12259.43
2023-06-23,Electronics,Smartphone,North,Wholesale,48,93.24,5370.62,2212.2
2023-06-23,Clothing,T-Shirt,North,Direct,17,214.95,4384.98,1811.25
2023-06-23,Sports,Tennis Racket,South,Wholesale,57,269.29,14582.05,2327.89
2023-06-23,Electronics,Headphones,South,Wholesale,50,324.93,15434.17,6300.66
2023-06-23,Electronics,Smartphone,North,Retail,25,377.54,11326.2,3703.45
2023-06-23,Electronics,Headphones,West,Direct,47,258.48,13363.42,4038.11
2023-06-23,Electronics,Tablet,Central,Retail,68,159.54,10848.72,3741.92
2023-06-23,Clothing,Jacket,North,Direct,80,62.72,6021.12,1406.86
2023-06-23,Electronics,Smartwatch,West,Wholesale,89,110.37,10805.22,4533.71
2023-06-23,Beauty,Hair Dryer,Central,Retail,85,81.81,6953.85,1449.5
2023-06-23,Sports,Tennis Racket,West,Direct,69,351.47,26676.57,7445.73
2023-06-23,Electronics,Headphones,South,Wholesale,50,324.93,15434.17,6300.66
2023-06-24,Home & Garden,Bedding Set,North,Direct,37,342.33,15199.45,4984.51
2023-06-24,Clothing,Jacket,North,Wholesale,68,82.96,6769.54,1405.22
2023-06-24,Sports,Tennis Racket,West,Direct,14,393.54,6060.52,1133.63
2023-06-24,Beauty,Face Serum,South,Direct,50,50.97,2421.07,882.42
2023-06-24,Home & Garden,Office Chair,Central,Retail,9,198.94,1790.46,591.82
2023-06-24,Beauty,Skin Care Kit,Central,Direct,12,335.12,4021.44,989.94
2023-06-24,Beauty,Face Serum,Central,Retail,95,171.99,16339.05,5710.21
2023-06-24,Clothing,Jeans,West,Wholesale,62,84.16,5739.71,2561.39
2023-06-24,Beauty,Fragrance,South,Wholesale,33,112.26,3519.35,919.53
2023-06-24,Home & Garden,Office Chair,West,Wholesale,96,128.59,13579.1,5273.69
2023-06-24,Electronics,Headphones,East,Wholesale,41,472.76,19383.16,6369.11
2023-06-24,Sports,Tennis Racket,South,Direct,34,443.72,14332.16,2477.58
2023-06-24,Home & Garden,Cookware Set,South,Wholesale,54,490.75,25175.47,10858.26
2023-06-24,Sports,Dumbbell Set,North,Direct,80,30.8,2956.8,702.08
2023-06-24,Beauty,Fragrance,North,Retail,30,84.05,3025.8,1214.54
2023-06-24,Clothing,Sneakers,East,Wholesale,64,160.25,10256.0,2758.1
2023-06-24,Sports,Dumbbell Set,South,Direct,22,45.4,948.86,351.87
2023-06-25,Sports,Dumbbell Set,East,Direct,32,497.17,15909.44,5542.09
2023-06-25,Sports,Running Shoes,South,Retail,52,28.13,1389.62,430.84
2023-06-25,Beauty,Face Serum,West,Retail,69,369.19,28021.52,11328.5
2023-06-25,Clothing,Jacket,North,Direct,73,223.2,19552.32,4979.59
2023-06-25,Sports,Running Shoes,South,Direct,87,65.81,5439.2,2256.77
2023-06-25,Beauty,Skin Care Kit,North,Wholesale,20,421.75,10122.0,4073.57
2023-06-25,Home & Garden,Office Chair,East,Direct,47,326.8,15359.6,
2023-06-25,Electronics,Tablet,South,Retail,64,348.24,21172.99,7411.21
2023-06-25,Sports,Dumbbell Set,South,Retail,37,238.89,8396.98,1971.22
2023-06-25,Sports,Running Shoes,East,Retail,86,352.86,30345.96,6321.89
2023-06-25,Electronics,Smartphone,Central,Wholesale,62,210.17,13030.54,2481.78
2023-06-25,Beauty,Makeup Palette,South,Wholesale,53,209.13,10529.7,2968.24
2023-06-25,Beauty,Makeup Palette,North,Direct,99,97.98,11640.02,2918.43
2023-06-25,Electronics,Smartphone,South,Wholesale,82,194.96,15187.38,4785.91
2023-06-25,Electronics,Laptop,West,Wholesale,38,290.23,12131.61,2111.53
2023-06-25,Sports,Running Shoes,North,Retail,79,16.4,1554.72,314.57
2023-06-25,Beauty,Skin Care Kit,Central,Wholesale,63,215.41,13570.83,3586.17
2023-06-25,Home & Garden,Office Chair,North,Direct,39,24.22,1133.5,249.8
2023-06-25,Beauty,Makeup Palette,North,Direct,8,433.97,4166.11,1085.7
2023-06-26,Beauty,Fragrance,East,Retail,16,97.45,1559.2,485.19
2023-06-26,Clothing,T-Shirt,West,Retail,17,484.34,9057.16,2752.97
2023-06-26,Beauty,Skin Care Kit,East,Retail,13,92.57,1203.41,528.39
2023-06-26,Home & Garden,Bedding Set,North,Wholesale,57,44.0,3009.6,673.35
2023-06-26,Home & Garden,Office Chair,West,Retail,86,457.23,43253.96,16047.11
2023-06-26,Beauty,Skin Care Kit,West,Wholesale,18,364.27,7212.55,2513.68
2023-06-26,Beauty,Skin Care Kit,West,Direct,9,36.82,364.52,154.87
2023-06-26,Clothing,Jacket,West,Retail,39,31.37,1345.77,364.84
2023-06-26,Beauty,Face Serum,East,Wholesale,14,98.35,1376.9,396.04
2023-06-26,Beauty,Fragrance,East,Wholesale,58,485.85,28179.3,6940.22
2023-06-26,Beauty,Face Serum,West,Wholesale,86,217.61,20585.91,7496.57
2023-06-26,Home & Garden,Cookware Set,East,Retail,48,490.97,23566.56,8136.93
2023-06-26,Sports,Dumbbell Set,Central,Direct,73,53.41,3898.93,1482.01
2023-06-26,Sports,Bike Helmet,West,Wholesale,28,381.13,11738.8,1833.5
2023-06-26,Electronics,Laptop,East,Retail,12,66.45,797.4,138.5
2023-06-26,Clothing,Dress,North,Wholesale,33,127.02,5029.99,2131.05
2023-06-26,Beauty,Skin Care Kit,North,Direct,42,478.61,24121.94,10544.67
2023-06-26,Home & Garden,Cookware Set,East,Wholesale,19,125.43,2383.17,679.1
2023-06-26,Sports,Bike Helmet,East,Retail,5,240.39,1201.95,284.06
2023-06-26,Sports,Running Shoes,Central,Wholesale,22,283.76,6242.72,2441.06
2023-06-26,Electronics,Headphones,East,Retail,41,161.69,6629.29,2752.05
2023-06-26,Home & Garden,Office Chair,South,Direct,1,479.57,455.59,169.36
2023-06-26,Beauty,Face Serum,West,Retail,8,185.26,1630.29,369.24
2023-06-27,Sports,Running Shoes,East,Wholesale,57,383.91,21882.87,7050.15
2023-06-27,Electronics,Headphones,Central,Wholesale,54,191.48,10339.92,1685.73
2023-06-27,Home & Garden,Garden Tools,West,Retail,1,283.28,311.61,64.68
2023-06-27,Sports,Yoga Mat,West,Wholesale,72,410.56,32516.35,
2023-06-27,Sports,Tennis Racket,East,Direct,25,207.32,5183.0,1701.14
2023-06-27,Beauty,Skin Care Kit,West,Wholesale,72,492.62,39015.5,6824.89
2023-06-27,Home & Garden,Garden Tools,South,Retail,55,386.84,20212.39,5901.42
2023-06-27,Beauty,Hair Dryer,North,Wholesale,70,153.2,12868.8,2823.48
2023-06-27,Clothing,T-Shirt,Central,Retail,69,24.84,1713.96,357.48
2023-06-27,Sports,Yoga Mat,West,Retail,40,207.23,9118.12,3625.2
2023-06-27,Clothing,Jacket,South,Wholesale,54,16.35,838.75,236.0
2023-06-27,Clothing,T-Shirt,East,Wholesale,40,55.41,2216.4,467.72
2023-06-27,Sports,Tennis Racket,Central,Retail,54,46.21,2495.34,442.46
2023-06-27,Home & Garden,Office Chair,South,Wholesale,31,439.79,12951.82,5267.97
2023-06-27,Home & Garden,Cookware Set,West,Direct,64,387.25,27262.4,6153.32
2023-06-27,Beauty,Makeup Palette,South,Direct,37,360.76,12680.71,5317.27
2023-06-27,Clothing,Sneakers,Central,Wholesale,30,240.06,7201.8,2585.22
2023-06-28,Beauty,Skin Care Kit,East,Retail,8,34.57,276.56,81.04
2023-06-28,Home & Garden,Office Chair,East,Direct,22,47.43,1043.46,354.74
2023-06-28,Electronics,Smartwatch,North,Wholesale,76,175.05,15964.56,2716.86
2023-06-28,Home & Garden,Bedding Set,Central,Retail,6,431.69,2590.14,512.16
2023-06-28,Sports,Tennis Racket,West,Wholesale,9,453.83,4492.92,1931.06
2023-06-28,Home & Garden,Office Chair,North,Direct,30,485.03,17461.08,4472.35
2023-06-28,Home & Garden,Garden Tools,West,Direct,15,242.84,4006.86,1547.15
2023-06-28,Beauty,Skin Care Kit,West,Wholesale,52,31.71,1813.81,700.54
2023-06-28,Sports,Yoga Mat,North,Direct,49,432.13,25409.24,5830.67
2023-06-28,Beauty,Skin Care Kit,West,Wholesale,90,445.5,44104.5,16936.11
2023-06-28,Sports,Yoga Mat,Central,Direct,73,489.66,35745.18,14464.66
2023-06-28,Sports,Bike Helmet,North,Wholesale,8,134.8,1294.08,276.79
2023-06-28,Clothing,Dress,North,Direct,54,245.58,15913.58,2742.88
2023-06-28,Sports,Running Shoes,East,Direct,75,79.64,5973.0,1059.05
2023-06-28,Clothing,T-Shirt,West,Retail,88,272.17,26346.06,10294.14
2023-06-28,Home & Garden,Bedding Set,Central,Retail,26,217.87,5664.62,2513.54
2023-06-28,Home & Garden,Lamp,South,Direct,79,318.21,23881.66,9377.19
2023-06-28,Sports,Bike Helmet,West,Direct,37,463.62,18869.33,3971.16
2023-06-29,Sports,Bike Helmet,East,Direct,68,344.61,23433.48,3803.38
2023-06-29,Clothing,Sneakers,West,Wholesale,63,46.98,3255.71,1212.62
2023-06-29,Home & Garden,Bedding Set,East,Wholesale,8,78.57,628.56,212.75
2023-06-29,Home & Garden,Office Chair,East,Wholesale,14,254.05,3556.7,841.57
2023-06-29,Sports,Yoga Mat,Central,Retail,10,428.34,4283.4,897.92
2023-06-29,Clothing,T-Shirt,East,Direct,52,363.04,18878.08,4709.69
2023-06-29,Home & Garden,Office Chair,South,Wholesale,55,239.17,12496.63,2836.43
2023-06-29,Sports,Bike Helmet,Central,Wholesale,49,353.73,17332.77,3127.29
2023-06-29,Sports,Bike Helmet,South,Direct,56,50.87,2706.28,896.77
2023-06-30,Sports,Yoga Mat,East,Wholesale,72,328.23,23632.56,9163.04
2023-06-30,Electronics,Laptop,South,Retail,60,205.38,11706.66,2814.4
2023-06-30,Beauty,Fragrance,West,Direct,64,262.36,18470.14,8300.23
2023-06-30,Beauty,Fragrance,Central,Retail,11,15.11,166.21,72.73
2023-06-30,Electronics,Smartphone,North,Direct,17,24.39,497.56,209.64
2023-06-30,Home & Garden,Cookware Set,North,Direct,67,57.8,4647.12,1773.99
2023-06-30,Home & Garden,Lamp,East,Retail,87,416.96,36275.52,5732.45
2023-06-30,Sports,Running Shoes,Central,Wholesale,70,280.19,19613.3,8078.05
2023-06-30,Electronics,Smartwatch,East,Direct,61,314.12,19161.32,8300.8
2023-06-30,Electronics,Smartphone,North,Wholesale,38,201.3,9179.28,2235.96
2023-06-30,Clothing,T-Shirt,West,Direct,19,396.9,8295.21,3528.26
2023-06-30,Beauty,Fragrance,South,Retail,30,110.06,3136.71,1224.29
2023-06-30,Electronics,Headphones,South,Wholesale,10,475.93,4521.34,1619.62
2023-06-30,Clothing,Jacket,Central,Direct,64,360.73,23086.72,3688.41
2023-06-30,Sports,Bike Helmet,North,Direct,34,415.44,16949.95,4641.92
2023-06-30,Clothing,Jeans,West,Direct,58,92.01,5870.24,917.69
2023-06-30,Electronics,Smartwatch,Central,Wholesale,38,417.42,15861.96,3913.25
2023-06-30,Home & Garden,Cookware Set,West,Direct,40,254.52,11198.88,4419.2
2023-07-01,Sports,Dumbbell Set,Central,Wholesale,86,357.96,30784.56,10844.57
2023-07-01,Home & Garden,Garden Tools,South,Wholesale,48,229.73,10475.69,4636.96
2023-07-01,Home & Garden,Office Chair,South,Wholesale,50,215.14,10219.15,3056.86
2023-07-01,Beauty,Skin Care Kit,Central,Wholesale,89,178.19,15858.91,4254.33
2023-07-01,Sports,Dumbbell Set,North,Direct,46,485.27,26786.9,7385.14
2023-07-01,Clothing,T-Shirt,West,Wholesale,48,351.01,18533.33,7350.18
2023-07-01,Beauty,Face Serum,North,Retail,5,294.96,1769.76,382.47
2023-07-01,Electronics,Tablet,North,Direct,21,362.11,9125.17,2972.23
2023-07-01,Beauty,Makeup Palette,North,Direct,42,317.61,16007.54,4291.03
2023-07-01,Beauty,Face Serum,North,Wholesale,38,55.09,2512.1,476.69
2023-07-01,Sports,Bike Helmet,North,Direct,32,387.45,14878.08,3989.89
2023-07-01,Clothing,Dress,Central,Direct,7,383.82,2686.74,585.49
2023-07-01,Beauty,Hair Dryer,South,Retail,28,60.15,1599.99,433.27
2023-07-01,Home & Garden,Garden Tools,East,Direct,40,45.46,1818.4,681.97
2023-07-01,Electronics,Tablet,West,Direct,98,285.48,30774.74,10537.32
2023-07-01,Clothing,T-Shirt,Central,Retail,51,215.02,10966.02,2875.85
2023-07-01,Electronics,Headphones,South,Retail,29,385.15,10610.88,2840.52
2023-07-01,Electronics,Smartwatch,North,Retail,43,341.15,17603.34,7582.88
2023-07-01,Home & Garden,Lamp,East,Retail,16,362.17,5794.72,1092.82
2023-07-01,Clothing,Jacket,North,Wholesale,72,115.06,9941.18,2393.77
2023-07-01,Beauty,Face Serum,East,Direct,85,147.24,12515.4,5603.4
2023-07-01,Home & Garden,Cookware Set,East,Wholesale,90,174.75,15727.5,6892.43
2023-07-01,Sports,Bike Helmet,West,Direct,87,232.39,22239.72,4605.04
2023-07-01,Sports,Yoga Mat,North,Wholesale,29,59.91,2084.87,759.08
2023-07-01,Beauty,Face Serum,East,Direct,88,190.99,16807.12,2982.53
2023-07-02,Clothing,Jacket,Central,Retail,34,437.09,14861.06,2703.21
2023-07-02,Home & Garden,Garden Tools,East,Wholesale,55,36.21,1991.55,616.43
2023-07-02,Sports,Bike Helmet,Central,Direct,26,154.16,4008.16,770.56
2023-07-02,Sports,Yoga Mat,Central,Retail,8,348.14,2785.12,691.9
2023-07-02,Electronics,Smartphone,South,Wholesale,2,77.56,147.36,39.1
2023-07-02,Clothing,Jacket,East,Retail,94,33.77,3174.38,1058.46
2023-07-02,Sports,Bike Helmet,Central,Retail,61,333.44,20339.84,6717.14
2023-07-02,Sports,Dumbbell Set,North,Retail,57,330.16,22582.94,3686.16
2023-07-02,Sports,Bike Helmet,North,Direct,27,456.98,14806.15,4208.69
2023-07-02,Sports,Bike Helmet,North,Retail,84,42.65,4299.12,1337.92
2023-07-02,Home & Garden,Cookware Set,North,Retail,22,214.73,5668.87,1016.19
2023-07-02,Beauty,Fragrance,North,Direct,16,428.03,8218.18,1662.51
2023-07-02,Beauty,Face Serum,West,Wholesale,56,251.21,15474.54,6175.06
2023-07-02,Sports,Dumbbell Set,South,Wholesale,89,362.27,30629.93,7500.6
2023-07-02,Sports,Bike Helmet,South,Direct,53,498.2,25084.37,5558.62
2023-07-02,Sports,Yoga Mat,West,Direct,16,310.74,5469.02,2202.56
2023-07-03,Beauty,Skin Care Kit,North,Wholesale,73,391.98,34337.45,13244.77
2023-07-03,Home & Garden,Cookware Set,South,Wholesale,55,329.27,17204.36,3889.73
2023-07-03,Home & Garden,Garden Tools,West,Wholesale,22,313.13,7577.75,1502.19
2023-07-03,Home & Garden,Office Chair,South,Retail,84,449.98,35908.4,8584.86
2023-07-03,Beauty,Face Serum,West,Retail,33,245.75,8920.73,3411.89
2023-07-03,Home & Garden,Garden Tools,Central,Retail,52,245.74,12778.48,2608.99
2023-07-03,Sports,Bike Helmet,Central,Direct,27,72.14,1947.78,571.92
2023-07-03,Beauty,Hair Dryer,Central,Direct,21,300.76,6315.96,1142.82
2023-07-03,Electronics,Tablet,South,Retail,25,168.76,4008.05,958.27
2023-07-03,Sports,Yoga Mat,South,Wholesale,9,132.36,1131.68,427.04
2023-07-03,Sports,Tennis Racket,Central,Retail,64,456.57,29220.48,11546.97
2023-07-03,Home & Garden,Cookware Set,East,Wholesale,94,374.78,35229.32,12250.37
2023-07-03,Clothing,Sneakers,South,Direct,17,57.0,920.55,343.29
2023-07-03,Electronics,Smartwatch,East,Retail,35,70.58,2470.3,747.73
2023-07-03,Home & Garden,Cookware Set,West,Direct,17,305.14,5706.12,1473.33
2023-07-03,Sports,Yoga Mat,East,Wholesale,87,380.99,33146.13,5231.95
2023-07-03,Clothing,Sneakers,North,Retail,69,392.73,32518.04,5723.1
2023-07-03,Beauty,Fragrance,Central,Retail,15,403.37,6050.55,1776.43
2023-07-03,Home & Garden,Garden Tools,South,Retail,51,121.75,5898.79,1248.7
2023-07-03,Sports,Yoga Mat,Central,Retail,36,127.49,4589.64,1684.21
2023-07-03,Sports,Bike Helmet,North,Retail,71,215.5,18360.6,5602.2
2023-07-03,Home & Garden,Cookware Set,East,Retail,35,394.86,13820.1,3785.53
2023-07-04,Sports,Dumbbell Set,East,Retail,12,397.43,4769.16,735.29
2023-07-04,Beauty,Skin Care Kit,North,Retail,71,452.42,38546.18,8119.64
2023-07-04,Home & Garden,Lamp,West,Direct,55,353.89,21410.35,3740.99
2023-07-04,Electronics,Tablet,West,Wholesale,20,317.33,6981.26,2915.5
2023-07-04,Electronics,Tablet,West,Direct,96,378.76,39997.06,15691.67
2023-07-04,Clothing,Jacket,Central,Retail,67,145.84,9771.28,3814.82
2023-07-04,Home & Garden,Office Chair,Central,Direct,56,45.33,2538.48,1013.95
2023-07-04,Home & Garden,Lamp,South,Retail,21,267.51,5336.82,1064.3
2023-07-04,Clothing,Dress,South,Wholesale,51,402.84,19517.6,6932.67
2023-07-04,Home & Garden,Cookware Set,Central,Wholesale,54,94.58,5107.32,1593.32
2023-07-04,Beauty,Face Serum,East,Wholesale,59,308.75,18216.25,4557.61
2023-07-04,Clothing,Jeans,East,Direct,69,49.37,3406.53,1270.09
2023-07-04,Sports,Tennis Racket,North,Wholesale,92,477.61,52728.14,12975.57
2023-07-04,Electronics,Smartwatch,North,Direct,65,183.59,14320.02,3348.31
2023-07-04,Clothing,Dress,Central,Retail,16,374.89,5998.24,2328.33
2023-07-04,Clothing,Dress,North,Retail,42,315.07,15879.53,6948.78
2023-07-04,Sports,Running Shoes,South,Retail,17,470.72,7602.13,2435.42
2023-07-04,Electronics,Headphones,East,Direct,29,379.34,11000.86,2926.22
2023-07-04,Home & Garden,Office Chair,East,Retail,34,372.19,12654.46,5006.39
2023-07-04,Electronics,Tablet,West,Retail,56,239.14,14731.02,3656.36
2023-07-05,Sports,Dumbbell Set,East,Direct,54,353.95,19113.3,8100.96
2023-07-05,Beauty,Hair Dryer,West,Wholesale,53,83.12,4845.9,1274.17
2023-07-05,Home & Garden,Lamp,North,Direct,13,92.02,1435.51,627.15
2023-07-05,Electronics,Smartphone,West,Retail,61,21.15,1419.16,301.86
2023-07-05,Electronics,Headphones,West,Wholesale,6,440.11,2904.73,649.84
2023-07-05,Home & Garden,Lamp,West,Retail,6,61.17,403.72,66.91
2023-07-05,Sports,Bike Helmet,North,Retail,98,454.16,53409.22,12821.92
2023-07-05,Beauty,Fragrance,North,Retail,42,41.11,2071.94,875.74
2023-07-05,Clothing,T-Shirt,South,Retail,76,219.11,15819.74,2407.33
2023-07-05,Home & Garden,Garden Tools,East,Retail,6,162.48,974.88,433.39
2023-07-05,Beauty,Skin Care Kit,West,Direct,29,213.51,6810.97,1040.11
2023-07-05,Beauty,Skin Care Kit,East,Wholesale,27,475.92,12849.84,5534.42
2023-07-05,Electronics,Smartwatch,East,Direct,51,98.16,5006.16,769.47
2023-07-05,Sports,Tennis Racket,East,Wholesale,98,44.37,4348.26,694.05
2023-07-05,Beauty,Skin Care Kit,Central,Wholesale,82,423.82,34753.24,13160.87
2023-07-05,Sports,Running Shoes,Central,Direct,52,493.24,25648.48,9547.48
2023-07-05,Home & Garden,Lamp,West,Retail,41,89.5,4036.45,1538.99
2023-07-05,Beauty,Skin Care Kit,South,Direct,4,398.73,1515.17,668.56
2023-07-05,Sports,Bike Helmet,South,Retail,8,376.02,2857.75,898.46
2023-07-05,Sports,Bike Helmet,North,Direct,60,328.03,23618.16,8492.04
2023-07-05,Home & Garden,Bedding Set,South,Direct,1,91.63,87.05,32.1
2023-07-05,Sports,Dumbbell Set,South,Direct,75,287.44,20480.1,4222.75
2023-07-05,Clothing,T-Shirt,North,Wholesale,15,36.08,649.44,188.94
2023-07-05,Electronics,Tablet,North,Retail,94,151.56,17095.97,4218.91
2023-07-06,Clothing,Dress,North,Retail,36,430.77,18609.26,3572.99
2023-07-06,Home & Garden,Lamp,South,Wholesale,42,363.29,14495.27,5036.92
2023-07-06,Electronics,Smartphone,Central,Wholesale,65,213.6,13884.0,5224.37
2023-07-06,Clothing,T-Shirt,South,Wholesale,4,103.9,394.82,157.84
2023-07-06,Electronics,Tablet,South,Direct,10,226.14,2148.33,698.51
2023-07-06,Electronics,Headphones,Central,Wholesale,23,41.12,945.76,238.33
2023-07-06,Clothing,T-Shirt,South,Wholesale,50,130.05,6177.38,1653.83
2023-07-06,Clothing,Sneakers,South,Retail,2,411.34,781.55,246.37
2023-07-06,Beauty,Hair Dryer,South,Retail,78,36.67,2717.25,852.48
2023-07-06,Sports,Bike Helmet,South,Wholesale,65,248.92,15370.81,3491.22
2023-07-06,Beauty,Hair Dryer,East,Direct,34,338.31,11502.54,4908.99
2023-07-06,Sports,Running Shoes,South,Retail,23,314.19,6865.05,1137.75
2023-07-06,Home & Garden,Bedding Set,East,Retail,98,378.4,37083.2,12390.48
2023-07-06,Clothing,T-Shirt,North,Direct,60,45.66,3287.52,920.48
2023-07-06,Beauty,Hair Dryer,South,Wholesale,51,163.09,7901.71,1358.87
2023-07-06,Home & Garden,Garden Tools,North,Wholesale,36,96.2,4155.84,898.46
2023-07-06,Electronics,Headphones,West,Direct,32,477.23,16798.5,3316.49
2023-07-06,Clothing,Jeans,North,Retail,78,414.54,38800.94,14007.72
2023-07-06,Electronics,Smartphone,Central,Retail,91,414.38,37708.58,14582.15
2023-07-07,Clothing,Sneakers,North,Direct,38,423.77,19323.91,3484.92
2023-07-07,Beauty,Skin Care Kit,South,Retail,95,31.68,2859.12,805.38
2023-07-07,Sports,Dumbbell Set,South,Wholesale,5,280.28,1331.33,416.76
2023-07-07,Beauty,Skin Care Kit,West,Direct,7,159.34,1226.92,
2023-07-07,Sports,Tennis Racket,East,Retail,15,175.6,2634.0,931.7
2023-07-07,Beauty,Fragrance,North,Direct,77,452.25,41787.9,18301.3
2023-07-07,Sports,Bike Helmet,East,Wholesale,72,31.22,2247.84,796.63
2023-07-07,Home & Garden,Office Chair,North,Retail,27,280.78,9097.27,3133.29
2023-07-07,Beauty,Makeup Palette,South,Direct,24,333.74,7609.27,1215.54
2023-07-07,Clothing,Sneakers,Central,Direct,7,223.97,1567.79,457.43
2023-07-07,Electronics,Smartwatch,West,Direct,65,121.13,8660.8,2054.37
2023-07-07,Beauty,Hair Dryer,Central,Wholesale,27,404.82,10930.14,2483.29
2023-07-07,Home & Garden,Lamp,South,Retail,51,405.21,19632.42,6501.49
2023-07-07,Electronics,Smartwatch,East,Direct,72,121.41,8741.52,3853.21
2023-07-07,Electronics,Headphones,East,Retail,36,164.36,5916.96,1386.42
2023-07-08,Sports,Yoga Mat,East,Retail,31,143.14,4437.34,1091.2
2023-07-08,Clothing,Dress,South,Wholesale,73,418.98,29056.26,7750.67
2023-07-08,Beauty,Fragrance,South,Wholesale,10,162.58,1544.51,645.1
2023-07-08,Beauty,Face Serum,West,Retail,50,124.08,6824.4,1833.16
2023-07-08,Home & Garden,Garden Tools,North,Direct,87,424.02,44267.69,17920.54
2023-07-08,Electronics,Tablet,West,Retail,7,262.63,2022.25,800.7
2023-07-08,Electronics,Smartwatch,West,Retail,68,127.73,9554.2,1798.94
2023-07-08,Sports,Yoga Mat,South,Direct,28,265.23,7055.12,2086.37
2023-07-08,Electronics,Tablet,East,Retail,35,33.05,1156.75,368.35
2023-07-08,Electronics,Smartwatch,South,Retail,12,119.03,1356.94,574.23
2023-07-08,Sports,Yoga Mat,South,Retail,53,463.31,23327.66,9174.46
2023-07-08,Clothing,T-Shirt,South,Wholesale,72,295.49,20211.52,8462.48
2023-07-08,Electronics,Headphones,West,Direct,39,357.25,15326.03,2916.68
2023-07-08,Beauty,Hair Dryer,South,Wholesale,67,264.1,16809.97,2867.36
2023-07-08,Sports,Yoga Mat,North,Direct,29,333.19,11595.01,2622.46
2023-07-08,Clothing,Jacket,South,Wholesale,73,293.05,20323.02,7205.52
2023-07-08,Clothing,Jeans,East,Wholesale,89,37.11,3302.79,942.03
2023-07-08,Sports,Tennis Racket,South,Wholesale,80,173.96,13220.96,3998.51
2023-07-08,Home & Garden,Lamp,East,Retail,40,79.55,3182.0,1014.14
2023-07-08,Clothing,Dress,North,Wholesale,16,379.8,7292.16,2988.07
2023-07-09,Beauty,Makeup Palette,East,Retail,81,362.17,29335.77,11083.66
2023-07-09,Beauty,Fragrance,South,Wholesale,1,466.87,443.53,69.71
2023-07-09,Beauty,Makeup Palette,Central,Retail,84,379.64,31889.76,7760.58
2023-07-09,Home & Garden,Garden Tools,Central,Direct,99,207.6,20552.4,4653.57
2023-07-09,Electronics,Laptop,West,Retail,6,239.92,1583.47,409.07
2023-07-09,Electronics,Laptop,North,Direct,82,490.43,48258.31,13201.3
2023-07-09,Clothing,Sneakers,East,Direct,19,71.86,1365.34,319.8
2023-07-09,Home & Garden,Cookware Set,West,Direct,2,124.88,274.74,103.87
2023-07-09,Clothing,Sneakers,East,Retail,92,181.8,16725.6,3260.25
2023-07-09,Electronics,Tablet,East,Retail,46,429.51,19757.46,3524.79
2023-07-09,Sports,Running Shoes,South,Direct,37,426.12,14978.12,5044.26
2023-07-09,Home & Garden,Office Chair,West,Direct,44,13.25,641.3,173.53
2023-07-09,Clothing,Jacket,South,Wholesale,24,470.03,10716.68,3769.85
2023-07-09,Clothing,Sneakers,East,Direct,47,72.13,3390.11,1348.7
2023-07-09,Beauty,Hair Dryer,South,Wholesale,45,352.04,15049.71,2650.59
2023-07-09,Electronics,Smartwatch,South,Direct,88,25.29,2114.24,383.8
2023-07-09,Clothing,Jacket,North,Retail,40,291.29,13981.92,5988.59
2023-07-10,Home & Garden,Cookware Set,West,Wholesale,66,414.21,30071.65,4521.13
2023-07-10,Sports,Yoga Mat,East,Wholesale,86,180.24,15500.64,2627.08
2023-07-10,Clothing,Jeans,North,Direct,63,356.25,26932.5,8556.66
2023-07-10,Home & Garden,Bedding Set,East,Wholesale,87,155.11,13494.57,5340.49
2023-07-10,Clothing,Jeans,North,Direct,98,466.55,54866.28,13324.15
2023-07-10,Electronics,Smartphone,East,Direct,70,345.52,24186.4,10448.77
2023-07-10,Beauty,Skin Care Kit,South,Direct,98,388.08,36130.25,8095.73
2023-07-10,Beauty,Makeup Palette,North,Retail,12,308.27,4439.09,1988.49
2023-07-10,Clothing,Jacket,South,Retail,2,232.61,441.96,74.44
2023-07-10,Home & Garden,Office Chair,West,Retail,62,488.68,33327.98,9679.76
2023-07-10,Clothing,Sneakers,Central,Wholesale,18,414.58,7462.44,1796.27
2023-07-10,Clothing,Jacket,South,Retail,2,232.61,441.96,74.44
2023-07-11,Home & Garden,Cookware Set,South,Direct,48,149.64,6823.58,1920.53
2023-07-11,Electronics,Tablet,West,Direct,30,363.35,11990.55,3126.11
2023-07-11,Clothing,Jacket,Central,Retail,28,404.64,11329.92,2287.08
2023-07-11,Beauty,Skin Care Kit,West,Retail,85,335.86,31402.91,8813.14
2023-07-11,Home & Garden,Bedding Set,Central,Direct,98,67.5,6615.0,1055.21
2023-07-11,Sports,Dumbbell Set,West,Retail,26,460.6,13173.16,2429.44
2023-07-11,Electronics,Tablet,North,Retail,41,335.02,16482.98,4506.63
2023-07-11,Beauty,Hair Dryer,South,Direct,70,112.41,7475.26,2250.38
2023-07-11,Home & Garden,Bedding Set,Central,Wholesale,54,115.21,6221.34,2635.23
2023-07-11,Home & Garden,Office Chair,North,Retail,7,294.89,2477.08,545.01
2023-07-11,Beauty,Hair Dryer,Central,Retail,85,383.26,32577.1,11904.02
2023-07-11,Home & Garden,Bedding Set,East,Retail,50,77.54,3877.0,1102.14
2023-07-12,Beauty,Makeup Palette,North,Retail,64,377.47,28989.7,9773.81
2023-07-12,Sports,Running Shoes,North,Retail,63,89.32,6752.59,2058.76
2023-07-12,Home & Garden,Office Chair,Central,Direct,68,47.92,3258.56,1288.97
2023-07-12,Sports,Tennis Racket,North,Wholesale,45,374.08,20200.32,6498.25
2023-07-12,Beauty,Fragrance,South,Wholesale,3,292.54,833.74,337.92
2023-07-12,Sports,Running Shoes,West,Wholesale,7,228.91,1762.61,605.34
2023-07-12,Clothing,Jeans,South,Retail,24,160.68,3663.5,1130.71
2023-07-12,Clothing,Sneakers,North,Direct,82,270.38,26605.39,6977.63
2023-07-12,Sports,Running Shoes,South,Wholesale,50,187.29,8896.27,3518.14
2023-07-12,Clothing,Jeans,North,Direct,4,381.98,1833.5,380.89
2023-07-12,Electronics,Tablet,South,Direct,21,367.99,7341.4,
2023-07-12,Beauty,Makeup Palette,East,Wholesale,18,165.31,2975.58,827.64
2023-07-13,Electronics,Headphones,North,Wholesale,56,305.2,20509.44,8136.14
2023-07-13,Sports,Bike Helmet,South,Retail,61,377.47,21874.39,7530.58
2023-07-13,Sports,Dumbbell Set,North,Retail,29,383.47,13344.76,2142.61
2023-07-13,Electronics,Smartphone,Central,Wholesale,55,384.85,21166.75,8031.78
2023-07-13,Clothing,Jeans,Central,Direct,13,147.91,1922.83,764.63
2023-07-13,Sports,Running Shoes,South,Wholesale,57,465.44,25203.58,9443.57
2023-07-13,Electronics,Tablet,Central,Direct,68,475.89,32360.52,5346.66
2023-07-13,Clothing,Dress,South,Direct,38,167.41,6043.5,1991.12
2023-07-13,Home & Garden,Bedding Set,Central,Retail,64,312.49,19999.36,3278.21
2023-07-13,Beauty,Hair Dryer,South,Direct,71,492.6,33225.87,12431.26
2023-07-13,Beauty,Hair Dryer,North,Retail,35,279.91,11756.22,3579.28
2023-07-13,Sports,Yoga Mat,North,Retail,28,395.98,13304.93,4448.96
2023-07-13,Clothing,T-Shirt,Central,Wholesale,10,347.77,3477.7,1516.36
2023-07-14,Beauty,Fragrance,South,Direct,91,228.43,19747.77,3546.53
2023-07-14,Sports,Dumbbell Set,South,Direct,79,308.13,23125.16,9639.16
2023-07-14,Home & Garden,Cookware Set,South,Wholesale,4,33.07,125.67,38.2
2023-07-14,Beauty,Fragrance,West,Retail,60,386.52,25510.32,5057.23
2023-07-14,Clothing,Jeans,Central,Direct,75,420.31,31523.25,13876.37
2023-07-14,Electronics,Smartphone,North,Wholesale,4,391.32,1878.34,419.9
2023-07-14,Home & Garden,Garden Tools,Central,Retail,34,39.39,1339.26,340.35
2023-07-14,Clothing,Jacket,West,Wholesale,42,74.32,3433.58,1528.97
2023-07-14,Clothing,Dress,North,Wholesale,25,140.01,4200.3,1453.07
2023-07-14,Home & Garden,Cookware Set,West,Retail,42,417.99,19311.14,7091.58
2023-07-14,Sports,Bike Helmet,East,Direct,79,48.06,3796.74,1350.51
2023-07-15,Clothing,Dress,East,Retail,87,348.24,30296.88,6179.81
2023-07-15,Clothing,Jacket,East,Direct,42,401.09,16845.78,6285.83
2023-07-15,Electronics,Smartwatch,North,Direct,81,426.37,41443.16,15394.82
2023-07-15,Sports,Running Shoes,North,Wholesale,39,307.85,14407.38,2274.89
2023-07-15,Clothing,Sneakers,West,Direct,64,275.9,19423.36,8209.53
2023-07-15,Clothing,Dress,South,Retail,73,22.64,1570.08,634.35
2023-07-15,Electronics,Smartwatch,East,Wholesale,46,347.65,15991.9,5945.11
2023-07-15,Clothing,Sneakers,Central,Retail,65,227.54,14790.1,5815.44
2023-07-15,Electronics,Headphones,North,Retail,56,265.86,17865.79,4292.1
2023-07-15,Beauty,Skin Care Kit,East,Retail,21,338.42,7106.82,2289.6
2023-07-15,Clothing,Sneakers,North,Retail,19,34.6,788.88,217.14
2023-07-15,Home & Garden,Cookware Set,West,Direct,61,123.98,8319.06,3118.32
2023-07-15,Home & Garden,Lamp,East,Direct,83,484.4,40205.2,15807.57
2023-07-15,Beauty,Hair Dryer,North,Direct,6,459.29,3306.89,714.98
2023-07-16,Electronics,Headphones,West,Retail,90,397.81,39383.19,16597.22
2023-07-16,Beauty,Fragrance,Central,Retail,95,305.57,29029.15,12639.43
2023-07-16,Clothing,Sneakers,West,Wholesale,4,371.05,1632.62,421.51
2023-07-16,Sports,Yoga Mat,South,Wholesale,67,74.79,4760.38,1299.25
2023-07-16,Electronics,Smartphone,East,Retail,76,51.14,3886.64,1024.24
2023-07-16,Electronics,Smartwatch,South,Wholesale,58,270.38,14897.94,5684.82
2023-07-16,Beauty,Makeup Palette,Central,Retail,51,421.52,21497.52,8991.78
2023-07-16,Clothing,T-Shirt,Central,Wholesale,38,147.99,5623.62,955.29
2023-07-16,Electronics,Headphones,Central,Wholesale,7,159.9,1119.3,362.49
2023-07-16,Beauty,Makeup Palette,West,Retail,25,465.04,12788.6,5627.61
2023-07-16,Beauty,Skin Care Kit,West,Retail,12,420.18,5546.38,2417.75
2023-07-16,Electronics,Smartwatch,East,Retail,1,492.35,492.35,109.9
2023-07-16,Home & Garden,Bedding Set,North,Direct,91,142.46,15556.63,2606.95
2023-07-16,Electronics,Headphones,East,Retail,91,203.81,18546.71,6444.07
2023-07-17,Electronics,Tablet,Central,Wholesale,7,427.18,2990.26,1284.95
2023-07-17,Sports,Dumbbell Set,Central,Direct,13,31.88,414.44,172.66
2023-07-17,Electronics,Headphones,South,Direct,70,119.68,7958.72,2043.45
2023-07-17,Electronics,Laptop,West,Retail,49,481.55,25955.55,4977.62
2023-07-17,Beauty,Hair Dryer,South,Direct,92,420.86,36783.16,15484.45
2023-07-17,Home & Garden,Office Chair,West,Wholesale,36,297.37,11775.85,2761.64
2023-07-17,Clothing,Sneakers,East,Wholesale,36,279.63,10066.68,3350.57
2023-07-17,Sports,Yoga Mat,South,Wholesale,1,325.62,309.34,103.6
2023-07-17,Electronics,Tablet,East,Wholesale,19,10.62,201.78,53.18
2023-07-17,Sports,Bike Helmet,West,Wholesale,44,102.18,4945.51,948.79
2023-07-17,Home & Garden,Cookware Set,West,Wholesale,17,236.08,4414.7,1921.85
2023-07-17,Home & Garden,Office Chair,South,Direct,91,374.74,32396.27,5357.73
2023-07-17,Clothing,Jacket,West,Direct,40,89.6,3942.4,817.29
2023-07-17,Clothing,Sneakers,East,Wholesale,36,279.63,10066.68,3350.57
2023-07-18,Beauty,Hair Dryer,West,Wholesale,71,270.15,21098.72,5858.08
2023-07-18,Home & Garden,Lamp,East,Wholesale,10,199.31,1993.1,568.25
2023-07-18,Electronics,Smartwatch,South,Retail,76,498.66,36003.25,7343.88
2023-07-18,Home & Garden,Lamp,South,Direct,73,277.36,19234.92,5049.53
2023-07-18,Sports,Bike Helmet,Central,Retail,21,468.39,9836.19,2579.37
2023-07-18,Beauty,Hair Dryer,North,Direct,62,88.07,6552.41,1179.26
2023-07-18,Clothing,Jeans,East,Retail,46,35.51,1633.46,455.63
2023-07-18,Clothing,T-Shirt,South,Retail,68,91.15,5888.29,2554.11
2023-07-18,Electronics,Tablet,South,Direct,26,153.43,3789.72,1129.44
2023-07-18,Electronics,Tablet,North,Direct,29,463.94,16145.11,5870.15
2023-07-18,Home & Garden,Office Chair,Central,Direct,91,278.9,25379.9,5887.31
2023-07-18,Beauty,Makeup Palette,South,Wholesale,68,16.99,1097.55,220.15
2023-07-18,Clothing,Sneakers,South,Retail,17,249.21,4024.74,1539.32
2023-07-18,Home & Garden,Office Chair,West,Direct,84,488.73,45158.65,14960.93
2023-07-18,Clothing,Jacket,West,Direct,11,455.93,5516.75,2261.45
2023-07-18,Home & Garden,Bedding Set,South,Retail,49,399.68,18605.1,5327.86
2023-07-18,Home & Garden,Lamp,West,Wholesale,47,234.07,12101.42,3504.7
2023-07-18,Beauty,Hair Dryer,North,Direct,93,336.73,37579.07,14449.01
2023-07-18,Sports,Tennis Racket,South,Wholesale,36,315.96,10805.83,4207.22
2023-07-18,Home & Garden,Garden Tools,Central,Retail,88,46.95,4131.6,1772.48
2023-07-18,Sports,Bike Helmet,Central,Retail,67,161.89,10846.63,2091.99
2023-07-19,Clothing,T-Shirt,North,Retail,47,281.47,15874.91,4138.17
2023-07-19,Home & Garden,Bedding Set,West,Retail,58,185.78,11852.76,2864.12
2023-07-19,Home & Garden,Garden Tools,West,Direct,26,477.08,13644.49,3473.42
2023-07-19,Electronics,Headphones,Central,Wholesale,95,310.09,29458.55,5131.03
2023-07-19,Sports,Running Shoes,East,Direct,27,177.67,4797.09,2113.34
2023-07-19,Clothing,Jacket,Central,Direct,62,420.59,26076.58,7154.31
2023-07-19,Clothing,Sneakers,East,Direct,48,498.94,23949.12,5318.13
2023-07-19,Beauty,Face Serum,East,Direct,34,496.99,16897.66,7040.03
2023-07-19,Home & Garden,Office Chair,East,Wholesale,10,93.53,935.3,404.94
2023-07-19,Electronics,Headphones,North,Wholesale,45,467.37,25237.98,8019.93
2023-07-19,Sports,Yoga Mat,North,Direct,59,226.62,16044.7,3385.25
2023-07-19,Home & Garden,Bedding Set,Central,Retail,56,169.69,9502.64,2671.69
2023-07-19,Beauty,Face Serum,North,Direct,86,435.73,44967.34,18387.25
2023-07-19,Beauty,Fragrance,West,Wholesale,9,408.1,4040.19,1165.62
2023-07-19,Beauty,Hair Dryer,Central,Retail,73,216.31,15790.63,3616.58
2023-07-19,Sports,Yoga Mat,North,Retail,86,493.77,50957.06,22484.01
2023-07-19,Sports,Dumbbell Set,West,Wholesale,44,425.24,20581.62,5157.03
2023-07-19,Electronics,Smartphone,East,Wholesale,17,446.46,7589.82,3159.56
2023-07-20,Beauty,Makeup Palette,South,Direct,58,273.9,15091.89,3826.36
2023-07-20,Clothing,Sneakers,South,Wholesale,61,124.52,7215.93,2353.12
2023-07-20,Clothing,Sneakers,West,Wholesale,23,29.71,751.66,250.11
2023-07-20,Home & Garden,Bedding Set,North,Direct,60,480.76,34614.72,14105.97
2023-07-20,Electronics,Smartwatch,West,Direct,15,183.76,3032.04,494.85
2023-07-20,Electronics,Headphones,Central,Retail,80,116.55,9324.0,3369.44
2023-07-20,Home & Garden,Office Chair,Central,Wholesale,70,192.25,13457.5,3185.19
2023-07-20,Electronics,Smartphone,West,Direct,40,231.02,10164.88,2267.69
2023-07-20,Electronics,Smartwatch,West,Retail,14,135.76,2090.7,818.16
2023-07-20,Home & Garden,Cookware Set,North,Retail,5,190.59,1143.54,442.57
2023-07-20,Sports,Tennis Racket,South,Retail,7,410.62,2730.62,728.1
2023-07-20,Clothing,Sneakers,East,Wholesale,64,208.36,13335.04,5901.31
2023-07-20,Clothing,Dress,South,Wholesale,45,130.91,5596.4,1271.36
2023-07-20,Clothing,T-Shirt,South,Wholesale,41,295.44,11507.39,2485.7
2023-07-20,Clothing,Dress,West,Retail,69,14.2,1077.78,367.91
2023-07-20,Sports,Yoga Mat,West,Direct,55,137.88,8341.74,3472.37
2023-07-20,Electronics,Smartwatch,West,Direct,33,425.74,15454.36,6259.66
2023-07-20,Sports,Dumbbell Set,South,Direct,63,241.03,14425.65,2377.83
2023-07-20,Beauty,Fragrance,East,Wholesale,16,434.96,6959.36,1108.0
2023-07-20,Electronics,Laptop,East,Retail,4,126.55,506.2,131.24
2023-07-20,Sports,Bike Helmet,West,Direct,77,308.45,26125.72,10879.43
2023-07-20,Electronics,Laptop,East,Direct,15,448.47,6727.05,1167.71
2023-07-20,Clothing,Jacket,North,Direct,11,29.72,392.3,146.27
2023-07-21,Beauty,Face Serum,West,Wholesale,15,141.95,2342.18,575.01
2023-07-21,Electronics,Smartwatch,West,Retail,98,317.39,34214.64,7803.3
2023-07-21,Clothing,Sneakers,West,Direct,37,340.35,13852.25,5437.62
2023-07-21,Sports,Dumbbell Set,North,Wholesale,31,351.48,13075.06,5815.21
2023-07-21,Beauty,Skin Care Kit,East,Wholesale,38,141.54,5378.52,1285.25
2023-07-21,Sports,Running Shoes,North,Direct,46,462.34,25521.17,10405.5
2023-07-21,Home & Garden,Lamp,Central,Wholesale,89,277.59,24705.51,5680.32
2023-07-21,Clothing,T-Shirt,South,Direct,33,103.83,3255.07,788.43
2023-07-21,Beauty,Hair Dryer,Central,Wholesale,28,12.43,348.04,
2023-07-21,Beauty,Skin Care Kit,Central,Wholesale,60,102.88,6172.8,1812.6
2023-07-22,Home & Garden,Cookware Set,West,Retail,87,376.91,36070.29,9111.28
2023-07-22,Electronics,Smartwatch,South,Wholesale,23,28.45,621.63,101.54
2023-07-22,Sports,Dumbbell Set,South,Retail,55,171.75,8973.94,3729.14
2023-07-22,Beauty,Skin Care Kit,North,Retail,27,365.35,11837.34,5227.19
2023-07-22,Electronics,Laptop,East,Direct,69,310.64,21434.16,8452.68
2023-07-22,Home & Garden,Office Chair,South,Wholesale,1,221.25,210.19,74.84
2023-07-22,Sports,Tennis Racket,North,Wholesale,51,109.16,6680.59,1035.05
2023-07-22,Beauty,Fragrance,North,Retail,29,475.43,16544.96,3035.7
2023-07-22,Home & Garden,Bedding Set,Central,Retail,7,321.37,2249.59,976.69
2023-07-22,Beauty,Makeup Palette,North,Wholesale,18,409.71,8849.74,1901.71
2023-07-22,Clothing,T-Shirt,Central,Direct,68,363.07,24688.76,8116.46
2023-07-22,Electronics,Headphones,North,Direct,27,100.52,3256.85,1036.26
2023-07-22,Clothing,Jacket,North,Retail,79,174.94,16584.31,3370.94
2023-07-23,Home & Garden,Cookware Set,South,Direct,12,101.82,1160.75,330.41
2023-07-23,Beauty,Fragrance,South,Wholesale,69,476.78,31252.93,13701.46
2023-07-23,Home & Garden,Bedding Set,North,Direct,67,110.0,8844.0,3006.09
2023-07-23,Home & Garden,Garden Tools,East,Wholesale,13,414.16,5384.08,1975.95
2023-07-23,Sports,Running Shoes,Central,Retail,10,296.56,2965.6,640.62
2023-07-23,Home & Garden,Office Chair,North,Wholesale,28,317.29,10660.94,2383.73
2023-07-23,Sports,Yoga Mat,Central,Wholesale,4,181.57,726.28,318.12
2023-07-23,Clothing,Sneakers,East,Retail,63,224.81,14163.03,2134.83
2023-07-23,Home & Garden,Lamp,South,Wholesale,42,426.57,17020.14,3460.39
2023-07-23,Beauty,Makeup Palette,Central,Direct,49,443.93,21752.57,3826.67
2023-07-23,Clothing,Sneakers,North,Retail,38,117.37,5352.07,1803.92
2023-07-23,Beauty,Skin Care Kit,South,Retail,49,62.86,2926.13,637.69
2023-07-23,Home & Garden,Cookware Set,Central,Wholesale,45,50.54,2274.3,957.71
2023-07-23,Home & Garden,Cookware Set,Central,Retail,97,60.14,5833.58,1098.02
2023-07-23,Sports,Dumbbell Set,West,Wholesale,28,50.42,1552.94,423.73
2023-07-24,Home & Garden,Cookware Set,West,Wholesale,90,70.26,6955.74,1334.77
2023-07-24,Sports,Running Shoes,Central,Wholesale,69,443.6,30608.4,6935.55
2023-07-24,Clothing,Jeans,Central,Direct,95,243.96,23176.2,10238.35
2023-07-24,Electronics,Tablet,North,Direct,30,10.59,381.24,134.11
2023-07-24,Sports,Yoga Mat,North,Retail,7,54.34,456.46,70.22
2023-07-24,Home & Garden,Lamp,East,Wholesale,57,287.7,16398.9,6948.34
2023-07-24,Sports,Tennis Racket,South,Wholesale,81,240.0,18468.0,3928.8
2023-07-24,Home & Garden,Lamp,North,Direct,14,10.74,180.43,76.02
2023-07-24,Clothing,T-Shirt,West,Wholesale,74,170.22,13855.91,4187.99
2023-07-24,Sports,Tennis Racket,North,Wholesale,19,445.25,10151.7,2305.73
2023-07-24,Home & Garden,Cookware Set,North,Retail,33,229.12,9073.15,3257.97
2023-07-24,Sports,Running Shoes,North,Wholesale,84,499.45,50344.56,21605.29
2023-07-24,Sports,Bike Helmet,Central,Retail,67,416.62,27913.54,6598.3
2023-07-24,Sports,Running Shoes,North,Direct,59,250.48,17733.98,3054.74
2023-07-24,Home & Garden,Garden Tools,Central,Retail,38,28.18,1070.84,412.26
2023-07-24,Sports,Yoga Mat,South,Direct,2,382.16,726.1,196.97
2023-07-24,Electronics,Smartwatch,North,Retail,69,164.88,13652.06,4326.68
2023-07-24,Home & Garden,Garden Tools,West,Wholesale,36,57.54,2278.58,427.89
2023-07-25,Beauty,Face Serum,West,Retail,55,183.64,11110.22,3007.48
2023-07-25,Home & Garden,Lamp,North,Direct,54,242.09,15687.43,3665.69
2023-07-25,Home & Garden,Garden Tools,Central,Direct,23,161.78,3720.94,695.9
2023-07-25,Sports,Running Shoes,South,Direct,35,74.78,2486.43,524.94
2023-07-25,Beauty,Skin Care Kit,West,Wholesale,81,26.72,2380.75,1013.43
2023-07-25,Beauty,Fragrance,North,Direct,47,199.24,11237.14,2640.56
2023-07-25,Clothing,Jacket,South,Direct,98,383.26,35681.51,8162.24
2023-07-25,Sports,Tennis Racket,West,Retail,34,176.84,6613.82,1849.62
2023-07-25,Home & Garden,Office Chair,South,Direct,44,421.14,17603.65,3067.6
2023-07-25,Beauty,Makeup Palette,Central,Retail,57,14.11,804.27,150.39
2023-07-25,Beauty,Skin Care Kit,North,Wholesale,61,100.91,7386.61,1996.77
2023-07-25,Home & Garden,Bedding Set,East,Wholesale,71,74.09,5260.39,1699.06
2023-07-25,Sports,Dumbbell Set,North,Direct,40,341.21,16378.08,7240.42
2023-07-25,Beauty,Face Serum,West,Retail,2,208.15,457.93,192.63
2023-07-25,Electronics,Laptop,North,Direct,4,91.11,437.33,186.81
2023-07-25,Home & Garden,Office Chair,North,Retail,94,418.86,47247.41,19145.59
2023-07-25,Home & Garden,Cookware Set,Central,Direct,74,212.3,15710.2,4326.55
2023-07-25,Sports,Tennis Racket,North,Wholesale,31,222.54,8278.49,2957.16
2023-07-25,Sports,Tennis Racket,East,Retail,22,183.72,4041.84,1484.04
2023-07-25,Beauty,Fragrance,East,Wholesale,87,190.11,16539.57,5478.41
2023-07-25,Clothing,Sneakers,North,Wholesale,29,451.68,15718.46,3092.87
2023-07-26,Clothing,T-Shirt,East,Direct,85,341.38,29017.3,7703.02
2023-07-26,Beauty,Fragrance,Central,Wholesale,81,474.28,38416.68,12198.33
2023-07-26,Electronics,Smartphone,East,Wholesale,17,125.15,2127.55,647.36
2023-07-26,Clothing,Jeans,Central,Wholesale,60,23.8,1428.0,527.01
2023-07-26,Sports,Running Shoes,North,Retail,77,353.28,32643.07,6700.87
2023-07-26,Sports,Bike Helmet,North,Direct,38,61.09,2785.7,765.15
2023-07-26,Clothing,T-Shirt,East,Direct,39,462.75,18047.25,5128.71
2023-07-26,Clothing,Sneakers,South,Direct,32,390.65,11875.76,4812.81
2023-07-26,Home & Garden,Office Chair,Central,Direct,81,103.67,8397.27,3474.95
2023-07-26,Electronics,Tablet,Central,Direct,21,63.38,1330.98,463.38
2023-07-26,Sports,Dumbbell Set,North,Wholesale,59,208.56,14766.05,3343.78
2023-07-26,Clothing,Jacket,East,Retail,73,123.51,9016.23,2129.65
2023-07-26,Electronics,Laptop,Central,Retail,96,291.13,27948.48,8937.95
2023-07-26,Home & Garden,Cookware Set,North,Retail,2,439.51,1054.82,473.61
2023-07-26,Beauty,Hair Dryer,South,Retail,65,131.38,8112.71,2640.89
2023-07-26,Clothing,Dress,Central,Direct,12,222.27,2667.24,790.12
2023-07-27,Sports,Yoga Mat,East,Retail,53,200.02,10601.06,1859.53
2023-07-27,Beauty,Fragrance,East,Retail,13,240.68,3128.84,1164.79
2023-07-27,Electronics,Tablet,North,Wholesale,63,337.81,25538.44,5586.14
2023-07-27,Beauty,Fragrance,West,Direct,30,61.19,2019.27,541.27
2023-07-27,Electronics,Headphones,South,Direct,97,178.73,16469.97,7319.28
2023-07-27,Clothing,T-Shirt,North,Direct,52,449.75,28064.4,8647.61
2023-07-27,Electronics,Tablet,Central,Wholesale,4,41.08,164.32,31.44
2023-07-27,Beauty,Hair Dryer,Central,Retail,32,381.78,12216.96,3324.98
2023-07-27,Clothing,Dress,Central,Wholesale,42,112.33,4717.86,1342.07
2023-07-27,Beauty,Fragrance,Central,Retail,22,317.86,6992.92,3134.7
2023-07-27,Clothing,Jeans,West,Wholesale,89,156.3,15301.77,3665.79
2023-07-27,Clothing,Jacket,Central,Direct,28,213.32,5972.96,2227.3
2023-07-27,Beauty,Hair Dryer,East,Retail,63,492.29,31014.27,5383.69
2023-07-27,Beauty,Skin Care Kit,East,Direct,38,176.96,6724.48,1286.35
2023-07-27,Sports,Running Shoes,Central,Retail,84,370.96,31160.64,12463.99
2023-07-27,Beauty,Skin Care Kit,North,Retail,30,299.04,10765.44,2266.78
2023-07-27,Clothing,Jeans,North,Direct,75,417.31,37557.9,9611.18
2023-07-27,Electronics,Laptop,Central,Retail,7,34.77,243.39,105.89
2023-07-27,Sports,Dumbbell Set,West,Retail,16,334.6,5888.96,2218.03
2023-07-28,Clothing,T-Shirt,Central,Wholesale,92,133.74,12304.08,5083.09
2023-07-28,Electronics,Tablet,Central,Wholesale,40,455.33,18213.2,6558.0
2023-07-28,Sports,Dumbbell Set,West,Wholesale,9,477.05,4722.8,951.18
2023-07-28,Home & Garden,Cookware Set,South,Wholesale,52,294.64,14555.22,5734.0
2023-07-28,Home & Garden,Lamp,West,Retail,59,12.32,799.57,232.38
2023-07-28,Home & Garden,Garden Tools,West,Direct,29,248.06,7913.11,3227.87
2023-07-28,Electronics,Smartwatch,East,Wholesale,13,362.33,4710.29,1197.84
2023-07-28,Home & Garden,Bedding Set,East,Retail,89,316.67,28183.63,11705.35
2023-07-28,Clothing,Jacket,Central,Wholesale,52,458.95,23865.4,7341.1
2023-07-28,Home & Garden,Office Chair,Central,Retail,16,253.49,4055.84,1689.83
2023-07-28,Home & Garden,Bedding Set,Central,Direct,99,493.28,48834.72,8643.94
2023-07-28,Electronics,Tablet,East,Wholesale,58,50.1,2905.8,1181.75
2023-07-28,Beauty,Face Serum,East,Direct,35,276.27,9669.45,3513.27
2023-07-29,Sports,Bike Helmet,West,Direct,19,139.79,2921.61,654.41
2023-07-29,Home & Garden,Garden Tools,South,Direct,97,312.96,28839.26,8434.25
2023-07-29,Sports,Bike Helmet,East,Wholesale,55,55.6,3058.0,1345.72
2023-07-29,Home & Garden,Garden Tools,East,Direct,69,132.02,9109.38,2118.72
2023-07-29,Sports,Dumbbell Set,North,Direct,63,316.93,23959.91,7082.09
2023-07-29,Sports,Yoga Mat,North,Retail,43,273.19,14096.6,4455.42
2023-07-29,Home & Garden,Office Chair,Central,Direct,47,369.6,17371.2,7625.45
2023-07-29,Sports,Bike Helmet,West,Direct,7,80.0,616.0,109.97
2023-07-29,Clothing,Jacket,West,Retail,41,274.93,12399.34,2525.27
2023-07-29,Sports,Running Shoes,Central,Retail,50,42.27,2113.5,436.3
2023-07-29,Beauty,Skin Care Kit,South,Direct,26,218.57,5398.68,2388.26
2023-07-29,Home & Garden,Office Chair,South,Wholesale,89,410.83,34735.68,12142.92
2023-07-29,Electronics,Tablet,East,Direct,12,10.03,120.36,31.55
2023-07-29,Clothing,T-Shirt,West,Retail,50,405.82,22320.1,3429.06
2023-07-29,Clothing,Jacket,West,Direct,43,125.14,5919.12,2595.38
2023-07-29,Clothing,Jacket,West,Direct,28,267.21,8230.07,3551.34
2023-07-29,Clothing,Jacket,West,Retail,72,30.88,2445.7,398.92
2023-07-29,Clothing,Jeans,North,Direct,70,456.32,38330.88,8380.66
2023-07-29,Clothing,Sneakers,Central,Retail,43,315.96,13586.28,4892.1
2023-07-30,Home & Garden,Garden Tools,West,Retail,47,32.17,1663.19,
2023-07-30,Home & Garden,Bedding Set,South,Direct,26,415.7,10267.79,2375.35
2023-07-30,Home & Garden,Cookware Set,West,Direct,18,105.61,2091.08,554.52
2023-07-30,Clothing,Jeans,Central,Retail,85,348.84,29651.4,9740.21
2023-07-30,Clothing,Jacket,West,Direct,66,62.77,4557.1,1130.81
2023-07-30,Clothing,T-Shirt,North,Direct,69,456.01,37757.63,10304.21
2023-07-30,Clothing,Sneakers,North,Retail,42,184.52,9299.81,3126.56
2023-07-30,Beauty,Makeup Palette,North,Retail,67,311.44,25039.78,6514.98
2023-07-30,Beauty,Hair Dryer,North,Direct,62,42.3,3147.12,1214.44
2023-07-30,Home & Garden,Cookware Set,South,Wholesale,36,409.96,14020.63,4746.12
2023-07-30,Clothing,T-Shirt,West,Wholesale,76,121.66,10170.78,4228.91
2023-07-30,Beauty,Fragrance,West,Direct,64,63.59,4476.74,827.04
2023-07-30,Home & Garden,Cookware Set,Central,Direct,63,27.52,1733.76,454.62
2023-07-30,Electronics,Laptop,Central,Wholesale,42,155.0,6510.0,2150.86
2023-07-30,Sports,Running Shoes,North,Direct,86,362.26,37385.23,10475.38
2023-07-30,Home & Garden,Office Chair,East,Direct,49,16.62,814.38,246.78
2023-07-30,Sports,Yoga Mat,North,Direct,99,171.25,20344.5,5188.62
2023-07-30,Beauty,Hair Dryer,West,Retail,14,201.95,3110.03,965.65
2023-07-30,Beauty,Fragrance,South,Direct,73,218.75,15170.31,3897.05
2023-07-30,Home & Garden,Bedding Set,East,Wholesale,25,326.16,8154.0,2395.0
2023-07-30,Home & Garden,Office Chair,East,Direct,49,16.62,814.38,246.78
2023-07-31,Clothing,Dress,Central,Retail,37,32.29,1194.73,444.15
2023-07-31,Electronics,Smartphone,West,Wholesale,40,23.55,1036.2,436.8
2023-07-31,Electronics,Tablet,North,Retail,88,124.49,13146.14,3475.37
2023-07-31,Beauty,Skin Care Kit,West,Direct,44,50.27,2433.07,935.23
2023-07-31,Clothing,T-Shirt,Central,Wholesale,55,160.77,8842.35,2946.64
2023-07-31,Home & Garden,Lamp,North,Direct,69,383.65,31766.22,5929.34
2023-07-31,Beauty,Face Serum,East,Retail,15,444.45,6666.75,1797.19
2023-07-31,Electronics,Smartphone,South,Wholesale,50,213.7,10150.75,3827.26
2023-07-31,Sports,Bike Helmet,West,Wholesale,21,382.44,8834.36,2141.5
2023-07-31,Sports,Running Shoes,West,Retail,68,54.28,4060.14,1625.29
2023-07-31,Beauty,Hair Dryer,South,Retail,79,272.9,20481.14,6217.83
2023-07-31,Beauty,Skin Care Kit,South,Direct,68,260.07,16800.52,6548.05
2023-08-01,Clothing,Dress,Central,Wholesale,59,319.21,18833.39,6417.58
2023-08-01,Home & Garden,Cookware Set,West,Wholesale,61,115.38,7742.0,1292.05
2023-08-01,Clothing,T-Shirt,West,Retail,11,137.5,1663.75,489.54
2023-08-01,Home & Garden,Lamp,South,Wholesale,6,169.73,967.46,375.41
2023-08-01,Clothing,T-Shirt,East,Wholesale,34,469.14,15950.76,6187.14
2023-08-01,Home & Garden,Garden Tools,West,Wholesale,66,448.35,32550.21,11585.47
2023-08-01,Clothing,T-Shirt,North,Wholesale,80,244.32,23454.72,9915.31
2023-08-01,Electronics,Headphones,East,Retail,7,134.52,941.64,142.4
2023-08-01,Home & Garden,Lamp,East,Retail,31,427.31,13246.61,4988.33
2023-08-01,Home & Garden,Garden Tools,North,Retail,18,402.98,8704.37,2324.96
2023-08-01,Sports,Running Shoes,North,Direct,80,479.32,46014.72,9079.36
2023-08-01,Sports,Tennis Racket,East,Direct,43,410.25,17640.75,5071.27
2023-08-01,Beauty,Fragrance,North,Wholesale,92,206.33,22778.83,9023.68
2023-08-01,Electronics,Tablet,West,Retail,35,105.38,4057.13,905.0
2023-08-01,Clothing,Dress,East,Direct,48,141.28,6781.44,2125.23
2023-08-01,Electronics,Headphones,West,Direct,20,67.34,1481.48,533.36
2023-08-01,Sports,Tennis Racket,East,Wholesale,40,479.58,19183.2,7711.18
2023-08-02,Home & Garden,Garden Tools,West,Retail,11,192.8,2332.88,634.1
2023-08-02,Clothing,T-Shirt,North,Direct,10,479.73,5756.76,2577.28
2023-08-02,Clothing,Jacket,East,Retail,50,153.46,7673.0,2435.31
2023-08-02,Clothing,Dress,Central,Retail,85,293.93,24984.05,6287.58
2023-08-02,Clothing,Sneakers,South,Direct,86,334.37,27318.03,6581.23
2023-08-02,Clothing,Jacket,East,Wholesale,7,82.81,579.67,202.62
2023-08-02,Clothing,T-Shirt,Central,Wholesale,98,15.44,1513.12,479.14
2023-08-02,Clothing,Sneakers,Central,Direct,7,428.93,3002.51,1026.54
2023-08-02,Beauty,Fragrance,West,Direct,88,411.59,39841.91,14104.12
2023-08-02,Home & Garden,Lamp,West,Wholesale,9,460.22,4556.18,
2023-08-02,Home & Garden,Office Chair,North,Wholesale,91,453.29,49499.27,12384.19
2023-08-02,Electronics,Smartwatch,West,Direct,17,316.47,5917.99,1367.75
2023-08-02,Home & Garden,Bedding Set,West,Retail,94,361.24,37352.22,8472.44
2023-08-02,Clothing,Dress,South,Retail,34,468.65,15137.39,4147.18
2023-08-02,Clothing,T-Shirt,West,Direct,22,68.2,1650.44,250.31
2023-08-02,Home & Garden,Garden Tools,East,Wholesale,61,403.47,24611.67,7670.07
2023-08-02,Beauty,Skin Care Kit,North,Retail,47,370.53,20897.89,8017.85
2023-08-02,Home & Garden,Bedding Set,East,Direct,28,302.76,8477.28,2568.38
2023-08-02,Sports,Tennis Racket,West,Direct,4,96.59,425.0,116.29
2023-08-03,Beauty,Fragrance,Central,Direct,18,228.65,4115.7,838.55
2023-08-03,Electronics,Headphones,East,Direct,31,404.64,12543.84,5603.33
2023-08-03,Clothing,Dress,East,Retail,90,484.07,43566.3,10320.72
2023-08-03,Clothing,Dress,West,Retail,72,282.16,22347.07,9370.39
2023-08-03,Home & Garden,Office Chair,East,Retail,72,495.29,35660.88,14528.93
2023-08-03,Sports,Bike Helmet,Central,Direct,73,327.16,23882.68,6491.19
2023-08-03,Electronics,Laptop,West,Wholesale,14,405.08,6238.23,1503.37
2023-08-03,Clothing,Sneakers,North,Wholesale,47,259.37,14628.47,3892.43
2023-08-03,Electronics,Laptop,North,Retail,13,333.66,5205.1,2254.99
2023-08-03,Clothing,T-Shirt,North,Direct,5,477.43,2864.58,954.08
2023-08-03,Electronics,Laptop,East,Direct,49,424.48,20799.52,4583.5
2023-08-03,Beauty,Face Serum,West,Wholesale,90,188.84,18695.16,7558.96
2023-08-03,Clothing,Sneakers,West,Wholesale,31,175.43,5982.16,2132.66
2023-08-03,Beauty,Face Serum,North,Retail,94,451.86,50969.81,17371.61
2023-08-03,Clothing,Sneakers,West,Wholesale,97,445.28,47511.38,10113.08
2023-08-03,Clothing,Sneakers,West,Wholesale,31,175.43,5982.16,2132.66
2023-08-04,Electronics,Headphones,West,Retail,66,186.46,13537.0,4059.51
2023-08-04,Beauty,Face Serum,Central,Direct,54,65.13,3517.02,685.44
2023-08-04,Sports,Dumbbell Set,East,Retail,20,53.64,1072.8,279.33
2023-08-04,Sports,Tennis Racket,South,Direct,79,307.37,23068.12,10090.1
2023-08-04,Electronics,Tablet,West,Retail,79,420.65,36554.49,11223.02
2023-08-04,Beauty,Fragrance,North,Direct,42,99.08,4993.63,
2023-08-04,Home & Garden,Cookware Set,South,Wholesale,90,151.68,12968.64,2055.22
2023-08-04,Electronics,Smartwatch,West,Retail,4,202.03,888.93,351.19
2023-08-04,Home & Garden,Garden Tools,East,Wholesale,28,362.01,10136.28,1690.23
2023-08-04,Sports,Running Shoes,Central,Wholesale,10,73.38,733.8,238.08
2023-08-04,Electronics,Tablet,West,Wholesale,90,456.41,45184.59,16518.65
2023-08-04,Clothing,Jacket,South,Retail,12,276.55,3152.67,652.53
2023-08-04,Electronics,Smartwatch,West,Retail,10,149.52,1644.72,633.15
2023-08-04,Home & Garden,Office Chair,West,Retail,22,439.64,10639.29,1881.34
2023-08-04,Clothing,Dress,East,Wholesale,77,26.11,2010.47,842.09
2023-08-04,Electronics,Smartwatch,South,Retail,59,159.8,8956.79,2003.63
2023-08-04,Sports,Running Shoes,North,Direct,98,374.79,44075.3,15866.38
2023-08-04,Beauty,Fragrance,East,Wholesale,85,282.07,23975.95,8867.22
2023-08-04,Sports,Tennis Racket,East,Direct,36,232.58,8372.88,1285.44
2023-08-04,Home & Garden,Garden Tools,North,Direct,87,188.3,19658.52,8014.95
2023-08-04,Beauty,Face Serum,Central,Direct,54,65.13,3517.02,685.44
2023-08-05,Home & Garden,Office Chair,East,Direct,40,363.58,14543.2,5570.78
2023-08-05,Electronics,Smartphone,East,Direct,72,181.84,13092.48,3305.01
2023-08-05,Sports,Tennis Racket,East,Wholesale,1,479.7,479.7,155.22
2023-08-05,Sports,Yoga Mat,North,Retail,75,249.72,22474.8,7699.27
2023-08-05,Sports,Tennis Racket,North,Wholesale,33,402.7,15946.92,6245.93
2023-08-05,Electronics,Smartphone,South,Retail,46,244.32,10676.78,2616.83
2023-08-05,Sports,Tennis Racket,North,Direct,4,184.49,885.55,133.98
2023-08-05,Clothing,Jacket,Central,Wholesale,59,118.77,7007.43,2449.66
2023-08-05,Beauty,Hair Dryer,North,Retail,87,127.29,13289.08,2100.87
2023-08-05,Home & Garden,Cookware Set,West,Wholesale,94,180.21,18633.71,5014.11
2023-08-05,Clothing,Dress,East,Direct,48,405.33,19455.84,5398.94
2023-08-05,Sports,Dumbbell Set,West,Wholesale,51,44.23,2481.3,889.36
2023-08-05,Beauty,Face Serum,North,Retail,99,69.67,8276.8,2450.98
2023-08-05,Sports,Bike Helmet,East,Direct,22,227.68,5008.96,2010.82
2023-08-05,Sports,Tennis Racket,South,Direct,98,188.0,17502.8,2958.31
2023-08-05,Clothing,T-Shirt,West,Wholesale,57,421.37,26419.9,8699.13
2023-08-06,Beauty,Skin Care Kit,East,Wholesale,41,74.67,3061.47,1249.83
2023-08-06,Electronics,Tablet,North,Direct,54,456.5,29581.2,8720.61
2023-08-06,Home & Garden,Cookware Set,North,Direct,88,173.31,18301.54,4919.72
2023-08-06,Electronics,Smartphone,North,Retail,84,314.96,31747.97,9077.72
2023-08-06,Electronics,Smartwatch,West,Wholesale,53,56.3,3282.29,1143.08
2023-08-06,Electronics,Smartwatch,South,Retail,99,113.11,10638.0,2610.31
2023-08-06,Electronics,Smartwatch,East,Direct,72,453.81,32674.32,8828.72
2023-08-06,Beauty,Makeup Palette,West,Retail,90,128.93,12764.07,4640.11
2023-08-06,Clothing,Jeans,West,Direct,31,429.19,14635.38,5397.53
2023-08-06,Electronics,Smartphone,West,Retail,41,259.9,11721.49,3937.78
2023-08-06,Beauty,Face Serum,South,Wholesale,56,424.32,22573.82,6175.62
2023-08-06,Clothing,Jeans,East,Direct,2,460.99,921.98,286.86
2023-08-06,Beauty,Fragrance,Central,Retail,47,231.66,10888.02,3979.19
2023-08-06,Beauty,Skin Care Kit,Central,Wholesale,34,475.34,16161.56,6007.1
2023-08-06,Clothing,Jeans,North,Wholesale,87,378.75,39541.5,9015.41
2023-08-06,Electronics,Smartphone,East,Retail,68,443.46,30155.28,7656.95
2023-08-06,Home & Garden,Garden Tools,South,Direct,21,198.37,3957.48,1511.44
2023-08-06,Clothing,Jacket,North,Wholesale,4,463.08,2222.78,945.32
2023-08-06,Beauty,Makeup Palette,Central,Retail,5,234.07,1170.35,370.94
2023-08-06,Beauty,Face Serum,East,Wholesale,53,261.15,13840.95,5076.74
2023-08-06,Home & Garden,Cookware Set,Central,Retail,77,427.22,32895.94,14784.88
2023-08-06,Clothing,Dress,North,Retail,70,426.17,35798.28,8478.05
2023-08-06,Clothing,Dress,North,Direct,97,460.37,53587.07,15642.28
2023-08-07,Sports,Yoga Mat,Central,Wholesale,50,102.29,5114.5,
2023-08-07,Electronics,Headphones,North,Retail,68,409.84,33442.94,11576.35
2023-08-07,Home & Garden,Office Chair,South,Wholesale,77,498.02,36430.16,13111.32
2023-08-07,Home & Garden,Garden Tools,Central,Retail,80,440.15,35212.0,12454.13
2023-08-07,Clothing,Dress,Central,Wholesale,81,381.86,30930.66,5601.34
2023-08-07,Clothing,Sneakers,North,Retail,94,421.58,47554.22,11319.4
2023-08-07,Sports,Dumbbell Set,West,Direct,64,469.62,33061.25,14790.28
2023-08-07,Beauty,Face Serum,South,Direct,86,267.06,21818.8,3981.29
2023-08-07,Electronics,Smartphone,Central,Wholesale,99,287.69,28481.31,10810.4
2023-08-07,Beauty,Face Serum,North,Wholesale,45,341.17,18423.18,7629.52
2023-08-07,Home & Garden,Lamp,West,Direct,95,202.45,21156.03,8374.62
2023-08-07,Beauty,Hair Dryer,South,Wholesale,1,82.35,78.23,19.75
2023-08-07,Home & Garden,Garden Tools,Central,Direct,30,35.79,1073.7,345.16
2023-08-08,Beauty,Face Serum,South,Retail,75,499.02,35555.17,5377.28
2023-08-08,Clothing,Jacket,West,Wholesale,4,191.07,840.71,197.19
2023-08-08,Sports,Dumbbell Set,South,Retail,18,69.3,1185.03,235.35
2023-08-08,Home & Garden,Garden Tools,West,Wholesale,31,122.94,4192.25,1406.47
2023-08-08,Sports,Tennis Racket,Central,Direct,79,18.55,1465.45,290.33
2023-08-08,Electronics,Headphones,East,Wholesale,67,261.44,17516.48,7499.34
2023-08-08,Home & Garden,Bedding Set,East,Wholesale,72,182.45,13136.4,4405.19
2023-08-08,Sports,Yoga Mat,North,Retail,42,487.48,24568.99,4360.44
2023-08-08,Beauty,Skin Care Kit,East,Retail,81,490.58,39736.98,13812.66
2023-08-08,Electronics,Tablet,South,Direct,18,452.68,7740.83,1617.6
2023-08-08,Beauty,Fragrance,East,Retail,96,190.51,18288.96,5223.64
2023-08-08,Sports,Yoga Mat,North,Direct,54,34.85,2258.28,874.91
2023-08-08,Electronics,Tablet,East,Wholesale,47,173.64,8161.08,3048.65
2023-08-08,Electronics,Headphones,North,Direct,88,163.21,17234.98,6537.82
2023-08-08,Beauty,Fragrance,South,Direct,81,244.0,18775.8,5104.04
2023-08-08,Electronics,Smartphone,East,Retail,5,303.49,1517.45,447.54
2023-08-08,Clothing,Jacket,East,Wholesale,10,11.73,117.3,27.89
2023-08-08,Sports,Running Shoes,South,Direct,77,211.41,15464.64,6601.56
2023-08-08,Electronics,Laptop,South,Direct,63,301.29,18032.21,7962.15
2023-08-08,Electronics,Smartphone,South,Wholesale,86,468.75,38296.88,11732.7
2023-08-09,Clothing,Jacket,South,Retail,10,96.78,919.41,155.83
2023-08-09,Clothing,Sneakers,Central,Retail,96,367.54,35283.84,5684.47
2023-08-09,Clothing,T-Shirt,North,Direct,16,351.14,6741.89,1810.53
2023-08-09,Home & Garden,Bedding Set,North,Direct,95,67.25,7666.5,1716.72
2023-08-09,Beauty,Skin Care Kit,Central,Direct,21,379.93,7978.53,2168.99
2023-08-09,Clothing,Jacket,South,Direct,42,50.58,2018.14,650.51
2023-08-09,Sports,Dumbbell Set,South,Direct,41,45.7,1780.01,508.94
2023-08-09,Beauty,Hair Dryer,East,Wholesale,3,75.42,226.26,60.18
2023-08-09,Beauty,Hair Dryer,East,Retail,5,168.03,840.15,269.0
2023-08-09,Beauty,Skin Care Kit,West,Direct,2,389.24,856.33,183.66
2023-08-09,Home & Garden,Bedding Set,East,Retail,6,282.44,1694.64,646.22
2023-08-09,Clothing,Jacket,East,Direct,52,56.59,2942.68,455.81
2023-08-09,Beauty,Fragrance,Central,Wholesale,71,434.6,30856.6,12282.64
2023-08-09,Clothing,Dress,Central,Wholesale,59,327.6,19328.4,3672.89
2023-08-09,Sports,Dumbbell Set,West,Retail,57,260.51,16333.98,3399.54
2023-08-10,Beauty,Face Serum,South,Direct,45,156.61,6695.08,2343.79
2023-08-10,Electronics,Smartwatch,East,Wholesale,9,436.51,3928.59,1081.43
2023-08-10,Sports,Tennis Racket,North,Direct,68,104.84,8554.94,1978.73
2023-08-10,Home & Garden,Garden Tools,West,Direct,5,256.14,1408.77,386.31
2023-08-10,Clothing,Sneakers,Central,Direct,39,336.34,13117.26,3445.12
2023-08-10,Electronics,Smartwatch,West,Direct,85,376.72,35223.32,15494.73
2023-08-10,Clothing,Jacket,South,Wholesale,20,180.65,3432.35,717.94
2023-08-10,Beauty,Fragrance,West,Wholesale,86,466.7,44149.82,8043.88
2023-08-10,Home & Garden,Cookware Set,East,Wholesale,98,63.97,6269.06,2192.69
2023-08-10,Home & Garden,Lamp,Central,Wholesale,16,67.81,1084.96,388.72
2023-08-10,Clothing,Jeans,Central,Retail,82,484.64,39740.48,14974.05
2023-08-10,Sports,Tennis Racket,East,Direct,33,245.26,8093.58,1794.63
2023-08-10,Sports,Yoga Mat,North,Direct,35,395.16,16596.72,6053.55
2023-08-10,Home & Garden,Lamp,North,Retail,92,378.66,41804.06,15115.25
2023-08-10,Home & Garden,Bedding Set,Central,Wholesale,90,201.38,18124.2,3523.73
2023-08-10,Home & Garden,Cookware Set,South,Direct,97,297.54,27418.31,7821.54
2023-08-10,Sports,Bike Helmet,North,Direct,30,469.75,16911.0,4416.91
2023-08-11,Home & Garden,Office Chair,North,Direct,2,339.1,813.84,343.49
2023-08-11,Sports,Yoga Mat,East,Direct,83,396.19,32883.77,13339.96
2023-08-11,Home & Garden,Lamp,Central,Retail,91,41.77,3801.07,900.11
2023-08-11,Clothing,T-Shirt,East,Retail,70,277.89,19452.3,2919.85
2023-08-11,Home & Garden,Lamp,East,Retail,22,45.89,1009.58,226.17
2023-08-11,Electronics,Tablet,South,Retail,78,273.15,20240.41,6272.69
2023-08-11,Home & Garden,Lamp,South,Retail,62,14.64,862.3,299.27
2023-08-11,Beauty,Skin Care Kit,North,Retail,61,408.86,29928.55,11951.87
2023-08-11,Home & Garden,Lamp,North,Direct,35,68.02,2856.84,822.87
2023-08-11,Beauty,Face Serum,West,Direct,13,360.75,5158.73,1528.0
2023-08-11,Electronics,Tablet,North,Wholesale,85,388.54,39631.08,11425.03
2023-08-11,Clothing,Sneakers,Central,Wholesale,81,409.44,33164.64,8582.73
2023-08-11,Beauty,Skin Care Kit,Central,Retail,62,353.62,21924.44,5528.58
2023-08-11,Sports,Yoga Mat,South,Retail,34,109.48,3536.2,830.87
2023-08-11,Beauty,Hair Dryer,North,Retail,82,330.86,32556.62,13410.66
2023-08-11,Sports,Running Shoes,West,Direct,56,92.25,5682.6,1813.05
2023-08-11,Electronics,Laptop,South,Retail,25,162.93,3869.59,975.38
2023-08-11,Beauty,Skin Care Kit,North,Wholesale,15,156.81,2822.58,566.01
2023-08-11,Electronics,Tablet,Central,Retail,18,45.0,810.0,127.54
2023-08-12,Clothing,Jeans,South,Wholesale,66,200.35,12561.94,4131.97
2023-08-12,Home & Garden,Lamp,West,Wholesale,84,336.05,31051.02,11829.77
2023-08-12,Beauty,Makeup Palette,West,Retail,6,221.4,1461.24,497.13
2023-08-12,Clothing,Sneakers,West,Direct,53,445.05,25946.42,7592.24
2023-08-12,Home & Garden,Lamp,East,Direct,52,159.91,8315.32,3112.24
2023-08-12,Home & Garden,Bedding Set,Central,Wholesale,38,139.07,5284.66,2340.57
2023-08-12,Clothing,T-Shirt,East,Wholesale,94,147.56,13870.64,3434.87
2023-08-12,Clothing,Jacket,East,Direct,6,492.66,2955.96,654.22
2023-08-12,Clothing,T-Shirt,West,Retail,7,45.51,350.43,69.4
2023-08-12,Electronics,Laptop,South,Wholesale,27,228.24,5854.36,2056.89
2023-08-12,Beauty,Fragrance,Central,Retail,59,376.6,22219.4,5496.73
2023-08-12,Clothing,Jacket,North,Wholesale,16,455.91,8753.47,2216.46
2023-08-12,Home & Garden,Garden Tools,North,Wholesale,25,314.73,9441.9,3607.6
2023-08-12,Beauty,Skin Care Kit,Central,Direct,6,344.24,2065.44,339.4
2023-08-12,Sports,Bike Helmet,West,Direct,51,468.4,26277.24,10282.88
2023-08-12,Sports,Bike Helmet,West,Retail,30,295.9,9764.7,3449.95
2023-08-12,Electronics,Smartphone,East,Retail,52,11.02,573.04,170.86
2023-08-12,Clothing,Jacket,South,Wholesale,40,83.26,3163.88,989.76
2023-08-13,Home & Garden,Lamp,East,Direct,4,54.75,219.0,96.05
2023-08-13,Electronics,Tablet,Central,Wholesale,38,124.74,4740.12,2014.17
2023-08-13,Home & Garden,Garden Tools,West,Direct,36,230.86,9142.06,2938.47
2023-08-13,Sports,Tennis Racket,North,Retail,52,108.04,6741.7,1629.23
2023-08-13,Clothing,Dress,East,Retail,73,440.83,32180.59,9269.98
2023-08-13,Clothing,Sneakers,South,Retail,95,329.11,29702.18,7682.99
2023-08-13,Electronics,Laptop,North,Retail,94,127.62,14395.54,2563.7
2023-08-13,Beauty,Makeup Palette,South,Retail,74,20.42,1435.53,223.01
2023-08-13,Sports,Running Shoes,North,Retail,21,484.38,12206.38,2104.78
2023-08-13,Beauty,Makeup Palette,Central,Wholesale,67,226.1,15148.7,3495.64
2023-08-13,Sports,Tennis Racket,Central,Direct,93,243.74,22667.82,9759.72
2023-08-13,Beauty,Makeup Palette,North,Wholesale,78,243.06,22750.42,6721.32
2023-08-13,Electronics,Headphones,South,Wholesale,5,52.07,247.33,91.74
2023-08-13,Home & Garden,Bedding Set,West,Wholesale,16,61.54,1083.1,179.11
2023-08-13,Sports,Yoga Mat,East,Wholesale,98,298.35,29238.3,9788.62
2023-08-13,Sports,Bike Helmet,South,Wholesale,41,61.2,2383.74,364.89
2023-08-13,Beauty,Skin Care Kit,West,Direct,20,293.6,6459.2,1089.82
2023-08-13,Sports,Bike Helmet,Central,Wholesale,56,340.62,19074.72,3455.82
2023-08-13,Beauty,Fragrance,West,Retail,11,287.53,3479.11,1049.95
2023-08-13,Beauty,Skin Care Kit,North,Direct,7,360.61,3029.12,1278.97
2023-08-13,Beauty,Skin Care Kit,South,Retail,3,406.95,1159.81,513.94
2023-08-13,Beauty,Fragrance,Central,Direct,1,352.86,352.86,127.92
2023-08-13,Electronics,Tablet,North,Direct,98,38.05,4474.68,1296.42
2023-08-13,Electronics,Smartphone,West,Direct,86,212.66,20117.64,5030.4
2023-08-13,Electronics,Smartphone,West,Retail,94,436.93,45178.56,14463.69
2023-08-13,Electronics,Smartphone,South,Wholesale,5,56.39,267.85,113.98
2023-08-14,Sports,Dumbbell Set,North,Wholesale,77,324.7,30002.28,4836.71
2023-08-14,Beauty,Fragrance,North,Wholesale,81,354.63,34470.04,14091.8
2023-08-14,Beauty,Makeup Palette,South,Wholesale,92,39.75,3474.15,540.95
2023-08-14,Beauty,Skin Care Kit,Central,Retail,11,104.29,1147.19,385.01
2023-08-14,Sports,Tennis Racket,West,Wholesale,24,131.62,3474.77,1254.17
2023-08-14,Electronics,Smartwatch,North,Direct,28,476.31,16004.02,5923.48
2023-08-14,Home & Garden,Lamp,South,Wholesale,22,47.42,991.08,254.8
2023-08-14,Electronics,Tablet,West,Wholesale,25,455.7,12531.75,3360.55
2023-08-14,Home & Garden,Garden Tools,West,Wholesale,9,102.78,1017.52,276.22
2023-08-14,Clothing,Dress,North,Direct,53,51.82,3295.75,1147.28
2023-08-14,Electronics,Smartphone,West,Retail,2,71.98,158.36,54.86
2023-08-14,Clothing,T-Shirt,South,Wholesale,42,487.33,19444.47,3124.73
2023-08-14,Sports,Bike Helmet,North,Wholesale,91,469.57,51277.04,21923.04
2023-08-14,Electronics,Laptop,East,Retail,83,261.16,21676.28,3706.19
2023-08-14,Sports,Running Shoes,East,Retail,80,110.05,8804.0,1776.99
2023-08-14,Home & Garden,Cookware Set,East,Direct,19,300.83,5715.77,2538.39
2023-08-15,Sports,Bike Helmet,East,Direct,70,193.92,13574.4,5411.33
2023-08-15,Clothing,Jeans,South,Wholesale,38,41.76,1507.54,240.1
2023-08-15,Home & Garden,Lamp,Central,Direct,11,407.67,4484.37,1411.15
2023-08-15,Sports,Yoga Mat,East,Retail,56,391.96,21949.76,4124.92
2023-08-15,Sports,Tennis Racket,West,Direct,95,417.52,43630.84,15357.02
2023-08-15,Home & Garden,Lamp,North,Wholesale,85,493.08,50294.16,9386.61
2023-08-15,Home & Garden,Cookware Set,Central,Direct,1,54.24,54.24,
2023-08-15,Sports,Yoga Mat,North,Retail,79,248.61,23568.23,9066.33
2023-08-15,Home & Garden,Cookware Set,Central,Wholesale,79,283.31,22381.49,5448.59
2023-08-15,Clothing,Sneakers,East,Retail,61,175.42,10700.62,4189.55
2023-08-16,Electronics,Smartwatch,West,Direct,34,483.86,18096.36,6964.77
2023-08-16,Sports,Dumbbell Set,Central,Direct,20,237.05,4741.0,
2023-08-16,Sports,Running Shoes,East,Direct,25,25.13,628.25,190.83
2023-08-16,Electronics,Smartphone,East,Retail,87,142.59,12405.33,2292.73
2023-08-16,Electronics,Smartwatch,East,Retail,96,43.89,4213.44,972.19
2023-08-16,Clothing,Jacket,West,Retail,79,431.88,37530.37,9338.57
2023-08-16,Home & Garden,Garden Tools,South,Direct,44,265.32,11090.38,4082.38
2023-08-16,Clothing,Sneakers,West,Retail,67,482.06,35527.82,11808.5
2023-08-16,Beauty,Fragrance,East,Wholesale,85,76.55,6506.75,2337.09
2023-08-16,Sports,Running Shoes,North,Retail,59,484.83,34325.96,6384.47
2023-08-16,Electronics,Laptop,East,Wholesale,2,423.85,847.7,351.24
2023-08-16,Beauty,Makeup Palette,North,Direct,49,327.84,19276.99,7658.71
2023-08-16,Beauty,Face Serum,East,Retail,85,450.08,38256.8,14905.79
2023-08-16,Sports,Tennis Racket,West,Retail,82,389.34,35118.47,8076.26
2023-08-16,Beauty,Fragrance,South,Retail,61,45.02,2608.91,
2023-08-16,Sports,Bike Helmet,West,Wholesale,2,192.97,424.53,129.08
2023-08-16,Electronics,Smartwatch,South,Retail,24,19.16,436.85,168.39
2023-08-16,Home & Garden,Office Chair,East,Direct,90,332.88,29959.2,5182.6
2023-08-16,Home & Garden,Office Chair,West,Direct,75,455.85,37607.62,13720.4
2023-08-16,Beauty,Makeup Palette,North,Wholesale,91,22.17,2420.96,493.5
2023-08-17,Beauty,Makeup Palette,South,Direct,25,155.39,3690.51,1626.09
2023-08-17,Home & Garden,Cookware Set,North,Wholesale,19,424.47,9677.92,4186.22
2023-08-17,Sports,Bike Helmet,North,Retail,14,81.53,1369.7,313.32
2023-08-17,Clothing,Sneakers,North,Retail,37,387.48,17204.11,6130.13
2023-08-17,Beauty,Hair Dryer,Central,Wholesale,95,199.14,18918.3,6368.46
2023-08-17,Clothing,Jacket,Central,Direct,32,276.78,8856.96,1650.86
2023-08-17,Home & Garden,Office Chair,West,Retail,84,463.77,42852.35,15504.41
2023-08-17,Beauty,Makeup Palette,East,Direct,67,231.48,15509.16,3853.45
2023-08-17,Clothing,Jeans,East,Wholesale,13,163.01,2119.13,626.69
2023-08-17,Clothing,Sneakers,North,Direct,96,314.01,36173.95,13492.15
2023-08-17,Home & Garden,Garden Tools,North,Retail,51,29.0,1774.8,685.99
2023-08-17,Clothing,Dress,East,Direct,42,471.63,19808.46,5524.27
2023-08-17,Clothing,T-Shirt,Central,Retail,21,463.02,9723.42,1594.19
2023-08-17,Sports,Running Shoes,Central,Retail,33,25.93,855.69,175.49
2023-08-17,Sports,Running Shoes,West,Retail,80,24.2,2129.6,549.25
2023-08-17,Clothing,Dress,West,Direct,45,113.89,5637.56,2174.8
2023-08-17,Home & Garden,Lamp,Central,Wholesale,34,333.75,11347.5,3905.72
2023-08-17,Beauty,Fragrance,North,Direct,83,173.65,17295.54,4185.22
2023-08-17,Electronics,Smartwatch,South,Wholesale,99,241.43,22706.49,3435.07
2023-08-17,Home & Garden,Bedding Set,North,Direct,43,161.7,8343.72,2435.24
2023-08-18,Home & Garden,Lamp,Central,Retail,12,256.26,3075.12,616.84
2023-08-18,Beauty,Skin Care Kit,East,Wholesale,86,43.01,3698.86,663.8
2023-08-18,Clothing,Jeans,South,Direct,70,65.64,4365.06,1281.35
2023-08-18,Beauty,Face Serum,East,Wholesale,17,351.91,5982.47,1954.21
2023-08-18,Clothing,Jeans,West,Direct,46,62.43,3158.96,1356.15
2023-08-18,Electronics,Smartwatch,Central,Wholesale,39,405.43,15811.77,3788.72
2023-08-18,Electronics,Laptop,West,Direct,84,426.95,39450.18,16361.78
2023-08-18,Sports,Bike Helmet,East,Direct,86,124.33,10692.38,2272.28
2023-08-18,Clothing,T-Shirt,East,Retail,51,352.04,17954.04,4070.18
2023-08-18,Clothing,Jeans,West,Direct,3,148.21,489.09,204.71
2023-08-18,Beauty,Face Serum,Central,Direct,20,184.53,3690.6,1530.99
2023-08-18,Beauty,Face Serum,South,Direct,71,362.66,24461.42,6594.0
2023-08-18,Beauty,Face Serum,West,Wholesale,97,202.79,21637.69,4618.4
2023-08-18,Sports,Running Shoes,West,Wholesale,16,287.62,5062.11,1571.32
2023-08-18,Beauty,Skin Care Kit,South,Retail,49,207.55,9661.45,3430.32
2023-08-18,Clothing,Jacket,East,Direct,98,31.18,3055.64,952.81
2023-08-18,Clothing,Dress,South,Retail,48,262.19,11955.86,5180.54
2023-08-18,Beauty,Fragrance,West,Direct,66,381.17,27672.94,4194.56
2023-08-18,Beauty,Makeup Palette,Central,Retail,63,295.9,18641.7,5334.23
2023-08-18,Sports,Dumbbell Set,West,Retail,86,287.21,27170.07,11235.22
2023-08-19,Home & Garden,Cookware Set,North,Direct,3,426.3,1534.68,521.01
2023-08-19,Sports,Running Shoes,West,Retail,99,272.37,29661.09,12700.12
2023-08-19,Clothing,Jacket,South,Direct,70,155.04,10310.16,1757.16
2023-08-19,Sports,Running Shoes,West,Direct,74,307.53,25032.94,5635.29
2023-08-19,Home & Garden,Cookware Set,East,Direct,27,362.7,9792.9,1878.99
2023-08-19,Clothing,Dress,North,Retail,61,103.91,7606.21,2988.29
2023-08-19,Beauty,Skin Care Kit,North,Direct,8,326.6,3135.36,643.19
2023-08-19,Electronics,Headphones,East,Wholesale,61,410.67,25050.87,10494.19
2023-08-19,Sports,Bike Helmet,East,Retail,96,217.48,20878.08,4187.3
2023-08-19,Electronics,Smartwatch,North,Wholesale,50,104.59,6275.4,2222.16
2023-08-19,Electronics,Headphones,East,Retail,85,430.27,36572.95,8370.96
2023-08-19,Beauty,Makeup Palette,East,Wholesale,7,204.19,1429.33,471.28
2023-08-19,Sports,Yoga Mat,East,Retail,26,134.79,3504.54,1015.18
2023-08-19,Sports,Bike Helmet,West,Direct,98,188.08,20275.02,6129.65
2023-08-19,Home & Garden,Bedding Set,Central,Retail,38,379.36,14415.68,3662.96
2023-08-19,Home & Garden,Garden Tools,West,Direct,36,192.84,7636.46,1944.95
2023-08-19,Sports,Tennis Racket,North,Wholesale,23,147.12,4060.51,791.36
2023-08-19,Sports,Dumbbell Set,North,Retail,97,74.57,8679.95,2758.05
2023-08-19,Home & Garden,Bedding Set,West,Retail,94,344.19,35589.25,8684.99
2023-08-19,Sports,Tennis Racket,Central,Wholesale,13,324.68,4220.84,1534.14
2023-08-19,Sports,Yoga Mat,East,Retail,98,360.81,35359.38,8783.94
2023-08-19,Clothing,Jeans,East,Wholesale,54,33.47,1807.38,674.39
2023-08-19,Sports,Yoga Mat,South,Wholesale,90,182.21,15578.95,6110.18
2023-08-19,Sports,Yoga Mat,West,Retail,58,482.41,30777.76,10104.13
2023-08-19,Beauty,Makeup Palette,West,Retail,61,237.69,15949.0,2748.42
2023-08-20,Clothing,T-Shirt,Central,Retail,95,131.34,12477.3,3098.79
2023-08-20,Electronics,Laptop,North,Retail,35,378.38,15891.96,2418.25
2023-08-20,Sports,Dumbbell Set,West,Retail,52,156.0,8923.2,1361.06
2023-08-20,Home & Garden,Bedding Set,Central,Wholesale,23,475.87,10945.01,4025.33
2023-08-20,Home & Garden,Bedding Set,Central,Direct,48,321.63,15438.24,2984.27
2023-08-20,Home & Garden,Garden Tools,East,Wholesale,96,93.94,9018.24,3788.27
2023-08-20,Beauty,Fragrance,Central,Retail,95,112.66,10702.7,1822.81
2023-08-20,Home & Garden,Garden Tools,North,Direct,40,295.61,14189.28,2548.27
2023-08-20,Electronics,Tablet,South,Direct,11,128.72,1345.12,602.23
2023-08-20,Beauty,Fragrance,West,Wholesale,60,225.17,14861.22,3858.24
2023-08-20,Home & Garden,Cookware Set,East,Direct,97,143.21,13891.37,4491.07
2023-08-20,Electronics,Smartwatch,Central,Retail,15,28.15,422.25,102.78
2023-08-20,Home & Garden,Garden Tools,East,Wholesale,24,326.64,7839.36,2495.25
2023-08-20,Electronics,Laptop,North,Direct,8,93.61,898.66,200.94
2023-08-20,Beauty,Skin Care Kit,South,Direct,92,170.18,14873.73,4035.77
2023-08-21,Electronics,Smartwatch,West,Retail,80,344.74,30337.12,9079.91
2023-08-21,Clothing,Jeans,Central,Wholesale,57,66.96,3816.72,807.7
2023-08-21,Electronics,Laptop,Central,Retail,6,72.82,436.92,113.57
2023-08-21,Sports,Bike Helmet,East,Direct,75,206.46,15484.5,6601.9
2023-08-21,Home & Garden,Lamp,West,Wholesale,35,352.35,13565.48,
2023-08-21,Clothing,Sneakers,East,Wholesale,9,187.84,1690.56,714.72
2023-08-21,Sports,Yoga Mat,East,Wholesale,24,119.48,2867.52,1174.74
2023-08-21,Clothing,Jacket,Central,Retail,47,106.33,4997.51,2186.56
2023-08-21,Sports,Dumbbell Set,West,Wholesale,86,10.03,948.84,347.43
2023-08-21,Clothing,Jeans,West,Retail,6,349.33,2305.58,760.84
2023-08-21,Beauty,Makeup Palette,South,Wholesale,52,340.6,16825.64,5073.85
2023-08-21,Beauty,Skin Care Kit,East,Direct,32,257.88,8252.16,2573.74
2023-08-21,Clothing,Jeans,Central,Wholesale,64,111.71,7149.44,1198.58
2023-08-21,Home & Garden,Lamp,Central,Wholesale,76,135.72,10314.72,2387.58
2023-08-21,Electronics,Smartphone,East,Direct,76,381.65,29005.4,10785.12
2023-08-21,Electronics,Tablet,South,Retail,21,359.21,7166.24,1972.44
2023-08-21,Electronics,Laptop,East,Direct,93,447.04,41574.72,16695.12
2023-08-21,Clothing,Dress,Central,Retail,84,102.23,8587.32,1822.79
2023-08-21,Electronics,Tablet,South,Retail,44,310.19,12965.94,3597.15
2023-08-21,Beauty,Face Serum,Central,Retail,69,375.9,25937.1,10434.31
2023-08-22,Sports,Dumbbell Set,Central,Wholesale,67,391.62,26238.54,10799.9
2023-08-22,Electronics,Tablet,East,Direct,37,412.17,15250.29,6259.15
2023-08-22,Electronics,Tablet,East,Direct,55,83.74,4605.7,1873.01
2023-08-22,Beauty,Fragrance,West,Retail,59,235.2,15264.48,4111.72
2023-08-22,Electronics,Smartphone,Central,Retail,44,164.51,7238.44,1697.68
2023-08-22,Beauty,Makeup Palette,North,Wholesale,21,472.45,11905.74,2218.89
2023-08-22,Sports,Bike Helmet,West,Wholesale,60,225.1,14856.6,6249.22
2023-08-22,Home & Garden,Bedding Set,East,Retail,99,167.5,16582.5,3672.64
2023-08-22,Sports,Bike Helmet,South,Wholesale,99,434.8,40892.94,15784.25
2023-08-22,Beauty,Skin Care Kit,East,Retail,16,274.22,4387.52,973.17
2023-08-22,Beauty,Hair Dryer,Central,Retail,61,90.86,5542.46,1692.66
2023-08-22,Home & Garden,Cookware Set,Central,Wholesale,41,350.61,14375.01,2422.32
2023-08-22,Electronics,Laptop,Central,Wholesale,79,219.4,17332.6,6707.77
2023-08-22,Electronics,Tablet,East,Direct,90,260.1,23409.0,6271.28
2023-08-22,Sports,Running Shoes,South,Retail,57,116.28,6296.56,2601.32
2023-08-22,Sports,Yoga Mat,North,Direct,43,177.71,9169.84,3395.34
2023-08-22,Home & Garden,Office Chair,South,Retail,77,118.88,8696.07,1549.1
2023-08-22,Beauty,Face Serum,South,Retail,41,62.65,2440.22,1027.93
2023-08-23,Electronics,Tablet,East,Direct,18,447.39,8053.02,1506.25
2023-08-23,Electronics,Laptop,East,Wholesale,55,46.16,2538.8,434.45
2023-08-23,Sports,Running Shoes,North,Direct,64,360.88,27715.58,8385.19
2023-08-23,Sports,Dumbbell Set,South,Wholesale,62,170.04,10015.36,3050.07
2023-08-23,Beauty,Skin Care Kit,Central,Direct,41,137.74,5647.34,1377.77
2023-08-23,Sports,Tennis Racket,East,Wholesale,79,268.93,21245.47,5202.15
2023-08-23,Electronics,Tablet,West,Retail,40,98.81,4347.64,1481.63
2023-08-23,Electronics,Headphones,West,Direct,15,248.16,4094.64,1087.39
2023-08-23,Home & Garden,Office Chair,East,Direct,72,474.8,34185.6,15260.9
2023-08-23,Electronics,Laptop,West,Retail,25,324.04,8911.1,2560.64
2023-08-23,Clothing,T-Shirt,West,Wholesale,72,493.43,39079.66,15185.13
2023-08-23,Sports,Yoga Mat,South,Wholesale,97,64.36,5930.77,2507.45
2023-08-23,Clothing,Jacket,North,Direct,18,53.95,1165.32,182.85
2023-08-23,Home & Garden,Office Chair,West,Wholesale,78,386.57,33167.71,9070.25
2023-08-23,Electronics,Headphones,North,Wholesale,45,382.01,20628.54,8157.4
2023-08-23,Beauty,Makeup Palette,Central,Retail,9,105.14,946.26,191.54
2023-08-24,Beauty,Hair Dryer,North,Retail,48,355.22,20460.67,7133.45
2023-08-24,Home & Garden,Bedding Set,Central,Direct,58,97.02,5627.16,2313.57
2023-08-24,Sports,Dumbbell Set,West,Retail,69,45.11,3423.85,1015.15
2023-08-24,Beauty,Skin Care Kit,North,Direct,20,325.03,7800.72,1562.05
2023-08-24,Home & Garden,Office Chair,South,Retail,16,80.92,1229.98,243.0
2023-08-24,Home & Garden,Cookware Set,Central,Wholesale,66,88.48,5839.68,1056.33
2023-08-24,Sports,Tennis Racket,South,Wholesale,94,419.98,37504.21,10280.38
2023-08-24,Electronics,Tablet,South,Retail,66,229.21,14371.47,5827.02
2023-08-24,Electronics,Tablet,North,Direct,80,383.77,36841.92,8386.94
2023-08-24,Electronics,Headphones,North,Retail,7,40.58,340.87,73.52
2023-08-24,Clothing,Dress,East,Retail,42,189.45,7956.9,2241.02
2023-08-24,Clothing,Sneakers,Central,Wholesale,85,153.28,13028.8,3076.12
2023-08-24,Sports,Running Shoes,East,Retail,56,153.42,8591.52,1568.35
2023-08-24,Beauty,Makeup Palette,Central,Wholesale,24,37.6,902.4,363.95
2023-08-24,Beauty,Makeup Palette,Central,Wholesale,24,37.6,902.4,363.95
2023-08-25,Sports,Dumbbell Set,Central,Direct,6,438.07,2628.42,542.63
2023-08-25,Clothing,Sneakers,East,Wholesale,51,60.42,3081.42,1195.42
2023-08-25,Beauty,Skin Care Kit,West,Retail,35,420.34,16183.09,5456.18
2023-08-25,Beauty,Makeup Palette,Central,Direct,27,61.2,1652.4,706.56
2023-08-25,Clothing,T-Shirt,South,Wholesale,29,484.65,13352.11,3510.57
2023-08-25,Sports,Tennis Racket,Central,Retail,29,390.13,11313.77,1943.67
2023-08-25,Home & Garden,Lamp,South,Wholesale,36,366.17,12523.01,2324.4
2023-08-25,Sports,Yoga Mat,Central,Wholesale,88,198.45,17463.6,3300.07
2023-08-25,Sports,Dumbbell Set,East,Direct,20,192.82,3856.4,1552.73
2023-08-25,Home & Garden,Cookware Set,South,Wholesale,16,261.17,3969.78,1225.37
2023-08-25,Clothing,Jeans,East,Direct,42,336.79,14145.18,3775.89
2023-08-25,Clothing,Dress,South,Direct,23,76.09,1662.57,480.09
2023-08-25,Clothing,Dress,South,Wholesale,92,24.15,2110.71,511.29
2023-08-25,Beauty,Skin Care Kit,South,Direct,69,425.43,27886.94,10843.66
2023-08-26,Sports,Dumbbell Set,Central,Retail,54,140.64,7594.56,2724.83
2023-08-26,Home & Garden,Bedding Set,West,Wholesale,42,224.91,10390.84,3144.27
2023-08-26,Home & Garden,Cookware Set,Central,Wholesale,53,68.94,3653.82,855.44
2023-08-26,Home & Garden,Office Chair,West,Direct,44,121.71,5890.76,1494.58
2023-08-26,Electronics,Headphones,South,Direct,96,466.07,42505.58,17349.61
2023-08-26,Home & Garden,Office Chair,South,Direct,8,312.46,2374.7,607.91
2023-08-26,Home & Garden,Office Chair,West,Direct,27,373.89,11104.53,2527.25
2023-08-26,Home & Garden,Cookware Set,Central,Wholesale,26,242.56,6306.56,1931.66
2023-08-26,Sports,Bike Helmet,Central,Wholesale,4,275.63,1102.52,172.7
2023-08-26,Home & Garden,Office Chair,North,Direct,53,135.05,8589.18,1804.95
2023-08-26,Home & Garden,Garden Tools,North,Retail,53,34.43,2189.75,405.92
2023-08-26,Clothing,Dress,North,Wholesale,11,279.98,3695.74,778.47
2023-08-26,Electronics,Laptop,Central,Retail,94,197.31,18547.14,6524.19
2023-08-26,Electronics,Laptop,West,Wholesale,64,23.87,1680.45,745.77
2023-08-26,Home & Garden,Lamp,South,Wholesale,95,285.54,25769.99,5265.96
2023-08-27,Electronics,Smartwatch,South,Direct,25,116.03,2755.71,813.65
2023-08-27,Electronics,Tablet,South,Retail,36,225.34,7706.63,1743.95
2023-08-27,Sports,Tennis Racket,East,Wholesale,58,94.33,5471.14,1495.57
2023-08-27,Sports,Bike Helmet,Central,Direct,65,264.05,17163.25,5759.95
2023-08-27,Sports,Running Shoes,West,Wholesale,37,421.11,17139.18,6923.44
2023-08-27,Clothing,T-Shirt,Central,Retail,92,236.07,21718.44,7866.86
2023-08-27,Electronics,Smartphone,Central,Direct,83,245.01,20335.83,7392.21
2023-08-27,Electronics,Tablet,West,Wholesale,93,211.41,21627.24,8201.42
2023-08-27,Clothing,Jeans,Central,Wholesale,50,244.93,12246.5,3556.07
2023-08-27,Beauty,Hair Dryer,North,Retail,54,339.29,21985.99,6992.54
2023-08-27,Clothing,Sneakers,East,Retail,29,255.75,7416.75,2222.39
2023-08-27,Sports,Running Shoes,Central,Wholesale,14,109.42,1531.88,377.59
2023-08-27,Electronics,Headphones,East,Direct,28,375.28,10507.84,3750.34
2023-08-27,Home & Garden,Office Chair,North,Direct,93,180.53,20147.15,3331.71
2023-08-27,Beauty,Makeup Palette,East,Wholesale,78,432.58,33741.24,14670.31
2023-08-27,Home & Garden,Lamp,Central,Direct,11,342.44,3766.84,761.96
2023-08-27,Home & Garden,Garden Tools,South,Direct,27,97.05,2489.33,488.29
2023-08-28,Sports,Dumbbell Set,North,Retail,16,80.25,1540.8,416.3
2023-08-28,Sports,Yoga Mat,South,Wholesale,1,175.19,166.43,71.61
2023-08-28,Electronics,Headphones,South,Retail,90,11.22,959.31,259.84
2023-08-28,Home & Garden,Office Chair,Central,Wholesale,31,192.69,5973.39,1979.12
2023-08-28,Clothing,T-Shirt,Central,Wholesale,47,419.89,19734.83,5833.1
2023-08-28,Beauty,Hair Dryer,South,Wholesale,90,316.45,27056.47,7097.54
2023-08-28,Sports,Tennis Racket,East,Direct,82,164.71,13506.22,2392.87
2023-08-28,Electronics,Tablet,Central,Direct,4,179.76,719.04,271.39
2023-08-28,Clothing,Jeans,Central,Direct,48,410.91,19723.68,3620.19
2023-08-28,Clothing,T-Shirt,West,Wholesale,83,481.07,43921.69,8112.09
2023-08-28,Electronics,Tablet,South,Direct,46,118.74,5188.94,1280.61
2023-08-28,Sports,Dumbbell Set,East,Direct,73,227.09,16577.57,4682.14
2023-08-29,Sports,Tennis Racket,South,Retail,42,222.78,8888.92,1926.42
2023-08-29,Sports,Bike Helmet,Central,Retail,74,123.16,9113.84,2228.82
2023-08-29,Electronics,Headphones,Central,Wholesale,42,59.28,2489.76,832.17
2023-08-29,Sports,Dumbbell Set,West,Wholesale,79,45.6,3962.64,630.81
2023-08-29,Home & Garden,Lamp,West,Wholesale,82,321.71,29018.24,11459.09
2023-08-29,Home & Garden,Garden Tools,South,Retail,41,81.22,3163.52,893.41
2023-08-29,Sports,Tennis Racket,East,Wholesale,65,195.47,12705.55,5596.39
2023-08-29,Sports,Dumbbell Set,North,Direct,15,101.29,1823.22,359.71
2023-08-29,Beauty,Hair Dryer,Central,Direct,99,284.08,28123.92,11761.52
2023-08-29,Sports,Tennis Racket,South,Direct,32,251.12,7634.05,1730.75
2023-08-29,Home & Garden,Lamp,South,Wholesale,89,72.7,6146.78,1019.16
2023-08-29,Clothing,Sneakers,West,Retail,86,443.24,41930.5,6945.95
2023-08-29,Sports,Yoga Mat,Central,Direct,30,357.69,10730.7,4478.86
2023-08-29,Sports,Yoga Mat,Central,Direct,30,357.69,10730.7,4478.86
2023-08-30,Home & Garden,Lamp,Central,Retail,77,442.19,34048.63,9220.21
2023-08-30,Sports,Running Shoes,North,Direct,10,215.28,2583.36,389.2
2023-08-30,Electronics,Laptop,East,Retail,34,63.52,2159.68,367.01
2023-08-30,Sports,Yoga Mat,North,Wholesale,80,473.93,45497.28,16679.56
2023-08-30,Clothing,Jacket,West,Direct,70,75.15,5786.55,2511.23
2023-08-30,Clothing,Jacket,East,Direct,27,147.33,3977.91,769.8
2023-08-30,Home & Garden,Bedding Set,East,Direct,11,357.64,3934.04,1604.02
2023-08-30,Electronics,Tablet,North,Wholesale,59,76.98,5450.18,1120.76
2023-08-30,Electronics,Smartwatch,South,Wholesale,29,247.64,6822.48,1079.93
2023-08-30,Electronics,Laptop,North,Direct,59,189.39,13408.81,2110.19
2023-08-30,Beauty,Makeup Palette,East,Retail,9,61.3,551.7,129.96
2023-08-30,Sports,Running Shoes,Central,Direct,52,31.44,1634.88,441.91
2023-08-30,Home & Garden,Cookware Set,Central,Retail,37,189.02,6993.74,1970.57
2023-08-31,Clothing,T-Shirt,West,Wholesale,36,384.76,15236.5,5786.69
2023-08-31,Sports,Tennis Racket,North,Wholesale,16,490.34,9414.53,3248.29
2023-08-31,Home & Garden,Office Chair,North,Retail,12,22.56,324.86,49.85
2023-08-31,Clothing,Sneakers,Central,Direct,66,51.06,3369.96,1410.93
2023-08-31,Electronics,Laptop,Central,Retail,22,111.76,2458.72,1063.71
2023-08-31,Electronics,Tablet,South,Wholesale,42,364.2,14531.58,6284.16
2023-08-31,Sports,Tennis Racket,Central,Direct,53,56.53,2996.09,1064.05
2023-08-31,Sports,Dumbbell Set,West,Retail,43,196.2,9280.26,3231.84
2023-08-31,Home & Garden,Cookware Set,East,Retail,44,69.2,3044.8,543.4
2023-08-31,Electronics,Smartwatch,South,Retail,48,203.51,9280.06,2517.0
2023-08-31,Home & Garden,Bedding Set,West,Retail,52,422.69,24177.87,7204.71
2023-08-31,Clothing,Jeans,South,Direct,54,62.92,3227.8,911.57
2023-08-31,Home & Garden,Bedding Set,East,Wholesale,18,407.61,7336.98,2614.74
2023-08-31,Sports,Bike Helmet,North,Retail,83,359.81,35837.08,11425.05
2023-08-31,Beauty,Makeup Palette,East,Retail,5,415.17,2075.85,545.22
2023-08-31,Clothing,Sneakers,Central,Direct,49,74.6,3655.4,1346.0
2023-08-31,Home & Garden,Office Chair,East,Retail,20,137.91,2758.2,1014.56
2023-08-31,Clothing,Sneakers,North,Retail,28,362.09,12166.22,1958.03
2023-08-31,Clothing,Jacket,West,Direct,96,210.78,22258.37,4102.76
2023-09-01,Clothing,Dress,North,Wholesale,21,11.31,285.01,81.27
2023-09-01,Home & Garden,Bedding Set,East,Retail,56,409.58,22936.48,9354.7
2023-09-01,Electronics,Tablet,West,Retail,50,65.24,3588.2,1076.01
2023-09-01,Home & Garden,Bedding Set,South,Wholesale,58,316.69,17449.62,5524.19
2023-09-01,Beauty,Fragrance,East,Retail,73,204.99,14964.27,4295.01
2023-09-01,Sports,Tennis Racket,South,Retail,73,99.56,6904.49,2743.81
2023-09-01,Home & Garden,Office Chair,West,Direct,31,101.37,3456.72,642.23
2023-09-01,Sports,Tennis Racket,East,Wholesale,87,399.84,34786.08,12556.71
2023-09-01,Electronics,Headphones,North,Retail,12,433.57,6243.41,1565.05
2023-09-01,Clothing,Jeans,East,Retail,53,14.0,742.0,234.55
2023-09-01,Home & Garden,Lamp,East,Wholesale,91,70.82,6444.62,2535.25
2023-09-01,Sports,Yoga Mat,Central,Retail,66,124.94,8246.04,2485.21
2023-09-01,Sports,Yoga Mat,West,Wholesale,58,109.12,6961.86,1708.3
2023-09-01,Electronics,Smartwatch,South,Wholesale,71,405.91,27378.63,7755.63
2023-09-01,Beauty,Face Serum,Central,Retail,1,208.92,208.92,32.33
2023-09-01,Home & Garden,Garden Tools,East,Retail,40,279.78,11191.2,2719.61
2023-09-01,Home & Garden,Office Chair,North,Retail,87,43.58,4549.75,1885.23
2023-09-01,Beauty,Face Serum,West,Wholesale,91,236.03,23626.6,8397.78
2023-09-01,Beauty,Fragrance,North,Wholesale,35,108.0,4536.0,757.51
2023-09-02,Home & Garden,Cookware Set,South,Retail,59,219.91,12325.96,2503.01
2023-09-02,Sports,Dumbbell Set,South,Wholesale,26,438.56,10832.43,2186.71
2023-09-02,Beauty,Makeup Palette,West,Wholesale,3,285.59,942.45,297.79
2023-09-02,Electronics,Laptop,Central,Retail,43,175.11,7529.73,1626.92
2023-09-02,Sports,Yoga Mat,North,Wholesale,64,338.15,25969.92,9862.52
2023-09-02,Beauty,Face Serum,South,Direct,74,50.18,3527.65,1252.38
2023-09-02,Home & Garden,Office Chair,North,Wholesale,23,62.93,1736.87,671.87
2023-09-02,Electronics,Laptop,South,Wholesale,97,441.86,40717.4,11651.88
2023-09-02,Electronics,Smartwatch,West,Wholesale,57,265.99,16677.57,6392.82
2023-09-02,Beauty,Face Serum,West,Wholesale,67,190.7,14054.59,4445.63
2023-09-02,Sports,Yoga Mat,North,Direct,16,74.77,1435.58,384.87
2023-09-02,Home & Garden,Lamp,South,Wholesale,25,314.7,7474.12,2863.29
2023-09-02,Home & Garden,Office Chair,West,Retail,5,297.48,1636.14,698.94
2023-09-02,Beauty,Skin Care Kit,Central,Wholesale,12,356.03,4272.36,1186.98
2023-09-02,Home & Garden,Lamp,West,Retail,8,230.12,2025.06,518.7
2023-09-02,Clothing,Dress,South,Direct,56,302.09,16071.19,5163.95
2023-09-02,Beauty,Hair Dryer,South,Direct,8,458.37,3483.61,817.38
2023-09-02,Home & Garden,Lamp,West,Direct,10,268.99,2958.89,1153.9
2023-09-02,Beauty,Fragrance,West,Direct,45,292.91,14499.05,3760.34
2023-09-02,Home & Garden,Garden Tools,North,Retail,90,265.78,28704.24,5278.5
2023-09-02,Electronics,Laptop,North,Direct,8,486.48,4670.21,1216.87
2023-09-03,Electronics,Smartwatch,Central,Wholesale,19,70.39,1337.41,202.63
2023-09-03,Beauty,Hair Dryer,South,Direct,93,345.94,30563.8,13041.74
2023-09-03,Sports,Tennis Racket,South,Wholesale,27,180.34,4625.72,1093.51
2023-09-03,Home & Garden,Garden Tools,East,Wholesale,67,389.52,26097.84,10624.09
2023-09-03,Sports,Running Shoes,West,Wholesale,96,162.29,17137.82,6402.81
2023-09-03,Home & Garden,Garden Tools,East,Retail,28,59.8,1674.4,603.55
2023-09-03,Clothing,Jeans,South,Retail,85,439.68,35504.16,7615.11
2023-09-03,Electronics,Smartwatch,Central,Retail,72,246.65,17758.8,7825.35
2023-09-03,Sports,Tennis Racket,North,Wholesale,53,108.06,6872.62,1224.94
2023-09-03,Sports,Running Shoes,West,Wholesale,27,411.61,12224.82,3796.23
2023-09-03,Home & Garden,Lamp,South,Wholesale,77,452.43,33095.25,9075.59
2023-09-03,Clothing,T-Shirt,North,Retail,67,13.2,1061.28,476.15
2023-09-03,Clothing,Jacket,East,Wholesale,95,484.68,46044.6,16479.14
2023-09-03,Sports,Bike Helmet,West,Wholesale,37,37.44,1523.81,
2023-09-03,Beauty,Face Serum,Central,Wholesale,3,433.44,1300.32,312.25
2023-09-03,Sports,Dumbbell Set,East,Wholesale,46,165.43,7609.78,1493.34
2023-09-03,Sports,Yoga Mat,Central,Direct,16,34.89,558.24,117.21
2023-09-03,Clothing,Jeans,East,Wholesale,46,70.97,3264.62,584.52
2023-09-03,Beauty,Fragrance,North,Direct,99,147.76,17553.89,3006.23
2023-09-04,Beauty,Face Serum,East,Retail,50,142.51,7125.5,1124.54
2023-09-04,Electronics,Headphones,West,Retail,79,331.53,28809.96,6797.44
2023-09-04,Sports,Running Shoes,East,Direct,89,187.66,16701.74,6599.05
2023-09-04,Sports,Bike Helmet,West,Wholesale,13,447.59,6400.54,2727.0
2023-09-04,Home & Garden,Bedding Set,North,Retail,56,195.69,13150.37,4300.69
2023-09-04,Electronics,Smartphone,East,Wholesale,46,79.74,3668.04,1417.83
2023-09-04,Clothing,T-Shirt,South,Retail,69,38.58,2528.92,469.8
2023-09-04,Home & Garden,Bedding Set,North,Wholesale,29,264.07,9189.64,3995.49
2023-09-04,Home & Garden,Garden Tools,Central,Wholesale,80,470.12,37609.6,12190.72
2023-09-04,Beauty,Skin Care Kit,West,Direct,96,96.24,10162.94,4394.75
2023-09-04,Beauty,Hair Dryer,West,Direct,58,215.49,13748.26,3981.65
2023-09-04,Electronics,Laptop,Central,Retail,9,193.35,1740.15,737.53
2023-09-04,Home & Garden,Garden Tools,South,Wholesale,16,61.65,937.08,336.39
2023-09-04,Beauty,Skin Care Kit,South,Retail,92,171.88,15022.31,5178.87
2023-09-04,Clothing,Dress,Central,Direct,25,234.71,5867.75,2185.37
2023-09-05,Sports,Yoga Mat,North,Wholesale,12,183.42,2641.25,469.93
2023-09-05,Electronics,Smartphone,Central,Wholesale,33,474.2,15648.6,5763.82
2023-09-05,Electronics,Headphones,East,Direct,75,405.59,30419.25,8239.25
2023-09-05,Electronics,Smartwatch,South,Direct,85,422.46,34113.64,9549.95
2023-09-05,Sports,Tennis Racket,East,Direct,49,123.95,6073.55,2387.31
2023-09-05,Electronics,Tablet,Central,Wholesale,8,227.72,1821.76,455.44
2023-09-05,Beauty,Makeup Palette,Central,Retail,70,356.95,24986.5,10060.42
2023-09-05,Home & Garden,Garden Tools,South,Wholesale,81,301.62,23209.66,6287.26
2023-09-05,Beauty,Hair Dryer,West,Direct,10,48.55,534.05,190.57
2023-09-05,Clothing,Jacket,West,Direct,78,227.29,19501.48,8098.82
2023-09-05,Electronics,Smartphone,South,Retail,64,419.0,25475.2,6748.96
2023-09-05,Home & Garden,Office Chair,North,Retail,13,255.98,3993.29,1512.79
2023-09-05,Clothing,Dress,North,Direct,30,163.93,5901.48,1811.51
2023-09-05,Beauty,Skin Care Kit,Central,Wholesale,98,104.59,10249.82,1598.09
2023-09-05,Electronics,Laptop,North,Wholesale,75,319.14,28722.6,11939.63
2023-09-06,Sports,Dumbbell Set,West,Wholesale,46,378.13,19133.38,5270.37
2023-09-06,Beauty,Face Serum,Central,Retail,20,443.55,8871.0,3364.77
2023-09-06,Clothing,Jacket,East,Retail,26,305.53,7943.78,2969.47
2023-09-06,Beauty,Hair Dryer,Central,Direct,28,98.76,2765.28,715.85
2023-09-06,Electronics,Smartphone,East,Retail,52,267.07,13887.64,4662.04
2023-09-06,Electronics,Smartwatch,West,Direct,95,343.24,35868.58,11121.46
2023-09-06,Sports,Dumbbell Set,South,Wholesale,60,31.02,1768.14,452.62
2023-09-06,Home & Garden,Bedding Set,South,Retail,81,270.13,20786.5,5437.79
2023-09-06,Beauty,Makeup Palette,West,Wholesale,12,51.72,682.7,242.57
2023-09-07,Clothing,Sneakers,Central,Wholesale,98,127.75,12519.5,2091.16
2023-09-07,Sports,Tennis Racket,Central,Retail,13,96.94,1260.22,529.9
2023-09-07,Clothing,Dress,West,Wholesale,65,175.38,12539.67,2475.99
2023-09-07,Electronics,Laptop,South,Wholesale,48,421.98,19242.29,5882.16
2023-09-07,Clothing,Dress,Central,Retail,37,253.6,9383.2,1618.76
2023-09-07,Home & Garden,Bedding Set,North,Wholesale,66,372.58,29508.34,7559.13
2023-09-07,Beauty,Fragrance,Central,Direct,84,93.84,7882.56,2289.38
2023-09-07,Beauty,Hair Dryer,West,Wholesale,52,378.85,21670.22,7182.51
2023-09-07,Electronics,Headphones,West,Direct,10,358.28,3941.08,1537.89
2023-09-07,Home & Garden,Cookware Set,West,Retail,36,190.85,7557.66,2856.72
2023-09-07,Clothing,Jacket,West,Direct,86,343.82,32525.37,5122.82
2023-09-07,Sports,Running Shoes,Central,Wholesale,58,226.73,13150.34,5734.2
2023-09-07,Clothing,T-Shirt,Central,Retail,30,414.75,12442.5,5247.65
2023-09-07,Beauty,Hair Dryer,Central,Direct,74,314.73,23290.02,6657.22
2023-09-07,Home & Garden,Lamp,Central,Wholesale,71,236.17,16768.07,5580.07
2023-09-07,Home & Garden,Bedding Set,South,Wholesale,84,40.47,3229.51,
2023-09-07,Sports,Running Shoes,Central,Retail,34,270.01,9180.34,2486.55
2023-09-08,Sports,Yoga Mat,East,Wholesale,54,68.44,3695.76,1056.38
2023-09-08,Clothing,Sneakers,North,Retail,26,369.37,11524.34,2952.32
2023-09-08,Electronics,Smartphone,Central,Wholesale,8,128.91,1031.28,362.77
2023-09-08,Clothing,Sneakers,East,Wholesale,96,459.84,44144.64,7460.74
2023-09-08,Home & Garden,Garden Tools,East,Wholesale,85,32.72,2781.2,1004.78
2023-09-08,Sports,Bike Helmet,North,Retail,89,309.2,33022.56,10781.81
2023-09-08,Sports,Dumbbell Set,West,Direct,82,405.51,36577.0,13429.76
2023-09-08,Sports,Dumbbell Set,Central,Direct,93,43.53,4048.29,1451.27
2023-09-08,Beauty,Hair Dryer,East,Direct,34,274.96,9348.64,3886.15
2023-09-08,Beauty,Makeup Palette,South,Retail,30,162.49,4630.97,
2023-09-08,Clothing,Jacket,Central,Retail,81,87.91,7120.71,1993.89
2023-09-08,Beauty,Face Serum,West,Retail,19,299.04,6249.94,1352.86
2023-09-08,Electronics,Headphones,North,Retail,62,409.89,30495.82,8998.4
2023-09-08,Home & Garden,Lamp,Central,Retail,32,159.58,5106.56,2086.42
2023-09-08,Home & Garden,Lamp,Central,Wholesale,30,372.41,11172.3,2144.0
2023-09-09,Beauty,Hair Dryer,South,Retail,63,28.6,1711.71,285.6
2023-09-09,Electronics,Smartwatch,West,Wholesale,99,482.94,52592.17,8399.75
2023-09-09,Sports,Tennis Racket,Central,Direct,29,297.95,8640.55,3071.65
2023-09-09,Clothing,T-Shirt,West,Retail,93,170.41,17432.94,7762.35
2023-09-09,Sports,Running Shoes,East,Direct,76,107.74,8188.24,2215.62
2023-09-09,Sports,Bike Helmet,West,Retail,7,491.17,3782.01,1208.83
2023-09-09,Sports,Tennis Racket,West,Retail,6,204.39,1348.97,319.66
2023-09-09,Electronics,Headphones,East,Direct,22,101.76,2238.72,951.53
2023-09-09,Clothing,T-Shirt,West,Wholesale,84,217.93,20136.73,6881.61
2023-09-09,Sports,Dumbbell Set,South,Direct,2,344.24,654.06,112.08
2023-09-09,Electronics,Smartphone,West,Retail,83,255.93,23366.41,5875.01
2023-09-09,Electronics,Headphones,North,Wholesale,19,249.94,5698.63,1684.22
2023-09-09,Beauty,Skin Care Kit,Central,Direct,16,456.84,7309.44,2848.51
2023-09-09,Sports,Dumbbell Set,West,Wholesale,57,338.64,21232.73,4643.09
2023-09-09,Home & Garden,Garden Tools,Central,Retail,70,488.95,34226.5,12591.29
2023-09-09,Beauty,Skin Care Kit,West,Wholesale,92,319.53,32336.44,10860.1
2023-09-09,Electronics,Smartphone,South,Wholesale,62,29.51,1738.14,529.14
2023-09-10,Electronics,Smartwatch,West,Retail,37,133.48,5432.64,2202.77
2023-09-10,Home & Garden,Cookware Set,North,Direct,42,333.85,16826.04,4071.04
2023-09-10,Beauty,Face Serum,North,Direct,12,246.3,3546.72,670.68
2023-09-10,Clothing,Sneakers,Central,Retail,90,349.55,31459.5,6634.95
2023-09-10,Home & Garden,Office Chair,North,Retail,41,200.91,9884.77,3783.83
2023-09-10,Beauty,Makeup Palette,East,Retail,36,262.06,9434.16,1815.79
2023-09-10,Sports,Dumbbell Set,Central,Wholesale,2,466.55,933.1,234.83
2023-09-10,Home & Garden,Cookware Set,South,Retail,91,436.03,37694.79,7138.53
2023-09-10,Electronics,Tablet,Central,Retail,98,48.52,4754.96,1404.27
2023-09-10,Electronics,Smartwatch,South,Retail,87,191.12,15796.07,6401.06
2023-09-10,Electronics,Headphones,Central,Direct,42,206.36,8667.12,2706.57
2023-09-10,Clothing,Dress,South,Retail,64,251.91,15316.13,2403.36
2023-09-10,Clothing,T-Shirt,East,Retail,62,194.36,12050.32,4675.15
2023-09-10,Beauty,Makeup Palette,South,Direct,98,113.39,10556.61,4408.47
2023-09-10,Electronics,Smartwatch,East,Retail,36,166.89,6008.04,1388.54
2023-09-10,Clothing,Jacket,West,Retail,22,199.08,4817.74,1309.88
2023-09-10,Sports,Tennis Racket,North,Wholesale,45,49.6,2678.4,1060.57
2023-09-11,Sports,Bike Helmet,North,Direct,72,279.06,24110.78,9590.61
2023-09-11,Beauty,Skin Care Kit,West,Direct,84,136.1,12575.64,4248.92
2023-09-11,Electronics,Laptop,South,Wholesale,47,294.26,13138.71,4766.61
2023-09-11,Home & Garden,Garden Tools,North,Direct,10,220.38,2644.56,564.09
2023-09-11,Home & Garden,Office Chair,Central,Wholesale,87,493.04,42894.48,9366.25
2023-09-11,Sports,Dumbbell Set,South,Retail,98,46.55,4333.8,1940.88
2023-09-11,Beauty,Face Serum,South,Direct,42,78.35,3126.16,862.13
2023-09-11,Electronics,Tablet,Central,Wholesale,17,217.6,3699.2,1116.33
2023-09-11,Home & Garden,Bedding Set,Central,Direct,63,29.44,1854.72,341.9
2023-09-11,Clothing,T-Shirt,West,Retail,16,287.32,5056.83,1861.39
2023-09-11,Electronics,Laptop,Central,Direct,70,445.98,31218.6,4685.36
2023-09-12,Home & Garden,Office Chair,East,Direct,41,329.98,13529.18,4912.85
2023-09-12,Clothing,Dress,North,Retail,91,479.32,52341.74,9207.75
2023-09-12,Electronics,Smartwatch,West,Retail,3,17.22,56.83,22.68
2023-09-12,Home & Garden,Lamp,South,Wholesale,79,476.48,35759.82,9346.76
2023-09-12,Clothing,T-Shirt,North,Direct,13,90.57,1412.89,267.88
2023-09-12,Clothing,Sneakers,Central,Wholesale,54,178.46,9636.84,2319.49
2023-09-12,Sports,Yoga Mat,West,Retail,45,275.94,13659.03,2629.75
2023-09-12,Beauty,Face Serum,North,Retail,34,152.11,6206.09,949.3
2023-09-12,Clothing,Jeans,West,Wholesale,17,108.04,2020.35,868.27
2023-09-12,Beauty,Fragrance,North,Wholesale,41,150.06,7382.95,2340.77
2023-09-12,Sports,Tennis Racket,Central,Retail,15,474.87,7123.05,3068.88
2023-09-12,Home & Garden,Bedding Set,North,Direct,75,104.9,9441.0,
2023-09-12,Electronics,Headphones,West,Retail,34,334.58,12513.29,5364.7
2023-09-12,Electronics,Smartwatch,East,Retail,62,278.88,17290.56,6024.55
2023-09-12,Beauty,Face Serum,Central,Retail,25,428.59,10714.75,3715.01
2023-09-12,Sports,Dumbbell Set,Central,Retail,1,142.9,142.9,29.7
2023-09-12,Sports,Dumbbell Set,Central,Direct,74,172.59,12771.66,3855.88
2023-09-12,Clothing,Sneakers,South,Direct,92,313.19,27372.81,11799.76
2023-09-12,Home & Garden,Garden Tools,North,Wholesale,56,461.14,30988.61,11837.31
2023-09-13,Beauty,Makeup Palette,East,Retail,49,242.86,11900.14,4355.57
2023-09-13,Sports,Running Shoes,North,Retail,36,251.49,10864.37,3924.37
2023-09-13,Electronics,Smartphone,West,Retail,97,56.07,5982.67,1360.04
2023-09-13,Home & Garden,Lamp,Central,Direct,23,301.07,6924.61,2675.8
2023-09-13,Clothing,Sneakers,North,Wholesale,65,265.77,20730.06,7611.51
2023-09-13,Beauty,Face Serum,North,Retail,96,161.13,18562.18,6500.1
2023-09-13,Electronics,Headphones,Central,Retail,19,426.22,8098.18,2575.84
2023-09-13,Sports,Yoga Mat,South,Wholesale,60,164.09,9353.13,3461.66
2023-09-13,Home & Garden,Cookware Set,North,Wholesale,14,127.51,2142.17,486.03
2023-09-13,Sports,Tennis Racket,West,Retail,45,63.25,3130.88,973.59
2023-09-13,Home & Garden,Office Chair,East,Retail,86,352.02,30273.72,
2023-09-13,Beauty,Hair Dryer,North,Direct,80,430.56,41333.76,12007.34
2023-09-13,Sports,Running Shoes,Central,Retail,71,27.68,1965.28,310.45
2023-09-13,Beauty,Makeup Palette,West,Wholesale,89,85.7,8390.03,2004.74
2023-09-13,Beauty,Skin Care Kit,East,Retail,13,103.28,1342.64,441.47
2023-09-13,Beauty,Makeup Palette,West,Wholesale,81,171.59,15288.67,5237.01
2023-09-13,Electronics,Smartwatch,West,Retail,19,239.2,4999.28,
2023-09-13,Home & Garden,Bedding Set,East,Retail,70,192.88,13501.6,4078.13
2023-09-14,Clothing,Sneakers,West,Wholesale,71,90.91,7100.07,2188.97
2023-09-14,Beauty,Makeup Palette,South,Retail,49,461.38,21477.24,4070.13
2023-09-14,Home & Garden,Cookware Set,West,Direct,72,307.25,24334.2,7779.3
2023-09-14,Home & Garden,Cookware Set,West,Retail,65,311.66,22283.69,8946.14
2023-09-14,Beauty,Fragrance,South,Direct,31,454.92,13397.39,4053.04
2023-09-14,Sports,Bike Helmet,East,Direct,89,380.52,33866.28,14401.05
2023-09-14,Clothing,Jacket,South,Wholesale,50,99.37,4720.07,1075.92
2023-09-14,Electronics,Tablet,West,Retail,59,444.59,28853.89,7158.21
2023-09-14,Sports,Dumbbell Set,North,Retail,22,87.5,2310.0,860.99
2023-09-14,Electronics,Tablet,East,Direct,92,168.54,15505.68,6193.27
2023-09-14,Clothing,Sneakers,Central,Retail,58,489.82,28409.56,7263.85
2023-09-14,Sports,Dumbbell Set,North,Direct,67,68.7,5523.48,1255.19
2023-09-14,Electronics,Smartphone,Central,Wholesale,97,238.91,23174.27,5029.9
2023-09-14,Sports,Bike Helmet,East,Retail,56,215.2,12051.2,2645.23
2023-09-14,Beauty,Hair Dryer,North,Wholesale,27,216.9,7027.56,2166.37
2023-09-14,Clothing,Sneakers,Central,Wholesale,4,450.15,1800.6,627.43
2023-09-14,Electronics,Headphones,South,Retail,46,109.39,4780.34,973.67
2023-09-14,Home & Garden,Garden Tools,East,Direct,9,139.02,1251.18,530.07
2023-09-14,Electronics,Laptop,West,Retail,16,485.78,8549.73,3730.36
2023-09-14,Sports,Yoga Mat,Central,Wholesale,10,421.59,4215.9,1620.64
2023-09-15,Clothing,Jeans,North,Wholesale,32,281.16,10796.54,3562.89
2023-09-15,Sports,Tennis Racket,South,Wholesale,77,402.42,29437.02,6391.69
2023-09-15,Beauty,Hair Dryer,East,Retail,35,333.02,11655.7,4484.27
2023-09-15,Home & Garden,Lamp,East,Wholesale,66,200.33,13221.78,5294.62
2023-09-15,Clothing,Sneakers,South,Wholesale,92,259.1,22645.34,7708.97
2023-09-15,Home & Garden,Garden Tools,South,Retail,63,467.6,27985.86,4828.26
2023-09-15,Sports,Bike Helmet,Central,Retail,34,27.68,941.12,412.79
2023-09-15,Clothing,Dress,South,Wholesale,40,458.22,17412.36,3148.83
2023-09-15,Beauty,Hair Dryer,North,Direct,83,135.1,13455.96,5962.1
2023-09-15,Clothing,Jeans,East,Wholesale,52,221.16,11500.32,3077.94
2023-09-15,Electronics,Smartwatch,North,Retail,42,262.34,13221.94,5182.05
2023-09-15,Electronics,Smartphone,West,Retail,62,50.96,3475.47,662.5
2023-09-15,Electronics,Tablet,South,Retail,71,391.34,26395.88,9609.4
2023-09-15,Clothing,Sneakers,Central,Direct,70,87.13,6099.1,2066.95
2023-09-15,Clothing,Jacket,West,Wholesale,85,441.95,41322.33,13268.66
2023-09-15,Home & Garden,Bedding Set,North,Retail,15,491.35,8844.3,3615.95
2023-09-15,Sports,Bike Helmet,North,Direct,90,348.35,37621.8,11584.08
2023-09-15,Clothing,Sneakers,West,Retail,80,287.06,25261.28,4458.76
2023-09-15,Beauty,Makeup Palette,North,Direct,7,216.73,1820.53,393.11
2023-09-16,Clothing,Dress,North,Retail,81,156.24,15186.53,5189.01
2023-09-16,Beauty,Hair Dryer,North,Wholesale,89,75.53,8066.6,3441.84
2023-09-16,Sports,Dumbbell Set,Central,Retail,28,42.91,1201.48,533.13
2023-09-16,Clothing,Sneakers,Central,Retail,21,108.55,2279.55,496.22
2023-09-16,Clothing,Jeans,East,Retail,36,424.85,15294.6,3609.27
2023-09-16,Beauty,Fragrance,East,Retail,52,330.85,17204.2,5923.27
2023-09-16,Beauty,Skin Care Kit,North,Retail,44,417.42,22039.78,3627.75
2023-09-16,Sports,Yoga Mat,North,Direct,6,17.95,129.24,34.88
2023-09-16,Beauty,Makeup Palette,North,Wholesale,81,86.76,8433.07,3268.75
2023-09-16,Clothing,Sneakers,South,Retail,31,304.26,8960.46,3900.66
2023-09-16,Home & Garden,Garden Tools,Central,Wholesale,30,260.58,7817.4,2598.03
2023-09-16,Home & Garden,Office Chair,Central,Wholesale,13,342.86,4457.18,1130.02
2023-09-16,Sports,Dumbbell Set,Central,Direct,29,499.17,14475.93,2851.53
2023-09-16,Electronics,Smartwatch,North,Retail,21,258.38,6511.18,2203.98
2023-09-16,Electronics,Smartphone,East,Wholesale,42,223.46,9385.32,1952.64
2023-09-16,Electronics,Tablet,Central,Wholesale,16,130.42,2086.72,912.08
2023-09-17,Clothing,T-Shirt,North,Retail,80,443.28,42554.88,13550.42
2023-09-17,Home & Garden,Office Chair,West,Wholesale,9,250.94,2484.31,1064.71
2023-09-17,Beauty,Fragrance,West,Direct,8,293.99,2587.11,449.81
2023-09-17,Electronics,Headphones,North,Wholesale,63,61.12,4620.67,1471.11
2023-09-17,Electronics,Headphones,North,Wholesale,80,343.26,32952.96,8815.85
2023-09-17,Beauty,Face Serum,West,Direct,23,102.68,2597.8,658.35
2023-09-17,Beauty,Skin Care Kit,South,Retail,11,324.36,3389.56,1193.94
2023-09-17,Electronics,Smartwatch,East,Direct,53,341.94,18122.82,7595.64
2023-09-17,Clothing,Jacket,West,Direct,84,163.53,15110.17,6226.9
2023-09-17,Home & Garden,Bedding Set,North,Direct,24,343.13,9882.14,1743.71
2023-09-17,Beauty,Hair Dryer,West,Wholesale,54,139.34,8276.8,3624.49
2023-09-17,Clothing,Sneakers,West,Wholesale,47,16.82,869.59,328.21
2023-09-17,Sports,Bike Helmet,East,Direct,65,439.4,28561.0,10267.41
2023-09-17,Sports,Tennis Racket,South,Direct,55,426.8,22300.3,7121.81
2023-09-17,Electronics,Smartwatch,Central,Wholesale,75,384.03,28802.25,9055.48
2023-09-17,Sports,Yoga Mat,South,Direct,34,458.24,14801.15,3962.45
2023-09-17,Clothing,Jeans,South,Wholesale,91,209.83,18139.8,5122.09
2023-09-17,Electronics,Headphones,East,Wholesale,74,286.8,21223.2,7253.53
2023-09-17,Home & Garden,Bedding Set,West,Direct,49,354.99,19133.96,5968.58
2023-09-18,Electronics,Headphones,West,Direct,97,64.36,6867.21,1248.24
2023-09-18,Beauty,Fragrance,West,Retail,56,426.23,26255.77,6194.79
2023-09-18,Beauty,Face Serum,East,Wholesale,75,288.55,21641.25,3985.92
2023-09-18,Clothing,Jeans,West,Wholesale,23,256.52,6489.96,2763.83
2023-09-18,Clothing,Sneakers,North,Direct,16,357.03,6854.98,1133.04
2023-09-18,Beauty,Makeup Palette,Central,Wholesale,31,330.03,10230.93,2915.87
2023-09-18,Electronics,Smartwatch,Central,Direct,10,350.59,3505.9,1284.36
2023-09-18,Home & Garden,Cookware Set,Central,Wholesale,56,311.96,17469.76,4655.04
2023-09-18,Sports,Yoga Mat,West,Direct,37,295.77,12037.84,2061.26
2023-09-18,Home & Garden,Office Chair,South,Wholesale,78,15.29,1132.99,343.56
2023-09-18,Sports,Bike Helmet,Central,Direct,48,385.77,18516.96,6586.12
2023-09-18,Beauty,Fragrance,West,Wholesale,30,117.69,3883.77,1113.3
2023-09-19,Home & Garden,Bedding Set,South,Wholesale,53,348.35,17539.42,4790.25
2023-09-19,Sports,Running Shoes,South,Direct,25,62.32,1480.1,304.05
2023-09-19,Sports,Dumbbell Set,South,Wholesale,10,49.79,473.0,98.38
2023-09-19,Sports,Dumbbell Set,West,Wholesale,26,78.77,2252.82,896.49
2023-09-19,Home & Garden,Lamp,West,Wholesale,50,277.93,15286.15,5596.36
2023-09-19,Electronics,Tablet,South,Retail,45,411.93,17610.01,6621.09
2023-09-19,Electronics,Headphones,South,Direct,64,297.82,18107.46,6059.53
2023-09-19,Electronics,Tablet,East,Retail,19,388.78,7386.82,2974.72
2023-09-19,Clothing,Dress,North,Retail,88,50.03,5283.17,2265.02
2023-09-19,Beauty,Face Serum,East,Retail,58,120.8,7006.4,2029.34
2023-09-19,Clothing,Dress,South,Wholesale,42,202.91,8096.11,3518.36
2023-09-19,Beauty,Face Serum,West,Retail,8,40.7,358.16,144.02
2023-09-19,Clothing,Dress,North,Wholesale,6,461.38,3321.94,1393.7
2023-09-19,Sports,Running Shoes,North,Direct,87,295.81,30882.56,4767.12
2023-09-19,Home & Garden,Garden Tools,North,Wholesale,87,361.74,37765.66,12407.09
2023-09-19,Clothing,Sneakers,South,Direct,82,311.94,24300.13,10744.15
2023-09-19,Beauty,Hair Dryer,Central,Wholesale,74,246.91,18271.34,7280.41
2023-09-19,Electronics,Laptop,West,Direct,64,216.89,15269.06,4148.59
2023-09-20,Sports,Tennis Racket,East,Direct,11,216.9,2385.9,529.36
2023-09-20,Sports,Bike Helmet,East,Retail,37,236.06,8734.22,2417.1
2023-09-20,Home & Garden,Garden Tools,West,Retail,11,282.66,3420.19,834.36
2023-09-20,Home & Garden,Garden Tools,Central,Retail,55,338.15,18598.25,3840.65
2023-09-20,Sports,Bike Helmet,West,Retail,40,206.61,9090.84,3446.73
2023-09-20,Beauty,Makeup Palette,South,Wholesale,98,209.06,19463.49,6477.9
2023-09-20,Beauty,Face Serum,East,Direct,95,453.25,43058.75,11385.49
2023-09-20,Home & Garden,Lamp,South,Wholesale,87,392.08,32405.41,7237.82
2023-09-20,Beauty,Makeup Palette,North,Direct,62,173.99,12944.86,3682.29
2023-09-20,Beauty,Makeup Palette,North,Direct,44,214.1,11304.48,2624.78
2023-09-20,Home & Garden,Lamp,North,Wholesale,62,19.18,1426.99,353.67
2023-09-20,Electronics,Smartwatch,East,Direct,48,460.09,22084.32,3423.01
2023-09-20,Home & Garden,Cookware Set,South,Retail,25,356.91,8476.61,3159.65
2023-09-20,Home & Garden,Bedding Set,North,Retail,21,353.01,8895.85,2014.74
2023-09-20,Beauty,Fragrance,West,Retail,61,103.48,6943.51,2432.46
2023-09-20,Home & Garden,Office Chair,East,Direct,35,326.98,11444.3,4710.36
2023-09-20,Electronics,Smartwatch,West,Wholesale,96,146.04,15421.82,
2023-09-20,Beauty,Hair Dryer,Central,Retail,9,398.55,3586.95,636.57
2023-09-20,Beauty,Makeup Palette,West,Retail,38,79.97,3342.75,898.19
2023-09-20,Clothing,Sneakers,East,Retail,88,155.76,13706.88,5011.38
2023-09-21,Beauty,Fragrance,West,Direct,72,487.53,38612.38,15272.28
2023-09-21,Sports,Tennis Racket,South,Retail,82,332.08,25869.03,6950.35
2023-09-21,Clothing,Sneakers,East,Direct,36,228.55,8227.8,1601.04
2023-09-21,Sports,Running Shoes,South,Wholesale,91,484.68,41900.59,15003.26
2023-09-21,Clothing,T-Shirt,North,Direct,19,274.91,6267.95,1751.11
2023-09-21,Sports,Yoga Mat,West,Direct,27,127.79,3795.36,1254.86
2023-09-21,Clothing,Jacket,Central,Retail,58,144.7,8392.6,3223.38
2023-09-21,Clothing,Sneakers,South,Direct,88,352.48,29467.33,6366.54
2023-09-21,Beauty,Fragrance,Central,Direct,76,58.16,4420.16,1202.21
2023-09-21,Beauty,Makeup Palette,West,Wholesale,75,30.34,2503.05,1070.3
2023-09-21,Clothing,Dress,North,Direct,84,394.93,39808.94,8279.64
2023-09-21,Sports,Tennis Racket,East,Wholesale,81,26.94,2182.14,707.85
2023-09-21,Home & Garden,Cookware Set,North,Retail,50,131.19,7871.4,3489.72
2023-09-21,Beauty,Hair Dryer,Central,Retail,78,317.38,24755.64,8191.23
2023-09-21,Clothing,Dress,East,Retail,1,444.4,444.4,125.66
2023-09-21,Home & Garden,Cookware Set,Central,Direct,83,379.3,31481.9,5967.34
2023-09-22,Electronics,Headphones,West,Wholesale,57,83.69,5247.36,2185.19
2023-09-22,Home & Garden,Cookware Set,Central,Direct,11,125.25,1377.75,489.52
2023-09-22,Sports,Yoga Mat,North,Retail,97,222.73,25925.77,8349.43
2023-09-22,Electronics,Tablet,South,Direct,41,92.37,3597.81,1110.32
2023-09-22,Sports,Yoga Mat,North,Wholesale,34,341.41,13929.53,2160.34
2023-09-22,Beauty,Face Serum,North,Direct,44,367.76,19417.73,5051.8
2023-09-22,Home & Garden,Bedding Set,South,Wholesale,67,448.54,28549.57,9555.94
2023-09-22,Home & Garden,Cookware Set,West,Wholesale,63,108.45,7515.59,1592.31
2023-09-22,Beauty,Fragrance,Central,Retail,76,83.37,6336.12,2228.25
2023-09-22,Clothing,T-Shirt,South,Retail,31,114.73,3378.8,685.39
2023-09-22,Electronics,Smartphone,North,Retail,50,150.86,9051.6,1669.68
2023-09-22,Sports,Dumbbell Set,West,Wholesale,95,117.58,12287.11,4984.23
2023-09-22,Beauty,Skin Care Kit,North,Direct,55,75.65,4992.9,1607.73
2023-09-23,Home & Garden,Office Chair,Central,Direct,5,185.75,928.75,265.42
2023-09-23,Beauty,Fragrance,West,Direct,51,329.6,18490.56,3861.38
2023-09-23,Clothing,T-Shirt,West,Wholesale,71,77.51,6053.53,1703.38
2023-09-23,Electronics,Tablet,East,Wholesale,5,132.35,661.75,124.02
2023-09-23,Electronics,Smartphone,Central,Retail,89,89.3,7947.7,2188.63
2023-09-23,Home & Garden,Lamp,North,Direct,22,295.6,7803.84,2207.07
2023-09-23,Electronics,Laptop,North,Retail,65,132.46,10331.88,2816.23
2023-09-23,Clothing,Dress,South,Direct,25,146.86,3487.93,1256.26
2023-09-23,Beauty,Fragrance,Central,Retail,44,90.22,3969.68,793.29
2023-09-23,Home & Garden,Bedding Set,West,Direct,46,310.01,15686.51,4631.12
2023-09-23,Beauty,Skin Care Kit,South,Retail,54,42.16,2162.81,944.64
2023-09-23,Beauty,Face Serum,Central,Wholesale,96,114.06,10949.76,2685.52
2023-09-24,Clothing,Dress,Central,Retail,91,494.31,44982.21,9886.27
2023-09-24,Clothing,T-Shirt,Central,Wholesale,24,378.5,9084.0,2558.99
2023-09-24,Sports,Running Shoes,South,Direct,64,429.76,26129.41,6535.72
2023-09-24,Sports,Running Shoes,South,Wholesale,19,383.43,6920.91,1445.78
2023-09-24,Clothing,Jacket,East,Wholesale,39,149.34,5824.26,1781.89
2023-09-24,Beauty,Skin Care Kit,South,Wholesale,85,491.47,39686.2,5965.9
2023-09-24,Clothing,T-Shirt,West,Wholesale,50,202.69,11147.95,2984.14
2023-09-24,Home & Garden,Cookware Set,West,Wholesale,75,110.14,9086.55,3633.13
2023-09-24,Electronics,Smartphone,East,Direct,88,18.94,1666.72,654.49
2023-09-24,Home & Garden,Cookware Set,South,Retail,49,182.76,8507.48,2678.94
2023-09-24,Sports,Yoga Mat,South,Wholesale,60,410.6,23404.2,10205.21
2023-09-24,Sports,Yoga Mat,Central,Direct,76,252.69,19204.44,5588.87
2023-09-24,Clothing,Jeans,West,Direct,59,345.18,22402.18,5054.26
2023-09-24,Clothing,T-Shirt,South,Retail,87,163.07,13477.74,3318.88
2023-09-24,Clothing,Jeans,North,Wholesale,62,214.68,15972.19,5581.51
2023-09-24,Clothing,Sneakers,Central,Direct,9,227.78,2050.02,522.46
2023-09-24,Clothing,Jacket,East,Direct,21,58.87,1236.27,235.3
2023-09-24,Beauty,Fragrance,North,Direct,91,179.87,19641.8,6013.59
2023-09-25,Electronics,Smartwatch,East,Direct,84,113.3,9517.2,3061.12
2023-09-25,Electronics,Smartwatch,North,Wholesale,38,426.47,19447.03,5260.52
2023-09-25,Electronics,Laptop,North,Retail,93,16.59,1851.44,725.94
2023-09-25,Clothing,Sneakers,East,Wholesale,52,38.01,1976.52,405.01
2023-09-25,Electronics,Laptop,Central,Wholesale,82,224.58,18415.56,7583.78
2023-09-25,Home & Garden,Garden Tools,South,Direct,8,214.32,1628.83,
2023-09-25,Electronics,Headphones,South,Direct,50,271.74,12907.65,2218.81
2023-09-25,Home & Garden,Cookware Set,East,Direct,46,106.96,4920.16,1364.63
2023-09-25,Clothing,Jacket,Central,Wholesale,63,375.14,23633.82,5256.73
2023-09-25,Electronics,Headphones,South,Direct,40,375.9,14284.2,4975.19
2023-09-25,Electronics,Laptop,North,Direct,52,309.81,19332.14,7367.24
2023-09-25,Home & Garden,Garden Tools,East,Retail,44,395.85,17417.4,5441.66
2023-09-25,Home & Garden,Cookware Set,East,Retail,44,451.87,19882.28,6405.05
2023-09-25,Sports,Dumbbell Set,South,Wholesale,70,39.15,2603.47,1084.56
2023-09-25,Beauty,Makeup Palette,South,Wholesale,49,289.82,13491.12,2093.79
2023-09-25,Home & Garden,Garden Tools,East,Retail,44,395.85,17417.4,5441.66
2023-09-26,Electronics,Smartwatch,East,Retail,7,64.37,450.59,117.01
2023-09-26,Beauty,Fragrance,West,Wholesale,35,291.39,11218.52,1861.83
2023-09-26,Clothing,Sneakers,Central,Wholesale,25,474.52,11863.0,4374.98
2023-09-26,Beauty,Face Serum,South,Direct,90,487.88,41713.74,11210.5
2023-09-26,Electronics,Smartwatch,North,Wholesale,74,172.7,15335.76,6159.32
2023-09-26,Home & Garden,Bedding Set,East,Direct,86,409.25,35195.5,11097.83
2023-09-26,Beauty,Face Serum,West,Retail,73,130.22,10456.67,2676.58
2023-09-26,Sports,Running Shoes,West,Direct,22,328.69,7954.3,2102.39
2023-09-26,Beauty,Skin Care Kit,East,Retail,29,163.31,4735.99,1584.31
2023-09-26,Home & Garden,Bedding Set,South,Direct,42,115.06,4590.89,1938.39
2023-09-26,Beauty,Face Serum,East,Wholesale,19,192.24,3652.56,1479.8
2023-09-26,Electronics,Tablet,Central,Direct,46,386.07,17759.22,6034.62
2023-09-26,Sports,Bike Helmet,South,Retail,63,454.86,27223.37,8398.66
2023-09-26,Home & Garden,Lamp,North,Wholesale,70,153.53,12896.52,2249.0
2023-09-26,Home & Garden,Cookware Set,West,Direct,44,196.51,9511.08,4221.47
2023-09-26,Sports,Yoga Mat,West,Retail,19,189.42,3958.88,599.12
2023-09-26,Clothing,Jacket,West,Direct,8,131.17,1154.3,416.33
2023-09-26,Clothing,Jacket,Central,Wholesale,97,87.83,8519.51,
2023-09-26,Beauty,Hair Dryer,Central,Retail,9,434.83,3913.47,1398.53
2023-09-26,Sports,Yoga Mat,East,Wholesale,61,440.03,26841.83,6856.1
2023-09-27,Clothing,Jacket,Central,Wholesale,62,93.55,5800.1,1964.54
2023-09-27,Clothing,T-Shirt,East,Retail,18,101.68,1830.24,736.85
2023-09-27,Home & Garden,Garden Tools,South,Retail,86,331.18,27057.41,4870.7
2023-09-27,Electronics,Tablet,Central,Direct,20,182.74,3654.8,1192.66
2023-09-27,Beauty,Skin Care Kit,Central,Direct,15,290.22,4353.3,1293.84
2023-09-27,Home & Garden,Cookware Set,East,Direct,64,182.26,11664.64,3922.81
2023-09-27,Home & Garden,Lamp,West,Wholesale,55,181.29,10968.05,3814.35
2023-09-27,Clothing,Jeans,East,Direct,29,22.08,640.32,254.14
2023-09-27,Sports,Dumbbell Set,Central,Direct,50,354.28,17714.0,7386.09
2023-09-27,Home & Garden,Bedding Set,East,Wholesale,82,293.35,24054.7,8749.41
2023-09-27,Home & Garden,Bedding Set,Central,Direct,12,210.29,2523.48,879.07
2023-09-27,Electronics,Headphones,South,Direct,20,282.24,5362.56,2008.49
2023-09-27,Home & Garden,Lamp,Central,Retail,61,186.61,11383.21,2379.52
2023-09-27,Home & Garden,Lamp,Central,Retail,61,186.61,11383.21,2379.52
2023-09-28,Sports,Bike Helmet,East,Retail,76,495.12,37629.12,9091.72
2023-09-28,Electronics,Tablet,East,Wholesale,1,474.92,474.92,118.57
2023-09-28,Sports,Running Shoes,South,Retail,67,42.72,2719.13,1119.04
2023-09-28,Clothing,Jeans,South,Retail,94,285.39,25485.33,6756.56
2023-09-28,Clothing,Jeans,East,Retail,51,159.72,8145.72,1414.17
2023-09-28,Electronics,Tablet,South,Direct,27,46.94,1204.01,299.02
2023-09-28,Beauty,Makeup Palette,East,Retail,15,235.52,3532.8,1002.06
2023-09-28,Electronics,Tablet,West,Wholesale,10,307.29,3380.19,565.97
2023-09-28,Electronics,Laptop,Central,Wholesale,58,239.7,13902.6,4069.34
2023-09-28,Clothing,T-Shirt,East,Wholesale,57,269.26,15347.82,2761.18
2023-09-28,Electronics,Headphones,North,Direct,45,325.63,17584.02,6687.03
2023-09-28,Electronics,Tablet,North,Direct,57,369.99,25307.32,5621.65
2023-09-28,Beauty,Skin Care Kit,Central,Direct,82,34.17,2801.94,824.51
2023-09-28,Sports,Bike Helmet,North,Retail,87,468.46,48907.22,16359.66
2023-09-28,Electronics,Tablet,Central,Direct,93,461.38,42908.34,12627.57
2023-09-28,Clothing,Sneakers,Central,Retail,53,495.72,26273.16,4407.0
2023-09-28,Clothing,Jeans,South,Direct,27,162.33,4163.76,859.87
2023-09-28,Beauty,Makeup Palette,South,Direct,22,477.26,9974.73,2175.12
2023-09-28,Clothing,Dress,West,Direct,66,346.71,25171.15,8591.38
2023-09-28,Home & Garden,Bedding Set,North,Wholesale,1,488.31,585.97,178.63
2023-09-28,Beauty,Hair Dryer,West,Retail,65,334.05,23884.58,10164.72
2023-09-28,Sports,Yoga Mat,Central,Retail,35,106.52,3728.2,1269.36
2023-09-28,Clothing,Jeans,Central,Wholesale,11,141.77,1559.47,475.37
2023-09-29,Electronics,Laptop,East,Retail,58,127.77,7410.66,2539.48
2023-09-29,Beauty,Skin Care Kit,South,Retail,23,413.93,9044.37,2140.74
2023-09-29,Electronics,Headphones,Central,Retail,52,265.45,13803.4,5121.94
2023-09-29,Sports,Dumbbell Set,North,Wholesale,9,439.9,4750.92,1020.2
2023-09-29,Home & Garden,Office Chair,Central,Wholesale,82,452.68,37119.76,11392.74
2023-09-29,Home & Garden,Lamp,West,Wholesale,23,451.62,11425.99,3053.57
2023-09-29,Beauty,Skin Care Kit,East,Direct,95,250.63,23809.85,7009.12
2023-09-29,Electronics,Headphones,East,Retail,66,321.02,21187.32,4381.86
2023-09-29,Home & Garden,Garden Tools,South,Direct,77,122.8,8982.82,2362.31
2023-09-29,Clothing,Dress,South,Wholesale,76,401.72,29004.18,10149.25
2023-09-29,Sports,Yoga Mat,West,Wholesale,5,384.39,2114.14,330.35
2023-09-29,Home & Garden,Lamp,East,Retail,64,157.03,10049.92,3170.09
2023-09-29,Clothing,Dress,North,Wholesale,49,324.99,19109.41,3461.0
2023-09-29,Clothing,Dress,West,Wholesale,82,202.84,18296.17,7174.69
2023-09-29,Home & Garden,Office Chair,West,Direct,51,316.59,17760.7,
2023-09-30,Clothing,T-Shirt,South,Wholesale,20,272.75,5182.25,2200.18
2023-09-30,Electronics,Smartwatch,West,Wholesale,77,475.68,40290.1,13509.66
2023-09-30,Clothing,Jacket,West,Direct,71,305.14,23831.43,6032.17
2023-09-30,Home & Garden,Garden Tools,Central,Wholesale,81,87.73,7106.13,2138.12
2023-09-30,Clothing,Jeans,South,Wholesale,81,442.84,34076.54,13902.49
2023-09-30,Electronics,Tablet,North,Wholesale,86,76.4,7884.48,2674.44
2023-09-30,Beauty,Makeup Palette,East,Direct,2,362.58,725.16,135.33
2023-09-30,Beauty,Face Serum,East,Direct,69,256.34,17687.46,5227.87
2023-09-30,Home & Garden,Cookware Set,East,Wholesale,13,276.59,3595.67,1476.02
2023-09-30,Sports,Bike Helmet,North,Retail,88,403.38,42596.93,17725.97
2023-09-30,Electronics,Headphones,East,Direct,12,37.75,453.0,75.21
2023-09-30,Home & Garden,Cookware Set,North,Wholesale,3,57.63,207.47,66.22
2023-09-30,Home & Garden,Bedding Set,West,Wholesale,16,314.44,5534.14,1150.76
2023-10-01,Clothing,T-Shirt,Central,Retail,87,170.21,14808.27,3566.21
2023-10-01,Sports,Tennis Racket,East,Wholesale,48,333.85,16024.8,6928.3
2023-10-01,Clothing,T-Shirt,South,Wholesale,9,332.4,2842.02,663.72
2023-10-01,Electronics,Smartwatch,West,Wholesale,39,453.29,19446.14,8492.52
2023-10-01,Beauty,Face Serum,Central,Direct,99,344.11,34066.89,7513.99
2023-10-01,Sports,Bike Helmet,Central,Direct,69,251.31,17340.39,5420.49
2023-10-01,Sports,Bike Helmet,Central,Wholesale,57,260.21,14831.97,5981.63
2023-10-01,Home & Garden,Bedding Set,North,Wholesale,26,115.03,3588.94,1364.3
2023-10-01,Clothing,Sneakers,South,Wholesale,70,293.26,19501.79,4354.03
2023-10-01,Sports,Running Shoes,South,Retail,49,35.28,1642.28,376.42
2023-10-01,Beauty,Face Serum,West,Retail,10,155.34,1708.74,565.38
2023-10-01,Electronics,Smartphone,South,Direct,3,59.6,169.86,39.57
2023-10-01,Electronics,Smartphone,West,Direct,52,347.92,19901.02,4356.88
2023-10-01,Clothing,Sneakers,North,Retail,17,261.87,5342.15,967.19
2023-10-01,Beauty,Fragrance,West,Retail,27,29.46,874.96,316.68
2023-10-01,Beauty,Face Serum,Central,Retail,13,400.75,5209.75,2020.93
2023-10-02,Sports,Bike Helmet,Central,Wholesale,88,73.2,6441.6,1674.94
2023-10-02,Home & Garden,Garden Tools,East,Direct,58,340.51,19749.58,3137.6
2023-10-02,Electronics,Smartphone,Central,Retail,5,74.02,370.1,164.13
2023-10-02,Clothing,Jacket,Central,Direct,8,14.83,118.64,29.81
2023-10-02,Electronics,Smartwatch,North,Retail,68,75.4,6152.64,953.8
2023-10-02,Sports,Yoga Mat,West,Direct,52,405.33,23184.88,7681.05
2023-10-02,Sports,Dumbbell Set,North,Retail,53,334.47,21272.29,8278.03
2023-10-02,Sports,Dumbbell Set,South,Direct,60,295.75,16857.75,5588.41
2023-10-02,Beauty,Hair Dryer,North,Direct,24,163.62,4712.26,1340.85
2023-10-02,Beauty,Makeup Palette,East,Retail,57,142.21,8105.97,2085.31
2023-10-02,Beauty,Face Serum,South,Wholesale,97,310.51,28613.5,4390.09
2023-10-02,Home & Garden,Office Chair,East,Wholesale,74,478.09,35378.66,11489.22
2023-10-02,Sports,Yoga Mat,East,Direct,68,237.65,16160.2,6848.78
2023-10-02,Home & Garden,Bedding Set,Central,Direct,65,406.07,26394.55,11111.25
2023-10-02,Home & Garden,Office Chair,South,Retail,52,409.24,20216.46,8507.5
2023-10-02,Clothing,Jacket,South,Retail,11,399.19,4171.54,1614.61
2023-10-02,Clothing,Jeans,West,Retail,98,491.03,52933.03,21325.98
2023-10-02,Beauty,Face Serum,Central,Direct,2,340.51,681.02,181.79
2023-10-02,Clothing,Dress,South,Wholesale,94,68.72,6136.7,2231.13
2023-10-02,Clothing,Jacket,East,Retail,56,295.37,16540.72,3264.91
2023-10-02,Beauty,Makeup Palette,South,Retail,17,410.31,6626.51,1338.35
2023-10-03,Sports,Yoga Mat,South,Wholesale,67,187.27,11919.74,4492.94
2023-10-03,Clothing,Sneakers,West,Retail,12,346.11,4568.65,1149.14
2023-10-03,Electronics,Tablet,South,Retail,22,171.32,3580.59,604.59
2023-10-03,Beauty,Makeup Palette,North,Wholesale,42,308.81,15564.02,3111.83
2023-10-03,Sports,Dumbbell Set,North,Wholesale,27,340.46,11030.9,3046.73
2023-10-03,Beauty,Skin Care Kit,East,Retail,31,13.35,413.85,124.06
2023-10-03,Sports,Bike Helmet,South,Wholesale,36,334.32,11433.74,3602.13
2023-10-03,Sports,Dumbbell Set,South,Direct,55,258.3,13496.17,3307.36
2023-10-03,Home & Garden,Bedding Set,South,Retail,9,401.9,3436.24,623.82
2023-10-03,Home & Garden,Lamp,East,Direct,47,371.68,17468.96,6919.11
2023-10-03,Beauty,Hair Dryer,Central,Retail,28,21.74,608.72,273.17
2023-10-03,Clothing,Jeans,West,Direct,89,204.94,20063.63,3424.62
2023-10-03,Clothing,Dress,South,Direct,51,295.12,14298.56,2168.14
2023-10-03,Beauty,Skin Care Kit,East,Direct,83,265.26,22016.58,5054.44
2023-10-03,Beauty,Fragrance,Central,Wholesale,44,395.94,17421.36,2894.29
2023-10-04,Beauty,Fragrance,North,Retail,3,462.33,1664.39,572.77
2023-10-04,Clothing,Jacket,South,Direct,49,322.98,15034.72,6609.8
2023-10-04,Clothing,T-Shirt,North,Direct,5,443.9,2663.4,795.17
2023-10-04,Home & Garden,Garden Tools,North,Wholesale,49,420.61,24731.87,5605.12
2023-10-04,Sports,Bike Helmet,Central,Wholesale,30,493.87,14816.1,2778.13
2023-10-04,Home & Garden,Garden Tools,East,Direct,73,45.63,3330.99,673.81
2023-10-04,Clothing,Sneakers,South,Direct,9,340.83,2914.1,778.76
2023-10-04,Electronics,Tablet,South,Direct,34,224.3,7244.89,2389.59
2023-10-04,Clothing,Dress,East,Direct,33,484.29,15981.57,5978.63
2023-10-04,Home & Garden,Lamp,Central,Direct,27,461.24,12453.48,3794.79
2023-10-04,Electronics,Headphones,South,Wholesale,30,382.58,10903.53,4517.34
2023-10-04,Sports,Dumbbell Set,West,Direct,40,366.68,16133.92,2613.94
2023-10-04,Clothing,T-Shirt,Central,Retail,45,232.38,10457.1,2266.66
2023-10-04,Clothing,Sneakers,East,Retail,19,145.74,2769.06,578.16
2023-10-04,Sports,Bike Helmet,West,Direct,28,349.01,10749.51,4167.45
2023-10-04,Home & Garden,Office Chair,South,Direct,24,396.41,9038.15,3658.51
2023-10-04,Home & Garden,Garden Tools,East,Wholesale,58,367.3,21303.4,7355.87
2023-10-04,Beauty,Makeup Palette,East,Retail,96,284.09,27272.64,4998.61
2023-10-04,Beauty,Skin Care Kit,Central,Retail,75,490.0,36750.0,5637.27
2023-10-04,Clothing,Jacket,South,Retail,22,210.82,4406.14,1835.25
2023-10-04,Home & Garden,Garden Tools,South,Wholesale,1,58.21,55.3,23.2
2023-10-04,Beauty,Hair Dryer,Central,Retail,51,48.7,2483.7,969.31
2023-10-04,Electronics,Smartwatch,North,Wholesale,81,389.36,37845.79,9628.3
2023-10-05,Home & Garden,Office Chair,West,Wholesale,63,79.66,5520.44,1875.41
2023-10-05,Sports,Dumbbell Set,North,Direct,94,39.37,4440.94,1163.05
2023-10-05,Sports,Bike Helmet,South,Retail,38,257.74,9304.41,2024.37
2023-10-05,Clothing,Jacket,North,Wholesale,93,457.0,51001.2,10773.96
2023-10-05,Electronics,Laptop,South,Wholesale,26,491.97,12151.66,2286.28
2023-10-05,Beauty,Skin Care Kit,South,Wholesale,30,323.02,9206.07,2216.51
2023-10-05,Electronics,Smartphone,South,Retail,63,257.89,15434.72,6400.99
2023-10-05,Beauty,Fragrance,East,Direct,21,236.29,4962.09,814.22
2023-10-05,Clothing,Jacket,North,Wholesale,74,472.43,41951.78,13985.64
2023-10-05,Electronics,Smartwatch,East,Wholesale,12,439.44,5273.28,1086.77
2023-10-05,Beauty,Hair Dryer,South,Direct,64,39.15,2380.32,796.24
2023-10-05,Electronics,Smartphone,North,Direct,62,401.12,29843.33,6966.75
2023-10-05,Electronics,Tablet,East,Retail,53,283.88,15045.64,2434.92
2023-10-05,Clothing,Jeans,West,Retail,66,473.36,34365.94,14838.86
2023-10-06,Beauty,Face Serum,North,Direct,32,442.26,16982.78,3964.36
2023-10-06,Home & Garden,Cookware Set,Central,Retail,15,346.44,5196.6,2242.23
2023-10-06,Home & Garden,Garden Tools,West,Retail,72,210.9,16703.28,4781.14
2023-10-06,Home & Garden,Lamp,East,Direct,57,374.84,21365.88,5441.06
2023-10-06,Sports,Tennis Racket,Central,Retail,54,188.8,10195.2,2018.93
2023-10-06,Clothing,Dress,West,Wholesale,16,14.06,247.46,75.79
2023-10-06,Electronics,Headphones,South,Retail,26,382.25,9441.57,2156.06
2023-10-06,Sports,Dumbbell Set,East,Direct,18,458.49,8252.82,2095.58
2023-10-06,Home & Garden,Bedding Set,North,Direct,66,240.11,19016.71,8347.7
2023-10-06,Electronics,Smartphone,East,Direct,39,378.65,14767.35,4516.83
2023-10-06,Sports,Dumbbell Set,East,Direct,98,298.21,29224.58,
2023-10-06,Beauty,Hair Dryer,South,Wholesale,1,156.78,148.94,56.36
2023-10-06,Home & Garden,Garden Tools,North,Direct,56,357.63,24032.74,10108.89
2023-10-06,Clothing,Jacket,West,Wholesale,44,241.49,11688.12,2685.38
2023-10-07,Electronics,Tablet,North,Retail,28,408.77,13734.67,4023.73
2023-10-07,Electronics,Headphones,West,Direct,23,355.29,8988.84,3751.79
2023-10-07,Sports,Bike Helmet,West,Direct,50,56.54,3109.7,506.99
2023-10-07,Beauty,Makeup Palette,East,Direct,16,245.54,3928.64,663.7
2023-10-07,Home & Garden,Lamp,East,Wholesale,98,481.1,47147.8,18407.94
2023-10-07,Clothing,T-Shirt,East,Wholesale,4,168.37,673.48,245.14
2023-10-07,Clothing,Jeans,North,Direct,39,437.83,20490.44,5219.62
2023-10-07,Sports,Tennis Racket,Central,Retail,83,333.62,27690.46,11520.17
2023-10-07,Electronics,Smartwatch,South,Direct,24,162.89,3713.89,1191.6
2023-10-07,Clothing,Sneakers,North,Wholesale,35,125.21,5258.82,1223.44
2023-10-07,Sports,Bike Helmet,East,Direct,8,370.75,2966.0,903.06
2023-10-07,Home & Garden,Bedding Set,North,Wholesale,23,199.22,5498.47,2272.96
2023-10-07,Beauty,Fragrance,West,Wholesale,56,495.72,30536.35,7328.94
2023-10-07,Sports,Yoga Mat,West,Direct,45,458.85,22713.08,7602.08
2023-10-07,Home & Garden,Lamp,North,Direct,31,486.93,18113.8,7755.81
2023-10-07,Sports,Bike Helmet,West,Retail,2,341.15,750.53,309.59
2023-10-07,Clothing,Jeans,East,Direct,9,128.7,1158.3,479.48
2023-10-07,Clothing,Sneakers,West,Direct,11,306.27,3705.87,1388.37
2023-10-08,Beauty,Hair Dryer,West,Retail,90,85.03,8417.97,3018.33
2023-10-08,Clothing,T-Shirt,North,Direct,23,216.55,5976.78,1137.63
2023-10-08,Clothing,Jeans,South,Wholesale,38,337.31,12176.89,3617.35
2023-10-08,Electronics,Headphones,West,Wholesale,32,151.6,5336.32,1534.2
2023-10-08,Home & Garden,Garden Tools,South,Direct,66,54.38,3409.63,1081.64
2023-10-08,Beauty,Hair Dryer,South,Wholesale,80,256.68,19507.68,4706.63
2023-10-08,Beauty,Face Serum,North,Direct,57,205.47,14054.15,4558.86
2023-10-08,Electronics,Smartphone,Central,Retail,60,139.14,8348.4,3388.61
2023-10-08,Beauty,Face Serum,North,Direct,1,239.79,287.75,122.8
2023-10-08,Sports,Dumbbell Set,West,Wholesale,30,17.24,568.92,191.13
2023-10-08,Clothing,Dress,West,Direct,62,395.49,26972.42,5518.9
2023-10-08,Home & Garden,Office Chair,South,Direct,84,376.13,30015.17,7289.15
2023-10-08,Home & Garden,Garden Tools,North,Direct,30,55.92,2013.12,783.69
2023-10-08,Beauty,Makeup Palette,West,Wholesale,84,177.36,16388.06,5012.95
2023-10-08,Sports,Dumbbell Set,East,Direct,19,296.29,5629.51,2045.78
2023-10-08,Electronics,Smartphone,East,Retail,63,18.78,1183.14,522.68
2023-10-08,Beauty,Face Serum,North,Retail,71,181.53,15466.36,6587.76
2023-10-08,Clothing,Dress,North,Retail,1,181.43,217.72,38.91
2023-10-08,Electronics,Laptop,South,Wholesale,35,311.11,10344.41,2421.06
2023-10-08,Beauty,Hair Dryer,South,Wholesale,80,256.68,19507.68,4706.63
2023-10-09,Beauty,Hair Dryer,East,Wholesale,20,225.48,4509.6,1310.83
2023-10-09,Beauty,Face Serum,South,Direct,33,479.93,15045.81,4964.52
2023-10-09,Sports,Tennis Racket,South,Direct,62,26.91,1585.0,624.39
2023-10-09,Home & Garden,Garden Tools,West,Direct,38,139.73,5840.71,880.02
2023-10-09,Electronics,Smartphone,Central,Direct,83,21.3,1767.9,758.3
2023-10-09,Clothing,T-Shirt,North,Direct,98,73.05,8590.68,3691.39
2023-10-09,Beauty,Makeup Palette,Central,Retail,85,165.14,14036.9,3905.49
2023-10-09,Beauty,Face Serum,South,Wholesale,62,276.28,16272.89,4835.43
2023-10-09,Electronics,Headphones,South,Retail,26,140.2,3462.94,1514.34
2023-10-09,Clothing,Jacket,South,Wholesale,65,277.19,17116.48,
2023-10-09,Home & Garden,Office Chair,South,Retail,29,333.65,9192.06,2438.97
2023-10-09,Clothing,Sneakers,West,Wholesale,42,20.62,952.64,427.87
2023-10-09,Clothing,Sneakers,West,Direct,2,497.06,1093.53,469.81
2023-10-09,Beauty,Fragrance,South,Retail,8,457.74,3478.82,1162.62
2023-10-09,Sports,Yoga Mat,North,Retail,96,380.38,43819.78,15817.67
2023-10-09,Sports,Dumbbell Set,East,Wholesale,81,416.28,33718.68,7156.94
2023-10-09,Beauty,Hair Dryer,North,Wholesale,14,394.1,6620.88,1172.32
2023-10-10,Beauty,Hair Dryer,Central,Retail,41,358.82,14711.62,6335.61
2023-10-10,Sports,Tennis Racket,West,Wholesale,48,76.84,4057.15,1484.7
2023-10-10,Electronics,Headphones,Central,Retail,61,271.15,16540.15,
2023-10-10,Clothing,Jeans,West,Wholesale,95,409.16,42757.22,12671.21
2023-10-10,Sports,Bike Helmet,West,Wholesale,50,427.77,23527.35,3785.13
2023-10-10,Home & Garden,Lamp,Central,Retail,3,17.28,51.84,19.93
2023-10-10,Beauty,Makeup Palette,North,Direct,4,274.57,1317.94,508.68
2023-10-10,Clothing,Jeans,Central,Direct,98,367.08,35973.84,15616.12
2023-10-10,Home & Garden,Garden Tools,Central,Retail,81,296.54,24019.74,10275.31
2023-10-10,Beauty,Fragrance,South,Wholesale,29,159.3,4388.72,969.1
2023-10-10,Clothing,T-Shirt,East,Retail,48,494.63,23742.24,6747.96
2023-10-10,Clothing,Sneakers,South,Direct,30,189.37,5397.05,1079.78
2023-10-10,Electronics,Tablet,East,Wholesale,23,272.96,6278.08,1801.02
2023-10-10,Sports,Running Shoes,East,Wholesale,73,307.9,22476.7,5229.49
2023-10-10,Clothing,Jacket,West,Retail,70,489.31,37676.87,8202.54
2023-10-10,Beauty,Fragrance,South,Wholesale,29,159.3,4388.72,969.1
2023-10-11,Sports,Tennis Racket,East,Direct,14,381.0,5334.0,874.51
2023-10-11,Home & Garden,Garden Tools,Central,Wholesale,42,423.98,17807.16,4873.87
2023-10-11,Clothing,Dress,South,Direct,10,318.49,3025.65,698.38
2023-10-11,Clothing,Jeans,East,Retail,19,376.85,7160.15,3203.8
2023-10-11,Electronics,Smartwatch,South,Wholesale,7,462.5,3075.62,1113.02
2023-10-11,Beauty,Hair Dryer,West,Direct,84,350.14,32352.94,14121.26
2023-10-11,Clothing,Sneakers,East,Direct,98,243.07,23820.86,5384.69
2023-10-11,Electronics,Smartwatch,East,Wholesale,43,293.85,12635.55,3162.16
2023-10-11,Beauty,Hair Dryer,North,Retail,65,181.03,14120.34,5448.38
2023-10-11,Sports,Tennis Racket,West,Direct,28,125.66,3870.33,1272.06
2023-10-11,Home & Garden,Lamp,Central,Wholesale,56,155.03,8681.68,2398.25
2023-10-11,Electronics,Tablet,Central,Retail,77,185.58,14289.66,4167.62
2023-10-11,Sports,Running Shoes,South,Direct,35,29.09,967.24,270.52
2023-10-11,Electronics,Headphones,West,Wholesale,18,103.51,2049.5,613.86
2023-10-11,Sports,Running Shoes,North,Retail,80,456.7,43843.2,16034.39
2023-10-11,Electronics,Smartphone,West,Retail,83,168.44,15378.57,5834.79
2023-10-11,Home & Garden,Cookware Set,Central,Direct,47,169.95,7987.65,1419.52
2023-10-12,Beauty,Face Serum,South,Retail,25,496.35,11788.31,3859.01
2023-10-12,Beauty,Fragrance,East,Direct,21,59.07,1240.47,247.71
2023-10-12,Sports,Running Shoes,Central,Direct,90,452.85,40756.5,10970.76
2023-10-12,Electronics,Laptop,Central,Retail,62,360.15,22329.3,5423.12
2023-10-12,Electronics,Laptop,North,Direct,45,288.66,15587.64,2988.86
2023-10-12,Sports,Running Shoes,North,Wholesale,29,177.88,6190.22,2132.21
2023-10-12,Electronics,Smartwatch,Central,Retail,27,271.35,7326.45,1905.9
2023-10-12,Electronics,Smartphone,South,Direct,80,460.17,34972.92,7322.31
2023-10-12,Clothing,Jeans,South,Direct,63,380.46,22770.53,4717.98
2023-10-12,Clothing,Sneakers,West,Wholesale,48,414.93,21908.3,4679.29
2023-10-12,Beauty,Face Serum,South,Wholesale,42,389.1,15525.09,5997.62
2023-10-12,Clothing,Jacket,North,Direct,1,343.25,411.9,75.61
2023-10-12,Sports,Yoga Mat,West,Direct,40,495.95,21821.8,5995.44
2023-10-12,Home & Garden,Bedding Set,South,Wholesale,59,484.9,27178.64,6797.4
2023-10-12,Electronics,Smartphone,South,Wholesale,39,464.02,17191.94,7381.88
2023-10-12,Home & Garden,Bedding Set,North,Direct,51,186.15,11392.38,4807.96
2023-10-12,Electronics,Laptop,East,Retail,25,178.13,4453.25,1913.13
2023-10-12,Sports,Bike Helmet,East,Direct,81,12.6,1020.6,157.03
2023-10-12,Electronics,Smartwatch,West,Retail,49,384.57,20728.32,8894.18
2023-10-12,Sports,Running Shoes,West,Retail,78,15.47,1327.33,596.47
2023-10-12,Home & Garden,Bedding Set,West,Retail,86,281.41,26621.39,6384.75
2023-10-13,Sports,Tennis Racket,Central,Retail,32,158.52,5072.64,1638.09
2023-10-13,Clothing,T-Shirt,Central,Retail,66,445.48,29401.68,10108.66
2023-10-13,Sports,Dumbbell Set,North,Retail,60,281.51,20268.72,8961.02
2023-10-13,Clothing,Jacket,Central,Direct,2,172.57,345.14,74.08
2023-10-13,Electronics,Tablet,Central,Direct,74,252.9,18714.6,3662.29
2023-10-13,Beauty,Fragrance,South,Direct,12,289.96,3305.54,860.41
2023-10-13,Sports,Dumbbell Set,West,Retail,22,161.18,3900.56,1456.6
2023-10-13,Electronics,Smartphone,North,Wholesale,60,246.94,17779.68,6459.81
2023-10-13,Clothing,Jeans,Central,Direct,16,136.88,2190.08,335.52
2023-10-13,Sports,Running Shoes,Central,Direct,99,343.4,33996.6,8081.78
2023-10-13,Home & Garden,Bedding Set,East,Retail,7,332.5,2327.5,894.41
2023-10-13,Beauty,Fragrance,South,Direct,9,268.76,2297.9,604.03
2023-10-13,Beauty,Face Serum,East,Direct,60,56.59,3395.4,733.27
2023-10-13,Clothing,T-Shirt,South,Retail,56,303.22,16131.3,5706.89
2023-10-13,Electronics,Smartwatch,Central,Direct,13,149.47,1943.11,466.77
2023-10-13,Electronics,Smartwatch,West,Wholesale,23,447.3,11316.69,4298.6
2023-10-13,Sports,Tennis Racket,West,Direct,87,444.38,42527.17,13637.54
2023-10-14,Sports,Yoga Mat,North,Retail,28,410.35,13787.76,5738.17
2023-10-14,Home & Garden,Lamp,West,Retail,85,312.41,29210.34,8170.31
2023-10-14,Sports,Running Shoes,North,Retail,35,247.9,10411.8,2245.66
2023-10-14,Clothing,Jeans,East,Retail,54,18.58,1003.32,248.21
2023-10-14,Home & Garden,Garden Tools,North,Wholesale,86,443.53,45772.3,20051.55
2023-10-14,Beauty,Skin Care Kit,Central,Wholesale,34,58.28,1981.52,682.44
2023-10-14,Clothing,Dress,South,Direct,29,140.32,3865.82,
2023-10-14,Sports,Running Shoes,West,Direct,97,240.52,25663.48,7551.88
2023-10-14,Sports,Dumbbell Set,East,Retail,54,20.8,1123.2,214.68
2023-10-14,Home & Garden,Cookware Set,East,Direct,61,472.11,28798.71,5438.45
2023-10-14,Beauty,Makeup Palette,East,Direct,55,273.59,15047.45,5613.33
2023-10-14,Sports,Dumbbell Set,East,Wholesale,61,133.92,8169.12,2706.73
2023-10-14,Home & Garden,Cookware Set,West,Direct,85,194.97,18229.7,4290.24
2023-10-14,Clothing,Jacket,South,Retail,39,259.27,9605.95,3065.33
2023-10-14,Home & Garden,Lamp,South,Retail,55,57.22,2989.74,1165.89
2023-10-14,Sports,Running Shoes,South,Retail,41,87.61,3412.41,1182.79
2023-10-14,Beauty,Face Serum,East,Retail,8,230.73,1845.84,519.29
2023-10-14,Sports,Dumbbell Set,Central,Direct,17,472.07,8025.19,2287.88
2023-10-14,Home & Garden,Office Chair,North,Retail,5,330.89,1985.34,713.69
2023-10-14,Beauty,Fragrance,East,Retail,67,46.47,3113.49,1224.73
2023-10-14,Electronics,Smartphone,West,Direct,77,217.81,18448.51,7326.45
2023-10-15,Clothing,Dress,West,Retail,53,32.29,1882.51,479.84
2023-10-15,Sports,Bike Helmet,West,Retail,69,225.8,17138.22,6976.54
2023-10-15,Beauty,Hair Dryer,South,Direct,69,393.93,25822.11,8360.78
2023-10-15,Home & Garden,Garden Tools,South,Retail,60,121.43,6921.51,2933.49
2023-10-15,Beauty,Skin Care Kit,South,Wholesale,71,396.42,26738.53,4650.03
2023-10-15,Home & Garden,Cookware Set,South,Retail,36,60.58,2071.84,874.15
2023-10-15,Home & Garden,Garden Tools,South,Wholesale,50,284.31,13504.72,2359.74
2023-10-15,Clothing,Jacket,East,Wholesale,38,71.67,2723.46,948.01
2023-10-15,Electronics,Tablet,Central,Wholesale,42,313.02,13146.84,3118.07
2023-10-15,Electronics,Smartwatch,North,Wholesale,49,108.98,6408.02,2114.92
2023-10-15,Electronics,Headphones,South,Wholesale,56,488.17,25970.64,11170.79
2023-10-15,Clothing,Dress,East,Direct,25,64.51,1612.75,613.69
2023-10-15,Sports,Tennis Racket,East,Wholesale,82,367.5,30135.0,5661.82
2023-10-15,Home & Garden,Garden Tools,Central,Retail,93,444.39,41328.27,13981.56
2023-10-15,Clothing,Dress,South,Wholesale,73,364.76,25296.11,9319.14
2023-10-15,Home & Garden,Lamp,Central,Wholesale,50,15.33,766.5,251.93
2023-10-15,Electronics,Smartphone,South,Wholesale,23,160.75,3512.39,1194.82
2023-10-15,Beauty,Makeup Palette,South,Direct,74,328.68,23106.2,7183.99
2023-10-15,Electronics,Tablet,North,Wholesale,13,45.6,711.36,182.76
2023-10-16,Clothing,Jacket,South,Direct,65,233.44,14414.92,2423.65
2023-10-16,Beauty,Skin Care Kit,East,Retail,90,448.8,40392.0,12564.81
2023-10-16,Home & Garden,Lamp,North,Wholesale,99,92.97,11044.84,1691.31
2023-10-16,Sports,Yoga Mat,North,Retail,42,192.67,9710.57,1884.09
2023-10-16,Beauty,Fragrance,Central,Retail,78,208.68,16277.04,5975.86
2023-10-16,Clothing,Jeans,West,Retail,33,433.13,15722.62,5413.81
2023-10-16,Clothing,Jeans,Central,Retail,62,21.85,1354.7,495.51
2023-10-16,Sports,Yoga Mat,West,Wholesale,14,202.29,3115.27,881.42
2023-10-16,Sports,Tennis Racket,West,Wholesale,89,28.2,2760.78,921.15
2023-10-16,Electronics,Smartphone,East,Direct,3,307.84,923.52,173.15
2023-10-17,Home & Garden,Cookware Set,Central,Wholesale,97,194.13,18830.61,2861.98
2023-10-17,Electronics,Tablet,South,Retail,6,271.45,1547.26,367.56
2023-10-17,Clothing,Jeans,East,Wholesale,93,280.0,26040.0,5044.17
2023-10-17,Sports,Tennis Racket,East,Wholesale,40,154.76,6190.4,1273.39
2023-10-17,Clothing,Jeans,East,Wholesale,28,456.22,12774.16,2794.62
2023-10-17,Beauty,Fragrance,West,Retail,96,127.1,13421.76,3023.46
2023-10-17,Electronics,Tablet,South,Direct,85,332.8,26873.6,12016.28
2023-10-17,Clothing,Dress,South,Retail,68,176.76,11418.7,2160.88
2023-10-17,Electronics,Laptop,West,Wholesale,70,303.32,23355.64,8295.51
2023-10-17,Electronics,Headphones,North,Retail,28,337.78,11349.41,2563.24
2023-10-17,Electronics,Smartwatch,North,Direct,44,128.73,6796.94,1085.34
2023-10-17,Beauty,Makeup Palette,South,Retail,71,142.36,9602.18,3738.98
2023-10-17,Home & Garden,Cookware Set,East,Retail,42,92.69,3892.98,1185.46
2023-10-17,Clothing,Jacket,Central,Wholesale,21,368.9,7746.9,1634.66
2023-10-17,Home & Garden,Lamp,South,Direct,61,478.29,27716.91,10423.28
2023-10-17,Home & Garden,Office Chair,North,Direct,87,422.95,44155.98,12854.9
2023-10-17,Sports,Running Shoes,South,Wholesale,13,39.49,487.7,77.8
2023-10-18,Sports,Dumbbell Set,East,Direct,17,440.2,7483.4,2874.22
2023-10-18,Electronics,Smartwatch,North,Retail,88,278.7,29430.72,4996.98
2023-10-18,Beauty,Makeup Palette,North,Wholesale,65,435.59,33976.02,12565.18
2023-10-18,Home & Garden,Cookware Set,North,Retail,94,330.82,37316.5,15438.93
2023-10-18,Home & Garden,Lamp,West,Retail,42,396.64,18324.77,2818.02
2023-10-18,Sports,Dumbbell Set,South,Retail,52,104.27,5150.94,1613.14
2023-10-18,Home & Garden,Bedding Set,West,Direct,49,273.8,14757.82,5908.73
2023-10-18,Clothing,T-Shirt,West,Wholesale,33,167.76,6089.69,2414.12
2023-10-18,Electronics,Laptop,East,Direct,9,476.58,4289.22,863.5
2023-10-18,Clothing,T-Shirt,South,Retail,89,493.96,41764.32,14311.2
2023-10-18,Electronics,Headphones,West,Wholesale,83,37.08,3385.4,821.38
2023-10-18,Beauty,Makeup Palette,Central,Retail,62,305.49,18940.38,6580.1
2023-10-18,Sports,Bike Helmet,North,Direct,56,476.9,32047.68,11765.58
2023-10-18,Sports,Yoga Mat,South,Retail,28,296.04,7874.66,2378.68
2023-10-18,Beauty,Face Serum,Central,Direct,78,293.47,22890.66,5415.34
2023-10-18,Clothing,T-Shirt,West,Wholesale,83,155.03,14154.24,2890.14
2023-10-18,Beauty,Skin Care Kit,North,Retail,26,181.85,5673.72,2328.45
2023-10-18,Beauty,Skin Care Kit,North,Direct,4,421.47,2023.06,573.47
2023-10-18,Sports,Tennis Racket,East,Retail,39,30.66,1195.74,459.77
2023-10-18,Home & Garden,Lamp,East,Wholesale,19,100.28,1905.32,578.67
2023-10-19,Beauty,Hair Dryer,West,Retail,89,23.4,2290.86,379.43
2023-10-19,Electronics,Smartphone,Central,Wholesale,96,451.14,43309.44,13548.76
2023-10-19,Sports,Yoga Mat,Central,Retail,11,355.19,3907.09,1496.86
2023-10-19,Electronics,Smartphone,West,Retail,34,379.8,14204.52,4179.05
2023-10-19,Home & Garden,Bedding Set,North,Wholesale,26,132.23,4125.58,1030.16
2023-10-19,Electronics,Laptop,West,Wholesale,14,459.68,7079.07,2650.86
2023-10-19,Beauty,Hair Dryer,West,Direct,66,280.39,20356.31,6326.99
2023-10-19,Home & Garden,Bedding Set,East,Retail,31,174.82,5419.42,2115.37
2023-10-19,Electronics,Laptop,East,Direct,43,280.48,12060.64,1931.81
2023-10-19,Electronics,Headphones,Central,Wholesale,30,44.9,1347.0,470.83
2023-10-19,Beauty,Hair Dryer,North,Wholesale,89,446.02,47634.94,13620.6
2023-10-19,Clothing,Sneakers,West,Retail,57,214.42,13444.13,2929.45
2023-10-19,Sports,Bike Helmet,West,Direct,55,31.86,1927.53,512.66
2023-10-19,Home & Garden,Bedding Set,North,Retail,80,387.68,37217.28,15681.19
2023-10-19,Sports,Running Shoes,West,Retail,59,164.49,10675.4,2369.63
2023-10-19,Home & Garden,Bedding Set,East,Retail,89,273.85,24372.65,10321.85
2023-10-19,Home & Garden,Office Chair,West,Retail,75,283.44,23383.8,9052.59
2023-10-19,Beauty,Makeup Palette,East,Wholesale,28,310.45,8692.6,1411.33
2023-10-19,Electronics,Tablet,South,Direct,33,499.59,15662.15,6566.96
2023-10-19,Clothing,Sneakers,East,Direct,64,329.45,21084.8,4623.38
2023-10-19,Sports,Dumbbell Set,North,Wholesale,62,26.76,1990.94,806.18
2023-10-19,Beauty,Hair Dryer,Central,Direct,51,119.83,6111.33,1937.94
2023-10-19,Clothing,Jeans,East,Direct,27,481.68,13005.36,5562.39
2023-10-19,Beauty,Hair Dryer,North,Direct,58,457.94,31872.62,11534.17
2023-10-20,Electronics,Tablet,North,Wholesale,63,103.89,7854.08,1253.08
2023-10-20,Sports,Tennis Racket,South,Wholesale,74,369.84,25999.75,6591.53
2023-10-20,Home & Garden,Bedding Set,North,Retail,37,64.52,2864.69,481.27
2023-10-20,Sports,Running Shoes,North,Direct,63,184.03,13912.67,3604.55
2023-10-20,Electronics,Tablet,West,Wholesale,72,387.71,30706.63,8173.57
2023-10-20,Clothing,T-Shirt,West,Retail,29,493.38,15738.82,4965.98
2023-10-20,Beauty,Makeup Palette,North,Direct,31,253.37,9425.36,1697.92
2023-10-20,Home & Garden,Office Chair,East,Wholesale,77,196.93,15163.61,5235.82
2023-10-20,Beauty,Hair Dryer,West,Wholesale,20,381.27,8387.94,2897.96
2023-10-20,Sports,Bike Helmet,North,Retail,70,140.03,11762.52,4783.37
2023-10-20,Home & Garden,Cookware Set,East,Wholesale,64,443.22,28366.08,10129.92
2023-10-20,Beauty,Hair Dryer,Central,Direct,79,205.2,16210.8,6703.95
2023-10-20,Sports,Dumbbell Set,Central,Direct,20,449.1,8982.0,2357.33
2023-10-20,Home & Garden,Bedding Set,South,Wholesale,47,336.8,15038.12,3507.97
2023-10-20,Beauty,Face Serum,North,Wholesale,5,286.52,1719.12,573.39
2023-10-20,Sports,Dumbbell Set,North,Wholesale,90,113.71,12280.68,3772.76
2023-10-20,Home & Garden,Lamp,West,Direct,10,353.99,3893.89,1006.26
2023-10-20,Clothing,Jeans,South,Wholesale,81,281.15,21634.49,5372.09
2023-10-20,Beauty,Skin Care Kit,North,Wholesale,21,149.9,3777.48,1239.36
2023-10-20,Electronics,Smartwatch,South,Direct,35,228.98,7613.58,3327.92
2023-10-20,Electronics,Smartwatch,North,Retail,63,64.53,4878.47,1279.63
2023-10-20,Home & Garden,Cookware Set,Central,Direct,78,316.43,24681.54,7412.55
2023-10-20,Beauty,Makeup Palette,North,Wholesale,81,191.86,18648.79,5249.9
2023-10-20,Home & Garden,Lamp,West,Wholesale,64,389.1,27392.64,8069.23
2023-10-20,Sports,Tennis Racket,North,Direct,20,244.84,5876.16,2493.16
2023-10-20,Electronics,Laptop,North,Wholesale,69,442.09,36605.05,7452.64
2023-10-21,Home & Garden,Office Chair,North,Direct,60,307.02,22105.44,5039.92
2023-10-21,Beauty,Face Serum,South,Direct,64,497.15,30226.72,4880.22
2023-10-21,Clothing,T-Shirt,South,Retail,24,39.22,894.22,181.36
2023-10-21,Clothing,Dress,Central,Wholesale,88,231.1,20336.8,3056.49
2023-10-21,Electronics,Laptop,Central,Wholesale,97,49.45,4796.65,1100.59
2023-10-21,Electronics,Tablet,North,Retail,12,55.43,798.19,348.48
2023-10-21,Home & Garden,Office Chair,South,Retail,97,436.23,40198.59,
2023-10-21,Electronics,Tablet,East,Wholesale,67,300.15,20110.05,3027.16
2023-10-21,Sports,Dumbbell Set,North,Direct,48,423.1,24370.56,7354.94
2023-10-21,Home & Garden,Bedding Set,West,Direct,84,299.82,27703.37,5708.92
2023-10-21,Beauty,Face Serum,East,Wholesale,93,140.3,13047.9,2979.25
2023-10-21,Electronics,Tablet,North,Wholesale,65,177.01,13806.78,2703.72
2023-10-21,Electronics,Smartphone,Central,Direct,45,458.36,20626.2,3282.56
2023-10-21,Clothing,Sneakers,South,Direct,16,83.06,1262.51,429.69
2023-10-21,Sports,Running Shoes,South,Direct,15,317.68,4526.94,1521.79
2023-10-22,Clothing,Sneakers,West,Wholesale,81,165.42,14738.92,5802.34
2023-10-22,Clothing,Sneakers,East,Retail,55,244.81,13464.55,4079.21
2023-10-22,Clothing,Jeans,East,Retail,23,181.56,4175.88,877.75
2023-10-22,Beauty,Face Serum,North,Wholesale,73,352.63,30890.39,6438.02
2023-10-22,Electronics,Headphones,East,Wholesale,14,224.46,3142.44,1006.97
2023-10-22,Electronics,Laptop,North,Wholesale,4,498.26,2391.65,791.08
2023-10-22,Beauty,Fragrance,Central,Wholesale,91,121.08,11018.28,4543.33
2023-10-22,Clothing,Dress,East,Wholesale,94,67.4,6335.6,1217.24
2023-10-22,Electronics,Tablet,South,Wholesale,18,442.84,7572.56,1394.05
2023-10-22,Beauty,Fragrance,North,Retail,14,325.03,5460.5,874.06
2023-10-23,Clothing,Jeans,North,Wholesale,88,189.99,20062.94,8436.65
2023-10-23,Electronics,Tablet,East,Direct,22,327.03,7194.66,1174.81
2023-10-23,Home & Garden,Garden Tools,West,Retail,4,97.99,431.16,94.91
2023-10-23,Clothing,Jacket,South,Wholesale,10,218.93,2079.84,595.89
2023-10-23,Sports,Dumbbell Set,West,Direct,4,346.38,1524.07,486.17
2023-10-23,Clothing,Sneakers,North,Retail,17,108.09,2205.04,425.49
2023-10-23,Sports,Dumbbell Set,South,Direct,10,57.32,544.54,191.62
2023-10-23,Home & Garden,Office Chair,North,Direct,59,448.17,31730.44,12123.95
2023-10-23,Sports,Tennis Racket,South,Wholesale,44,262.09,10955.36,4471.32
2023-10-23,Clothing,Jeans,West,Retail,54,296.95,17638.83,6902.96
2023-10-23,Sports,Dumbbell Set,South,Retail,18,19.96,341.32,107.53
2023-10-23,Electronics,Smartwatch,Central,Wholesale,35,422.33,14781.55,6045.73
2023-10-23,Electronics,Smartphone,North,Direct,57,22.32,1526.69,398.94
2023-10-23,Sports,Running Shoes,West,Wholesale,89,376.4,36849.56,14869.21
2023-10-23,Sports,Dumbbell Set,East,Direct,29,472.55,13703.95,5847.13
2023-10-23,Beauty,Skin Care Kit,South,Retail,25,444.85,10565.19,4219.76
2023-10-23,Home & Garden,Garden Tools,East,Wholesale,39,89.5,3490.5,1186.45
2023-10-23,Clothing,Jeans,North,Retail,54,426.1,27611.28,9000.33
2023-10-24,Sports,Dumbbell Set,West,Wholesale,51,132.45,7430.45,2708.26
2023-10-24,Home & Garden,Garden Tools,West,Retail,41,306.34,13815.93,4295.28
2023-10-24,Home & Garden,Office Chair,Central,Retail,82,330.72,27119.04,6300.62
2023-10-24,Beauty,Hair Dryer,North,Wholesale,36,168.86,7294.75,3084.22
2023-10-24,Clothing,Jeans,East,Wholesale,80,492.25,39380.0,7130.44
2023-10-24,Home & Garden,Cookware Set,Central,Wholesale,23,33.77,776.71,286.45
2023-10-24,Clothing,T-Shirt,South,Direct,35,354.82,11797.76,2808.09
2023-10-24,Clothing,T-Shirt,West,Retail,35,260.08,10013.08,2432.35
2023-10-24,Clothing,T-Shirt,North,Direct,6,212.24,1528.13,476.78
2023-10-24,Sports,Dumbbell Set,Central,Retail,21,75.56,1586.76,292.58
2023-10-24,Home & Garden,Office Chair,West,Wholesale,6,67.86,447.88,78.77
2023-10-24,Beauty,Skin Care Kit,West,Retail,60,95.56,6306.96,
2023-10-24,Clothing,T-Shirt,West,Retail,23,35.31,893.34,392.88
2023-10-24,Clothing,Jacket,South,Retail,84,114.15,9109.17,2252.1
2023-10-24,Home & Garden,Cookware Set,West,Wholesale,83,149.4,13640.22,3155.38
2023-10-25,Clothing,Jeans,West,Retail,63,284.31,19702.68,5533.3
2023-10-25,Sports,Bike Helmet,West,Wholesale,35,55.09,2120.97,326.44
2023-10-25,Home & Garden,Cookware Set,Central,Direct,3,387.84,1163.52,332.34
2023-10-25,Home & Garden,Garden Tools,South,Wholesale,11,265.46,2774.06,1004.69
2023-10-25,Clothing,Sneakers,Central,Wholesale,69,322.31,22239.39,8900.63
2023-10-25,Sports,Yoga Mat,Central,Wholesale,54,411.05,22196.7,8802.65
2023-10-25,Sports,Running Shoes,South,Wholesale,71,496.45,33485.55,13350.13
2023-10-25,Home & Garden,Cookware Set,East,Retail,31,226.91,7034.21,1413.14
2023-10-25,Sports,Running Shoes,South,Retail,58,465.25,25635.27,4099.12
2023-10-25,Sports,Running Shoes,North,Wholesale,20,35.3,847.2,356.38
2023-10-25,Sports,Bike Helmet,South,Wholesale,57,90.31,4890.29,759.15
2023-10-25,Sports,Yoga Mat,Central,Retail,84,464.2,38992.8,6316.85
2023-10-25,Beauty,Skin Care Kit,West,Direct,78,422.88,36283.1,9978.61
2023-10-25,Home & Garden,Cookware Set,Central,Direct,36,420.77,15147.72,3704.53
2023-10-25,Beauty,Makeup Palette,North,Retail,69,200.75,16622.1,4031.09
2023-10-25,Sports,Dumbbell Set,South,Wholesale,46,368.28,16093.84,3338.41
2023-10-25,Clothing,Sneakers,West,Direct,39,413.22,17727.14,6345.11
2023-10-25,Home & Garden,Lamp,East,Direct,62,326.5,20243.0,5625.6
2023-10-25,Beauty,Hair Dryer,Central,Wholesale,74,451.06,33378.44,13880.27
2023-10-26,Home & Garden,Office Chair,East,Wholesale,87,444.62,38681.94,17004.95
2023-10-26,Electronics,Headphones,North,Retail,44,111.1,5866.08,1134.0
2023-10-26,Sports,Dumbbell Set,North,Direct,39,301.88,14127.98,2507.03
2023-10-26,Clothing,Jacket,Central,Wholesale,21,281.35,5908.35,2342.13
2023-10-26,Electronics,Smartwatch,South,Direct,68,427.94,27644.92,10039.48
2023-10-26,Home & Garden,Bedding Set,East,Retail,29,448.22,12998.38,5328.88
2023-10-26,Beauty,Hair Dryer,West,Wholesale,77,195.86,16589.34,5969.12
2023-10-26,Beauty,Makeup Palette,East,Wholesale,80,397.37,31789.6,9282.92
2023-10-26,Home & Garden,Cookware Set,North,Retail,92,161.94,17878.18,5468.12
2023-10-26,Clothing,Dress,Central,Retail,14,335.93,4703.02,1052.75
2023-10-26,Electronics,Headphones,South,Retail,50,164.04,7791.9,1417.43
2023-10-26,Home & Garden,Lamp,Central,Wholesale,25,417.13,10428.25,2004.67
2023-10-26,Beauty,Hair Dryer,East,Retail,55,79.42,4368.1,795.47
2023-10-26,Electronics,Tablet,West,Retail,33,262.4,9525.12,3731.45
2023-10-26,Sports,Bike Helmet,West,Retail,48,485.38,25628.06,10614.38
2023-10-26,Home & Garden,Lamp,Central,Direct,39,471.27,18379.53,5975.77
2023-10-26,Electronics,Smartphone,Central,Wholesale,30,329.72,9891.6,
2023-10-26,Electronics,Smartwatch,East,Direct,56,354.48,19850.88,7665.2
2023-10-26,Home & Garden,Garden Tools,West,Retail,97,312.08,33298.94,8016.62
2023-10-26,Clothing,Sneakers,West,Direct,93,44.43,4545.19,853.17
2023-10-27,Electronics,Tablet,South,Retail,67,359.65,22891.72,8705.31
2023-10-27,Beauty,Face Serum,West,Wholesale,90,179.17,17737.83,6980.71
2023-10-27,Beauty,Hair Dryer,North,Wholesale,57,143.57,9820.19,1761.19
2023-10-27,Electronics,Tablet,North,Direct,46,485.23,26784.7,9824.53
2023-10-27,Beauty,Skin Care Kit,Central,Direct,21,293.22,6157.62,1621.78
2023-10-27,Home & Garden,Cookware Set,West,Direct,56,222.86,13728.18,5813.24
2023-10-27,Beauty,Face Serum,North,Retail,16,374.18,7184.26,1420.23
2023-10-27,Electronics,Laptop,Central,Retail,29,223.64,6485.56,979.11
2023-10-27,Clothing,Sneakers,South,Direct,92,150.65,13166.81,3470.28
2023-10-27,Home & Garden,Office Chair,West,Direct,33,71.83,2607.43,842.36
2023-10-27,Beauty,Hair Dryer,East,Retail,48,112.28,5389.44,2003.11
2023-10-27,Clothing,Jacket,East,Retail,51,129.54,6606.54,1980.07
2023-10-27,Sports,Tennis Racket,East,Wholesale,4,429.68,1718.72,417.25
2023-10-27,Beauty,Hair Dryer,East,Wholesale,89,247.65,22040.85,5796.53
2023-10-27,Home & Garden,Cookware Set,East,Retail,51,275.79,14065.29,2685.01
2023-10-27,Clothing,Jacket,West,Retail,79,421.57,36634.43,12588.34
2023-10-28,Clothing,Dress,South,Wholesale,92,162.74,14223.48,6379.87
2023-10-28,Home & Garden,Lamp,North,Retail,12,404.91,5830.7,1056.19
2023-10-28,Clothing,Jeans,North,Wholesale,14,27.44,460.99,139.35
2023-10-28,Clothing,Sneakers,East,Retail,78,391.23,30515.94,11803.02
2023-10-28,Beauty,Fragrance,East,Retail,86,334.65,28779.9,12155.42
2023-10-28,Electronics,Smartphone,West,Direct,54,74.49,4424.71,1282.9
2023-10-28,Electronics,Headphones,West,Retail,30,95.1,3138.3,955.55
2023-10-28,Home & Garden,Bedding Set,South,Retail,44,446.45,18661.61,3770.49
2023-10-28,Electronics,Laptop,North,Direct,73,41.27,3615.25,1382.39
2023-10-28,Electronics,Tablet,West,Wholesale,3,375.38,1238.75,252.74
2023-10-28,Clothing,T-Shirt,South,Direct,69,110.28,7228.85,3173.01
2023-10-28,Home & Garden,Bedding Set,South,Retail,62,28.24,1663.34,331.48
2023-10-28,Beauty,Skin Care Kit,Central,Direct,79,355.38,28075.02,7489.78
2023-10-28,Electronics,Headphones,Central,Direct,82,434.18,35602.76,15519.0
2023-10-29,Home & Garden,Lamp,West,Wholesale,82,347.36,31331.87,11246.16
2023-10-29,Sports,Dumbbell Set,North,Wholesale,5,280.56,1683.36,707.82
2023-10-29,Home & Garden,Office Chair,South,Direct,96,124.82,11383.58,4994.11
2023-10-29,Clothing,Jacket,South,Direct,34,394.89,12754.95,5375.06
2023-10-29,Clothing,Jeans,North,Retail,91,460.74,50312.81,12160.05
2023-10-29,Sports,Dumbbell Set,West,Wholesale,53,127.41,7428.0,2437.61
2023-10-29,Sports,Dumbbell Set,West,Wholesale,25,229.92,6322.8,1937.2
2023-10-29,Home & Garden,Garden Tools,North,Retail,96,342.05,39404.16,
2023-10-29,Electronics,Tablet,East,Direct,89,414.29,36871.81,13813.22
2023-10-29,Electronics,Laptop,South,Wholesale,10,271.97,2583.72,436.39
2023-10-29,Clothing,Jeans,Central,Direct,54,264.9,14304.6,6291.94
2023-10-29,Beauty,Fragrance,Central,Retail,30,427.95,12838.5,3461.29
2023-10-29,Clothing,Jacket,East,Retail,16,388.76,6220.16,2426.66
2023-10-29,Beauty,Fragrance,South,Direct,8,494.76,3760.18,1144.34
2023-10-29,Electronics,Laptop,South,Direct,60,137.33,7827.81,2377.06
2023-10-30,Home & Garden,Garden Tools,East,Wholesale,34,331.5,11271.0,4910.28
2023-10-30,Beauty,Hair Dryer,Central,Retail,66,228.32,15069.12,2458.61
2023-10-30,Beauty,Face Serum,South,Retail,17,386.27,6238.26,2215.43
2023-10-30,Clothing,Jacket,West,Direct,96,58.46,6173.38,2449.54
2023-10-30,Clothing,Sneakers,East,Wholesale,9,29.96,269.64,105.94
2023-10-30,Beauty,Face Serum,Central,Retail,58,68.67,3982.86,
2023-10-30,Clothing,T-Shirt,North,Wholesale,62,13.56,1008.86,204.98
2023-10-30,Sports,Bike Helmet,Central,Retail,39,238.98,9320.22,3667.83
2023-10-30,Clothing,Jacket,South,Retail,51,248.47,12038.37,3279.57
2023-10-30,Sports,Yoga Mat,South,Wholesale,87,75.99,6280.57,1135.55
2023-10-30,Home & Garden,Cookware Set,South,Retail,30,342.58,9763.53,2406.52
2023-10-30,Sports,Yoga Mat,West,Direct,12,187.23,2471.44,
2023-10-30,Sports,Running Shoes,West,Direct,11,363.44,4397.62,816.74
2023-10-30,Electronics,Laptop,South,Wholesale,32,345.17,10493.17,1669.69
2023-10-31,Clothing,Sneakers,West,Retail,59,194.27,12608.12,5142.1
2023-10-31,Beauty,Hair Dryer,South,Direct,41,72.85,2837.51,1049.16
2023-10-31,Electronics,Tablet,Central,Wholesale,55,82.72,4549.6,1167.17
2023-10-31,Electronics,Headphones,West,Direct,74,332.78,27088.29,8454.42
2023-10-31,Electronics,Smartwatch,North,Retail,19,363.16,8280.05,1998.61
2023-10-31,Electronics,Smartphone,West,Retail,5,475.78,2616.79,714.7
2023-10-31,Sports,Tennis Racket,North,Direct,74,247.06,21938.93,9273.1
2023-10-31,Clothing,Jacket,Central,Wholesale,79,24.38,1926.02,408.13
2023-10-31,Beauty,Face Serum,North,Retail,51,49.29,3016.55,1309.97
2023-10-31,Sports,Running Shoes,South,Wholesale,14,242.86,3230.04,1332.15
2023-10-31,Home & Garden,Lamp,West,Retail,14,125.25,1928.85,714.36
2023-10-31,Beauty,Skin Care Kit,Central,Wholesale,72,459.77,33103.44,8088.65
2023-10-31,Beauty,Skin Care Kit,North,Retail,84,281.14,28338.91,8419.37
2023-10-31,Home & Garden,Garden Tools,South,Wholesale,52,81.13,4007.82,1532.47
2023-11-01,Home & Garden,Cookware Set,East,Direct,93,30.98,2881.14,534.33
2023-11-01,Electronics,Tablet,South,Retail,50,391.95,18617.62,4384.09
2023-11-01,Clothing,Dress,South,Direct,42,478.79,19103.72,8488.67
2023-11-01,Clothing,Jacket,South,Retail,62,248.26,14622.51,2218.35
2023-11-01,Clothing,T-Shirt,West,Direct,46,476.34,24102.8,5830.94
2023-11-01,Clothing,T-Shirt,North,Wholesale,59,86.47,6122.08,1660.69
2023-11-01,Sports,Tennis Racket,East,Direct,72,188.94,13603.68,5282.08
2023-11-01,Sports,Tennis Racket,West,Retail,82,387.88,34986.78,8851.93
2023-11-01,Clothing,Jeans,North,Retail,32,412.69,15847.3,4305.69
2023-11-01,Beauty,Hair Dryer,Central,Direct,56,335.5,18788.0,3203.12
2023-11-01,Home & Garden,Bedding Set,East,Wholesale,35,366.48,12826.8,2700.19
2023-11-01,Clothing,Dress,Central,Retail,26,365.59,9505.34,2067.05
2023-11-01,Clothing,Sneakers,North,Wholesale,92,312.35,34483.44,10949.43
2023-11-01,Home & Garden,Cookware Set,Central,Retail,41,497.97,20416.77,7070.45
2023-11-01,Clothing,Jacket,North,Wholesale,25,73.67,2210.1,920.7
2023-11-02,Electronics,Smartwatch,West,Retail,2,364.0,800.8,
2023-11-02,Beauty,Makeup Palette,Central,Retail,96,366.03,35138.88,14604.57
2023-11-02,Clothing,Jeans,East,Retail,93,196.44,18268.92,7075.42
2023-11-02,Beauty,Hair Dryer,North,Direct,25,110.33,3309.9,602.7
2023-11-02,Home & Garden,Garden Tools,West,Retail,93,32.54,3328.84,1373.47
2023-11-02,Electronics,Tablet,West,Direct,22,126.78,3068.08,1142.86
2023-11-02,Clothing,Dress,Central,Retail,82,229.3,18802.6,3776.84
2023-11-02,Clothing,Jeans,Central,Direct,80,336.67,26933.6,11676.71
2023-11-02,Sports,Running Shoes,Central,Wholesale,96,301.84,28976.64,10257.48
2023-11-02,Clothing,Jacket,Central,Retail,95,122.63,11649.85,3731.51
2023-11-02,Beauty,Fragrance,East,Retail,66,470.9,31079.4,11437.03
2023-11-02,Electronics,Smartwatch,Central,Wholesale,36,310.0,11160.0,4905.15
2023-11-02,Electronics,Laptop,Central,Direct,7,267.36,1871.52,715.06
2023-11-02,Beauty,Skin Care Kit,Central,Direct,75,165.33,12399.75,4115.71
2023-11-03,Electronics,Tablet,East,Retail,26,95.01,2470.26,483.83
2023-11-03,Home & Garden,Cookware Set,Central,Direct,85,79.3,6740.5,
2023-11-03,Home & Garden,Garden Tools,North,Retail,1,432.24,518.69,229.99
2023-11-03,Beauty,Face Serum,East,Retail,98,472.75,46329.5,16796.93
2023-11-03,Beauty,Makeup Palette,Central,Direct,9,95.5,859.5,167.96
2023-11-03,Beauty,Skin Care Kit,East,Direct,36,234.86,8454.96,
2023-11-03,Clothing,Jeans,West,Retail,38,99.72,4168.3,1133.66
2023-11-03,Home & Garden,Office Chair,East,Wholesale,43,365.03,15696.29,3676.17
2023-11-03,Electronics,Laptop,West,Direct,36,119.98,4751.21,1175.35
2023-11-03,Electronics,Smartphone,West,Retail,78,457.42,39246.64,6929.47
2023-11-03,Electronics,Laptop,Central,Retail,64,434.66,27818.24,4721.04
2023-11-03,Sports,Yoga Mat,East,Retail,1,409.4,409.4,182.19
2023-11-03,Clothing,Jeans,North,Retail,14,52.43,880.82,370.74
2023-11-03,Sports,Bike Helmet,West,Retail,56,208.91,12868.86,3177.21
2023-11-03,Sports,Tennis Racket,North,Wholesale,1,286.09,343.31,119.49
2023-11-03,Home & Garden,Lamp,East,Wholesale,31,168.11,5211.41,1484.94
2023-11-03,Clothing,Dress,West,Direct,68,370.72,27729.86,9397.33
2023-11-03,Beauty,Skin Care Kit,East,Wholesale,55,125.66,6911.3,1187.89
2023-11-03,Home & Garden,Lamp,Central,Wholesale,88,353.58,31115.04,7457.0
2023-11-03,Electronics,Headphones,West,Direct,31,20.56,701.1,127.48
2023-11-03,Electronics,Smartwatch,West,Direct,90,143.87,14243.13,2561.96
2023-11-03,Electronics,Smartwatch,West,Retail,53,211.18,12311.79,3763.94
2023-11-03,Clothing,Jacket,South,Wholesale,90,333.53,28516.81,12559.12
2023-11-03,Home & Garden,Office Chair,South,Wholesale,41,14.29,556.6,173.06
2023-11-03,Sports,Yoga Mat,South,Direct,2,482.86,917.43,397.28
2023-11-04,Electronics,Smartwatch,East,Retail,29,84.34,2445.86,1025.19
2023-11-04,Beauty,Face Serum,East,Direct,28,195.63,5477.64,1779.17
2023-11-04,Home & Garden,Garden Tools,North,Retail,53,111.5,7091.4,2727.46
2023-11-04,Sports,Bike Helmet,East,Wholesale,6,143.69,862.14,386.69
2023-11-04,Clothing,T-Shirt,Central,Retail,48,283.11,13589.28,3986.6
2023-11-04,Beauty,Face Serum,West,Wholesale,99,316.0,34412.4,13504.15
2023-11-04,Home & Garden,Bedding Set,North,Retail,31,498.41,18540.85,3965.3
2023-11-04,Clothing,Jacket,South,Wholesale,74,64.02,4500.61,1265.24
2023-11-04,Home & Garden,Lamp,North,Wholesale,98,29.54,3473.9,683.87
2023-11-04,Clothing,Jeans,West,Retail,65,438.25,31334.88,8840.46
2023-11-04,Beauty,Skin Care Kit,Central,Wholesale,36,163.65,5891.4,2326.81
2023-11-04,Beauty,Makeup Palette,East,Wholesale,80,185.44,14835.2,3279.45
2023-11-04,Sports,Dumbbell Set,West,Retail,81,250.22,22294.6,5586.2
2023-11-04,Beauty,Face Serum,Central,Direct,51,456.86,23299.86,9706.19
2023-11-04,Clothing,Jacket,South,Retail,31,342.35,10082.21,2881.96
2023-11-04,Home & Garden,Cookware Set,West,Wholesale,56,231.43,14256.09,3128.09
2023-11-04,Clothing,Dress,South,Wholesale,93,297.43,26277.94,9329.88
2023-11-04,Clothing,Sneakers,South,Direct,8,217.48,1652.85,419.26
2023-11-04,Clothing,Dress,South,Wholesale,93,297.43,26277.94,9329.88
2023-11-05,Home & Garden,Garden Tools,East,Wholesale,1,98.89,98.89,19.08
2023-11-05,Sports,Yoga Mat,West,Direct,79,308.33,26793.88,6505.21
2023-11-05,Clothing,Dress,South,Direct,94,409.47,36565.67,6620.81
2023-11-05,Beauty,Fragrance,North,Direct,61,347.61,25445.05,7947.06
2023-11-05,Clothing,T-Shirt,South,Direct,13,369.07,4558.01,1776.81
2023-11-05,Clothing,Dress,Central,Retail,41,352.66,14459.06,3121.12
2023-11-05,Electronics,Smartwatch,West,Direct,37,433.39,17638.97,7749.27
2023-11-05,Sports,Tennis Racket,Central,Direct,47,260.79,12257.13,3279.3
2023-11-05,Sports,Tennis Racket,South,Direct,18,153.76,2629.3,573.78
2023-11-05,Electronics,Smartphone,East,Direct,55,209.11,11501.05,4791.12
2023-11-05,Beauty,Makeup Palette,East,Retail,44,207.46,9128.24,2879.27
2023-11-05,Clothing,Jacket,North,Retail,89,356.72,38097.7,11774.85
2023-11-05,Clothing,Jacket,West,Wholesale,26,237.92,6804.51,1330.96
2023-11-05,Home & Garden,Cookware Set,East,Wholesale,92,448.64,41274.88,12929.12
2023-11-05,Home & Garden,Garden Tools,Central,Wholesale,63,289.98,18268.74,6557.16
2023-11-05,Electronics,Smartphone,East,Direct,46,354.78,16319.88,6057.44
2023-11-06,Beauty,Fragrance,Central,Direct,6,366.35,2198.1,928.97
2023-11-06,Beauty,Hair Dryer,West,Wholesale,92,430.75,43591.9,8370.16
2023-11-06,Clothing,Dress,South,Direct,79,460.8,34583.04,14917.24
2023-11-06,Electronics,Smartphone,East,Direct,67,134.86,9035.62,1623.25
2023-11-06,Home & Garden,Bedding Set,South,Wholesale,87,482.51,39879.45,10154.89
2023-11-06,Clothing,Jacket,West,Retail,91,438.3,43873.83,15545.21
2023-11-06,Home & Garden,Cookware Set,Central,Retail,2,210.94,421.88,142.74
2023-11-06,Electronics,Tablet,South,Direct,84,393.58,31407.68,6812.36
2023-11-06,Home & Garden,Garden Tools,East,Retail,55,376.41,20702.55,3897.1
2023-11-06,Beauty,Hair Dryer,South,Retail,26,154.75,3822.32,1404.07
2023-11-06,Electronics,Laptop,Central,Retail,11,113.98,1253.78,525.28
2023-11-06,Beauty,Makeup Palette,South,Retail,46,154.42,6748.15,2718.11
2023-11-06,Home & Garden,Bedding Set,East,Direct,73,160.68,11729.64,3859.53
2023-11-06,Home & Garden,Bedding Set,Central,Wholesale,51,212.83,10854.33,3358.79
2023-11-06,Electronics,Tablet,West,Wholesale,67,108.08,7965.5,2849.01
2023-11-06,Home & Garden,Cookware Set,West,Direct,50,487.55,26815.25,11879.82
2023-11-06,Home & Garden,Bedding Set,North,Retail,71,106.24,9051.65,3209.7
2023-11-07,Beauty,Hair Dryer,Central,Retail,65,117.45,7634.25,2909.41
2023-11-07,Electronics,Laptop,West,Retail,8,422.1,3714.48,1293.48
2023-11-07,Sports,Running Shoes,South,Retail,51,478.69,23192.53,7747.08
2023-11-07,Clothing,Sneakers,Central,Retail,93,64.55,6003.15,1532.92
2023-11-07,Electronics,Smartwatch,South,Wholesale,4,328.7,1249.06,334.51
2023-11-07,Clothing,Sneakers,East,Wholesale,88,116.0,10208.0,2476.85
2023-11-07,Beauty,Makeup Palette,West,Direct,60,204.31,13484.46,4593.39
2023-11-07,Beauty,Makeup Palette,Central,Wholesale,13,262.84,3416.92,926.96
2023-11-07,Home & Garden,Bedding Set,Central,Wholesale,56,116.79,6540.24,2749.6
2023-11-07,Clothing,T-Shirt,East,Direct,84,152.64,12821.76,3343.22
2023-11-07,Electronics,Tablet,East,Direct,9,149.6,1346.4,508.09
2023-11-07,Electronics,Smartphone,South,Direct,91,149.3,12906.99,4554.35
2023-11-07,Electronics,Laptop,South,Wholesale,93,236.02,20852.37,8875.92
2023-11-07,Beauty,Hair Dryer,South,Direct,50,497.12,23613.2,8902.75
2023-11-07,Clothing,Sneakers,North,Wholesale,28,266.56,8956.42,1877.91
2023-11-07,Electronics,Tablet,East,Direct,85,461.06,39190.1,11370.47
2023-11-07,Electronics,Tablet,East,Direct,51,132.75,6770.25,2077.47
2023-11-07,Home & Garden,Cookware Set,North,Wholesale,90,143.79,15529.32,2940.3
2023-11-08,Beauty,Face Serum,East,Direct,31,157.86,4893.66,944.37
2023-11-08,Electronics,Laptop,East,Retail,22,442.88,9743.36,3940.57
2023-11-08,Beauty,Makeup Palette,Central,Wholesale,57,49.93,2846.01,796.68
2023-11-08,Sports,Yoga Mat,North,Wholesale,36,369.3,15953.76,2772.82
2023-11-08,Clothing,Jacket,South,Direct,33,416.43,13055.08,3712.2
2023-11-08,Sports,Dumbbell Set,Central,Retail,64,375.67,24042.88,5345.36
2023-11-08,Sports,Dumbbell Set,West,Direct,51,264.91,14861.45,4126.99
2023-11-08,Electronics,Laptop,Central,Wholesale,62,34.37,2130.94,490.55
2023-11-08,Clothing,Jacket,North,Wholesale,85,366.26,37358.52,16122.88
2023-11-08,Beauty,Hair Dryer,Central,Retail,22,115.69,2545.18,854.58
2023-11-08,Clothing,Jacket,East,Direct,90,325.88,29329.2,6822.57
2023-11-09,Home & Garden,Lamp,Central,Direct,89,353.28,31441.92,5614.67
2023-11-09,Home & Garden,Garden Tools,Central,Wholesale,11,386.64,4253.04,658.71
2023-11-09,Sports,Yoga Mat,Central,Direct,65,316.72,20586.8,9045.32
2023-11-09,Sports,Dumbbell Set,East,Direct,24,295.24,7085.76,2397.26
2023-11-09,Electronics,Laptop,Central,Retail,84,253.1,21260.4,4056.2
2023-11-09,Home & Garden,Lamp,South,Wholesale,38,285.17,10294.64,4188.32
2023-11-09,Beauty,Hair Dryer,Central,Retail,86,492.63,42366.18,18640.06
2023-11-09,Sports,Running Shoes,North,Direct,17,39.13,798.25,267.45
2023-11-09,Sports,Yoga Mat,North,Direct,20,482.93,11590.32,4719.47
2023-11-09,Beauty,Face Serum,South,Wholesale,29,158.85,4376.32,1963.57
2023-11-09,Sports,Running Shoes,North,Wholesale,71,478.73,40787.8,9418.52
2023-11-09,Electronics,Tablet,West,Direct,65,100.97,7219.36,2985.38
2023-11-09,Electronics,Headphones,Central,Wholesale,43,257.48,11071.64,3338.49
2023-11-10,Clothing,Dress,Central,Retail,4,454.4,1817.6,595.39
2023-11-10,Beauty,Face Serum,West,Wholesale,75,60.13,4960.73,1505.35
2023-11-10,Sports,Dumbbell Set,Central,Retail,12,204.42,2453.04,737.51
2023-11-10,Beauty,Hair Dryer,East,Retail,11,128.82,1417.02,477.42
2023-11-10,Clothing,Sneakers,South,Retail,50,183.06,8695.35,3573.66
2023-11-10,Sports,Yoga Mat,West,Wholesale,75,284.22,23448.15,5169.61
2023-11-10,Home & Garden,Lamp,Central,Retail,46,312.96,14396.16,2356.15
2023-11-10,Beauty,Fragrance,South,Direct,24,82.16,1873.25,757.02
2023-11-10,Sports,Tennis Racket,West,Retail,17,351.48,6572.68,2195.93
2023-11-10,Home & Garden,Bedding Set,East,Direct,9,172.4,1551.6,276.5
2023-11-11,Home & Garden,Lamp,Central,Retail,2,337.25,674.5,213.4
2023-11-11,Home & Garden,Bedding Set,North,Retail,86,461.18,47593.78,16036.56
2023-11-11,Home & Garden,Cookware Set,South,Retail,27,278.07,7132.5,2640.18
2023-11-11,Home & Garden,Cookware Set,North,Direct,69,99.84,8266.75,3048.79
2023-11-11,Home & Garden,Cookware Set,South,Retail,54,52.22,2678.89,864.42
2023-11-11,Clothing,Jacket,East,Wholesale,28,172.43,4828.04,1319.45
2023-11-11,Beauty,Fragrance,North,Wholesale,28,71.25,2394.0,892.86
2023-11-11,Home & Garden,Cookware Set,North,Wholesale,86,13.5,1393.2,603.97
2023-11-11,Electronics,Laptop,West,Direct,79,134.1,11653.29,4674.59
2023-11-11,Sports,Tennis Racket,South,Retail,55,209.74,10958.92,4433.01
2023-11-11,Electronics,Smartwatch,Central,Retail,28,120.33,3369.24,1043.54
2023-11-11,Clothing,Jacket,Central,Direct,20,285.33,5706.6,1552.79
2023-11-11,Electronics,Headphones,South,Wholesale,50,232.81,11058.48,2655.62
2023-11-11,Electronics,Smartwatch,West,Direct,90,198.04,19605.96,6823.79
2023-11-12,Sports,Yoga Mat,Central,Direct,46,127.88,5882.48,1617.51
2023-11-12,Electronics,Headphones,South,Wholesale,84,323.76,25836.05,11106.09
2023-11-12,Electronics,Smartwatch,North,Retail,74,11.98,1063.82,457.82
2023-11-12,Clothing,Dress,East,Direct,97,50.32,4881.04,2129.62
2023-11-12,Beauty,Hair Dryer,South,Retail,3,102.67,292.61,66.7
2023-11-12,Home & Garden,Office Chair,North,Wholesale,30,57.22,2059.92,768.83
2023-11-12,Home & Garden,Cookware Set,South,Retail,51,412.12,19967.21,4566.09
2023-11-12,Beauty,Face Serum,Central,Direct,7,79.68,557.76,220.86
2023-11-12,Home & Garden,Office Chair,West,Retail,84,404.13,37341.61,10417.02
2023-11-12,Beauty,Fragrance,West,Retail,31,88.93,3032.51,1142.86
2023-11-12,Clothing,Dress,Central,Retail,84,323.54,27177.36,7297.61
2023-11-12,Beauty,Face Serum,South,Direct,25,107.86,2561.67,886.99
2023-11-12,Electronics,Smartwatch,South,Wholesale,4,457.57,1738.77,438.84
2023-11-12,Clothing,Jeans,North,Wholesale,65,307.36,23974.08,4775.3
2023-11-12,Clothing,Jacket,North,Retail,53,276.02,17554.87,4689.68
2023-11-12,Clothing,T-Shirt,North,Direct,33,174.11,6894.76,1183.04
2023-11-12,Beauty,Face Serum,West,Wholesale,35,493.98,19018.23,5054.31
2023-11-12,Electronics,Laptop,South,Retail,36,416.05,14228.91,3397.19
2023-11-12,Electronics,Headphones,North,Direct,62,120.59,8971.9,3236.21
2023-11-12,Beauty,Skin Care Kit,Central,Retail,68,387.59,26356.12,11424.64
2023-11-12,Sports,Yoga Mat,East,Retail,38,290.53,11040.14,3793.75
2023-11-12,Home & Garden,Cookware Set,West,Wholesale,97,203.62,21726.25,7339.34
2023-11-13,Clothing,Jacket,Central,Retail,70,290.84,20358.8,4213.99
2023-11-13,Sports,Running Shoes,West,Direct,3,93.13,307.33,96.41
2023-11-13,Home & Garden,Lamp,North,Wholesale,22,176.74,4665.94,1702.71
2023-11-13,Beauty,Fragrance,South,Retail,4,204.22,776.04,266.48
2023-11-13,Home & Garden,Lamp,North,Direct,65,496.83,38752.74,14182.59
2023-11-13,Electronics,Tablet,South,Retail,77,482.85,35320.48,9474.42
2023-11-13,Home & Garden,Bedding Set,North,Wholesale,5,197.61,1185.66,
2023-11-13,Clothing,Jeans,East,Direct,53,49.79,2638.87,728.08
2023-11-13,Electronics,Headphones,Central,Direct,18,86.82,1562.76,368.26
2023-11-13,Electronics,Laptop,Central,Direct,14,220.55,3087.7,792.57
2023-11-13,Sports,Yoga Mat,West,Retail,32,27.39,964.13,403.3
2023-11-13,Sports,Yoga Mat,East,Retail,29,156.2,4529.8,759.18
2023-11-13,Beauty,Fragrance,North,Retail,50,338.56,20313.6,8437.68
2023-11-13,Sports,Yoga Mat,West,Direct,16,261.48,4602.05,1339.66
2023-11-13,Home & Garden,Bedding Set,South,Retail,14,170.05,2261.66,563.47
2023-11-13,Beauty,Makeup Palette,South,Wholesale,78,155.6,11529.96,4437.5
2023-11-14,Clothing,T-Shirt,Central,Wholesale,31,39.09,1211.79,258.48
2023-11-14,Beauty,Skin Care Kit,North,Wholesale,15,34.78,626.04,204.44
2023-11-14,Clothing,Jacket,Central,Direct,51,335.39,17104.89,3008.89
2023-11-14,Beauty,Face Serum,West,Direct,46,464.46,23501.68,7150.01
2023-11-14,Sports,Running Shoes,Central,Wholesale,15,225.23,3378.45,1127.68
2023-11-14,Home & Garden,Office Chair,West,Direct,45,151.78,7513.11,1272.87
2023-11-14,Home & Garden,Cookware Set,North,Retail,34,60.96,2487.17,644.7
2023-11-14,Beauty,Makeup Palette,South,Retail,47,189.52,8462.07,2172.55
2023-11-14,Home & Garden,Cookware Set,North,Direct,76,100.35,9151.92,3377.06
2023-11-14,Beauty,Fragrance,Central,Direct,79,230.91,18241.89,3464.77
2023-11-15,Beauty,Hair Dryer,Central,Direct,24,342.92,8230.08,1605.41
2023-11-15,Sports,Tennis Racket,West,Retail,4,350.05,1540.22,409.38
2023-11-15,Beauty,Skin Care Kit,South,Retail,91,386.15,33382.67,14755.73
2023-11-15,Electronics,Smartwatch,West,Wholesale,98,418.04,45064.71,12944.91
2023-11-15,Home & Garden,Garden Tools,West,Wholesale,84,206.33,19064.89,8125.22
2023-11-15,Beauty,Skin Care Kit,Central,Wholesale,45,309.74,13938.3,2529.04
2023-11-15,Home & Garden,Lamp,North,Wholesale,28,205.98,6920.93,1631.35
2023-11-15,Clothing,Dress,North,Retail,4,133.87,642.58,113.81
2023-11-15,Sports,Dumbbell Set,East,Wholesale,89,45.34,4035.26,1630.11
2023-11-15,Electronics,Smartphone,East,Wholesale,85,217.72,18506.2,4847.66
2023-11-15,Beauty,Face Serum,South,Wholesale,15,277.43,3953.38,620.29
2023-11-15,Electronics,Smartwatch,Central,Direct,33,178.22,5881.26,1996.63
2023-11-15,Beauty,Fragrance,West,Retail,43,325.84,15412.23,2394.53
2023-11-15,Clothing,Jacket,Central,Direct,54,349.27,18860.58,7595.99
2023-11-16,Electronics,Smartphone,West,Wholesale,32,377.73,13296.1,4267.45
2023-11-16,Clothing,T-Shirt,Central,Wholesale,91,122.75,11170.25,3547.86
2023-11-16,Home & Garden,Bedding Set,South,Retail,15,496.52,7075.41,2740.24
2023-11-16,Sports,Running Shoes,East,Direct,84,427.56,35915.04,14187.19
2023-11-16,Beauty,Skin Care Kit,Central,Wholesale,19,237.16,4506.04,679.31
2023-11-16,Clothing,Sneakers,East,Retail,82,66.76,5474.32,2256.31
2023-11-16,Electronics,Tablet,East,Wholesale,52,61.77,3212.04,909.26
2023-11-16,Sports,Running Shoes,West,Wholesale,10,362.32,3985.52,1148.89
2023-11-16,Electronics,Laptop,South,Retail,30,400.22,11406.27,3798.65
2023-11-16,Electronics,Tablet,South,Retail,50,105.03,4988.93,1810.83
2023-11-16,Sports,Dumbbell Set,South,Retail,44,316.49,13229.28,3565.84
2023-11-16,Sports,Dumbbell Set,West,Wholesale,96,170.79,18035.42,4930.86
2023-11-16,Home & Garden,Garden Tools,North,Retail,2,375.5,901.2,192.29
2023-11-17,Sports,Dumbbell Set,East,Direct,93,93.73,8716.89,2801.84
2023-11-17,Beauty,Face Serum,East,Wholesale,91,100.52,9147.32,2736.08
2023-11-17,Clothing,Dress,North,Direct,2,345.89,830.14,290.46
2023-11-17,Home & Garden,Garden Tools,East,Direct,29,368.64,10690.56,4320.78
2023-11-17,Beauty,Makeup Palette,South,Wholesale,54,320.03,16417.54,6562.42
2023-11-17,Electronics,Smartwatch,East,Direct,47,445.49,20938.03,5782.7
2023-11-17,Sports,Running Shoes,Central,Retail,49,158.89,7785.61,1481.63
2023-11-18,Sports,Yoga Mat,Central,Retail,69,346.56,23912.64,10332.15
2023-11-18,Sports,Yoga Mat,Central,Retail,14,22.38,313.32,60.66
2023-11-18,Sports,Dumbbell Set,East,Direct,40,172.84,6913.6,1448.01
2023-11-18,Clothing,Dress,West,Retail,47,421.58,21795.69,4278.06
2023-11-18,Sports,Tennis Racket,West,Direct,8,99.57,876.22,188.36
2023-11-18,Clothing,Jacket,West,Direct,63,117.46,8139.98,1257.55
2023-11-18,Beauty,Face Serum,Central,Retail,35,275.55,9644.25,3383.3
2023-11-18,Sports,Dumbbell Set,West,Direct,98,162.98,17569.24,7593.4
2023-11-18,Electronics,Laptop,South,Wholesale,65,486.28,30027.79,12061.46
2023-11-18,Electronics,Laptop,North,Retail,99,301.13,35774.24,12508.06
2023-11-18,Sports,Yoga Mat,East,Wholesale,59,445.11,26261.49,5526.98
2023-11-19,Sports,Dumbbell Set,West,Wholesale,7,486.42,3745.43,1619.81
2023-11-19,Beauty,Skin Care Kit,North,Wholesale,69,25.16,2083.25,832.52
2023-11-19,Electronics,Smartwatch,East,Retail,92,307.87,28324.04,11754.7
2023-11-19,Sports,Bike Helmet,West,Direct,16,465.64,8195.26,2872.28
2023-11-19,Beauty,Makeup Palette,Central,Direct,61,307.62,18764.82,5102.74
2023-11-19,Home & Garden,Office Chair,North,Retail,55,40.08,2645.28,776.17
2023-11-19,Electronics,Smartwatch,South,Retail,47,322.8,14413.02,2804.51
2023-11-19,Sports,Yoga Mat,West,Retail,50,61.98,3408.9,1303.91
2023-11-19,Electronics,Smartphone,North,Wholesale,17,45.96,937.58,269.58
2023-11-19,Electronics,Smartphone,West,Retail,74,97.42,7929.99,2526.32
2023-11-19,Home & Garden,Garden Tools,North,Retail,31,20.73,771.16,117.26
2023-11-19,Sports,Dumbbell Set,West,Wholesale,81,364.03,32435.07,14347.53
2023-11-19,Home & Garden,Office Chair,West,Wholesale,72,106.22,8412.62,2912.67
2023-11-19,Electronics,Smartwatch,North,Wholesale,90,301.88,32603.04,12023.49
2023-11-19,Electronics,Smartwatch,West,Wholesale,92,254.85,25790.82,9370.09
2023-11-19,Sports,Running Shoes,South,Direct,4,332.92,1265.1,339.44
2023-11-19,Electronics,Headphones,North,Retail,65,37.75,2944.5,472.07
2023-11-19,Sports,Running Shoes,Central,Direct,44,287.12,12633.28,
2023-11-19,Beauty,Skin Care Kit,West,Direct,58,275.5,17576.9,4595.66
2023-11-19,Electronics,Headphones,Central,Wholesale,28,384.72,10772.16,3247.48
2023-11-20,Clothing,Sneakers,Central,Retail,92,152.38,14018.96,3555.04
2023-11-20,Home & Garden,Lamp,West,Direct,60,388.84,25663.44,9616.79
2023-11-20,Beauty,Hair Dryer,South,Wholesale,84,310.86,24806.63,3845.09
2023-11-20,Sports,Yoga Mat,South,Wholesale,60,458.42,26129.94,5217.66
2023-11-20,Electronics,Tablet,North,Direct,72,246.15,21267.36,5907.78
2023-11-20,Electronics,Smartwatch,Central,Wholesale,68,83.18,5656.24,1880.32
2023-11-20,Home & Garden,Bedding Set,Central,Retail,43,430.79,18523.97,3573.24
2023-11-20,Electronics,Smartwatch,South,Wholesale,88,368.29,30789.04,12760.37
2023-11-20,Electronics,Laptop,Central,Retail,53,253.96,13459.88,3402.49
2023-11-20,Clothing,Jacket,South,Direct,70,11.62,772.73,311.35
2023-11-20,Beauty,Makeup Palette,South,Retail,12,433.92,4946.69,971.62
2023-11-20,Electronics,Headphones,East,Direct,4,62.09,248.36,80.15
2023-11-20,Home & Garden,Cookware Set,South,Direct,41,328.59,12798.58,4729.84
2023-11-20,Electronics,Tablet,South,Direct,72,16.13,1103.29,357.75
2023-11-20,Home & Garden,Cookware Set,North,Direct,18,421.63,9107.21,3846.48
2023-11-20,Electronics,Headphones,East,Retail,91,318.26,28961.66,5545.28
2023-11-20,Clothing,Jeans,Central,Direct,89,392.15,34901.35,6280.34
2023-11-20,Clothing,Sneakers,South,Wholesale,93,51.62,4560.63,857.39
2023-11-20,Clothing,T-Shirt,East,Retail,93,459.65,42747.45,12576.1
2023-11-20,Electronics,Smartwatch,Central,Retail,22,94.55,2080.1,893.7
2023-11-21,Sports,Running Shoes,East,Retail,10,290.05,2900.5,538.97
2023-11-21,Electronics,Smartwatch,West,Wholesale,99,460.79,50180.03,14357.13
2023-11-21,Sports,Tennis Racket,East,Direct,93,358.58,33347.94,14604.43
2023-11-21,Beauty,Skin Care Kit,South,Direct,64,400.44,24346.75,5853.07
2023-11-21,Sports,Bike Helmet,South,Retail,7,66.43,441.76,168.49
2023-11-21,Clothing,Jacket,West,Retail,36,313.76,12424.9,2526.64
2023-11-21,Sports,Tennis Racket,North,Direct,93,322.78,36022.25,11389.97
2023-11-21,Beauty,Makeup Palette,East,Wholesale,8,427.69,3421.52,1332.79
2023-11-21,Beauty,Makeup Palette,North,Direct,5,464.67,2788.02,856.27
2023-11-21,Beauty,Fragrance,South,Direct,78,322.6,23904.66,3821.91
2023-11-21,Sports,Tennis Racket,East,Direct,21,332.89,6990.69,2063.17
2023-11-21,Clothing,Jeans,North,Wholesale,41,294.1,14469.72,2537.09
2023-11-21,Sports,Dumbbell Set,North,Retail,98,201.75,23725.8,10178.29
2023-11-21,Home & Garden,Office Chair,South,Wholesale,31,63.9,1881.85,709.85
2023-11-21,Home & Garden,Office Chair,North,Direct,90,225.35,24337.8,4219.07
2023-11-21,Electronics,Laptop,Central,Retail,7,74.08,518.56,178.6
2023-11-21,Home & Garden,Cookware Set,South,Direct,66,424.54,26618.66,10463.4
2023-11-21,Sports,Yoga Mat,North,Wholesale,44,121.86,6434.21,2068.25
2023-11-21,Sports,Yoga Mat,East,Wholesale,93,471.64,43862.52,10314.57
2023-11-21,Clothing,Jacket,Central,Wholesale,57,339.87,19372.59,8434.2
2023-11-21,Clothing,Jeans,North,Direct,31,33.12,1232.06,245.49
2023-11-21,Electronics,Headphones,East,Retail,94,71.35,6706.9,2727.51
2023-11-21,Sports,Running Shoes,North,Retail,14,159.87,2685.82,1149.29
2023-11-21,Clothing,Jeans,South,Direct,29,25.74,709.14,247.07
2023-11-21,Electronics,Smartwatch,West,Wholesale,46,24.54,1241.72,375.8
2023-11-22,Beauty,Hair Dryer,Central,Wholesale,37,18.4,680.8,268.2
2023-11-22,Clothing,Dress,South,Direct,69,130.02,8522.81,3603.27
2023-11-22,Home & Garden,Garden Tools,North,Retail,21,269.22,6784.34,1959.33
2023-11-22,Electronics,Tablet,North,Retail,27,460.15,14908.86,2577.84
2023-11-22,Clothing,Sneakers,Central,Retail,23,26.06,599.38,92.06
2023-11-22,Home & Garden,Bedding Set,West,Direct,56,97.78,6023.25,2435.75
2023-11-22,Clothing,Dress,North,Wholesale,44,265.49,14017.87,5715.53
2023-11-22,Home & Garden,Cookware Set,Central,Retail,12,316.0,3792.0,831.45
2023-11-22,Beauty,Face Serum,Central,Wholesale,48,66.79,3205.92,585.91
2023-11-22,Home & Garden,Cookware Set,Central,Wholesale,39,486.5,18973.5,5871.12
2023-11-22,Beauty,Makeup Palette,East,Direct,5,490.06,2450.3,959.86
2023-11-22,Sports,Tennis Racket,South,Retail,31,452.35,13321.71,4123.94
2023-11-22,Electronics,Smartphone,South,Wholesale,70,126.05,8382.32,3656.92
2023-11-22,Electronics,Smartwatch,South,Direct,57,294.75,15960.71,6370.37
2023-11-23,Clothing,Dress,East,Retail,45,333.76,15019.2,3055.78
2023-11-23,Beauty,Face Serum,South,Wholesale,80,179.79,13664.04,3365.39
2023-11-23,Home & Garden,Office Chair,West,Wholesale,34,83.0,3104.2,869.92
2023-11-23,Home & Garden,Office Chair,South,Retail,7,114.46,761.16,214.65
2023-11-23,Home & Garden,Bedding Set,Central,Wholesale,77,459.57,35386.89,15902.04
2023-11-23,Home & Garden,Office Chair,Central,Direct,44,43.9,1931.6,865.27
2023-11-23,Beauty,Makeup Palette,West,Wholesale,74,146.63,11935.68,2223.91
2023-11-23,Clothing,Jacket,North,Wholesale,60,326.41,23501.52,9042.66
2023-11-23,Clothing,Jacket,West,Wholesale,91,379.23,37960.92,16239.33
2023-11-23,Sports,Yoga Mat,South,Direct,2,396.93,754.17,183.97
2023-11-24,Electronics,Laptop,East,Direct,32,119.37,3819.84,1416.94
2023-11-24,Clothing,Dress,South,Direct,93,224.46,19831.04,5418.98
2023-11-24,Beauty,Fragrance,East,Wholesale,40,104.0,4160.0,1042.08
2023-11-24,Electronics,Smartwatch,South,Retail,52,299.35,14787.89,3809.61
2023-11-24,Home & Garden,Bedding Set,West,Retail,23,469.83,11886.7,4443.79
2023-11-24,Clothing,Sneakers,North,Retail,73,227.62,19939.51,8667.09
2023-11-24,Sports,Yoga Mat,East,Wholesale,4,107.22,428.88,177.21
2023-11-24,Sports,Bike Helmet,North,Wholesale,80,215.38,20676.48,5317.33
2023-11-24,Sports,Running Shoes,West,Direct,24,97.7,2579.28,1091.68
2023-11-24,Clothing,Jacket,South,Wholesale,17,315.02,5087.57,812.4
2023-11-24,Beauty,Skin Care Kit,South,Wholesale,65,189.77,11718.3,5230.98
2023-11-24,Electronics,Tablet,Central,Direct,40,71.18,2847.2,509.02
2023-11-24,Electronics,Tablet,West,Retail,47,187.77,9707.71,3303.92
2023-11-24,Clothing,T-Shirt,North,Direct,14,243.03,4082.9,1556.15
2023-11-24,Beauty,Makeup Palette,South,Retail,87,453.96,37519.79,7898.87
2023-11-24,Clothing,Jacket,North,Direct,54,56.63,3669.62,1503.05
2023-11-24,Home & Garden,Cookware Set,Central,Wholesale,60,60.25,3615.0,821.25
2023-11-24,Electronics,Laptop,North,Retail,60,234.99,16919.28,3213.52
2023-11-25,Home & Garden,Cookware Set,North,Retail,3,426.1,1533.96,528.28
2023-11-25,Electronics,Smartphone,North,Direct,49,320.49,18844.81,8447.36
2023-11-25,Electronics,Headphones,South,Direct,61,115.24,6678.16,1158.14
2023-11-25,Electronics,Tablet,North,Direct,7,14.76,123.98,33.2
2023-11-25,Electronics,Smartwatch,North,Retail,83,448.56,44676.58,12354.26
2023-11-25,Beauty,Face Serum,West,Wholesale,25,172.08,4732.2,1188.8
2023-11-25,Sports,Running Shoes,South,Retail,44,477.38,19954.48,8463.42
2023-11-25,Electronics,Smartphone,East,Wholesale,73,382.09,27892.57,6209.0
2023-11-25,Clothing,T-Shirt,North,Direct,96,94.63,10901.38,4312.89
2023-11-25,Beauty,Skin Care Kit,North,Wholesale,48,445.5,25660.8,9861.49
2023-11-25,Clothing,Sneakers,East,Direct,56,375.06,21003.36,8991.96
2023-11-25,Home & Garden,Garden Tools,South,Wholesale,40,105.78,4019.64,945.17
2023-11-25,Beauty,Hair Dryer,North,Direct,2,237.89,570.94,180.32
2023-11-25,Clothing,Sneakers,West,Direct,22,192.68,4662.86,1930.77
2023-11-25,Sports,Tennis Racket,West,Direct,2,62.13,136.69,31.42
2023-11-25,Home & Garden,Garden Tools,Central,Retail,94,63.2,5940.8,1121.03
2023-11-25,Sports,Dumbbell Set,South,Wholesale,47,158.14,7060.95,1839.4
2023-11-26,Beauty,Fragrance,North,Wholesale,26,218.84,6827.81,2686.44
2023-11-26,Clothing,Jacket,North,Retail,95,35.9,4092.6,697.66
2023-11-26,Clothing,Jeans,Central,Wholesale,2,386.02,772.04,170.58
2023-11-26,Sports,Bike Helmet,South,Direct,32,335.6,10202.24,3504.67
2023-11-26,Sports,Tennis Racket,South,Wholesale,79,464.48,34859.22,8173.69
2023-11-26,Sports,Dumbbell Set,East,Direct,73,389.77,28453.21,7569.87
2023-11-26,Electronics,Smartphone,North,Retail,69,86.84,7190.35,1392.07
2023-11-26,Sports,Running Shoes,North,Direct,5,309.43,1856.58,384.23
2023-11-26,Clothing,Jacket,East,Direct,93,363.81,33834.33,5969.82
2023-11-26,Sports,Bike Helmet,West,Wholesale,57,346.74,21740.6,7334.0
2023-11-26,Clothing,Jacket,East,Direct,32,237.84,7610.88,2233.33
2023-11-26,Electronics,Headphones,West,Wholesale,79,219.23,19051.09,7476.23
2023-11-26,Electronics,Tablet,East,Direct,97,209.74,20344.78,3498.4
2023-11-26,Clothing,Jeans,North,Retail,98,81.18,9546.77,3993.46
2023-11-26,Clothing,Sneakers,West,Direct,8,319.85,2814.68,1120.86
2023-11-27,Clothing,T-Shirt,East,Wholesale,2,33.15,66.3,14.18
2023-11-27,Clothing,Sneakers,Central,Wholesale,33,174.41,5755.53,2348.12
2023-11-27,Sports,Dumbbell Set,Central,Wholesale,97,404.71,39256.87,15437.0
2023-11-27,Clothing,Jeans,North,Direct,9,450.53,4865.72,2145.78
2023-11-27,Electronics,Headphones,Central,Retail,22,301.51,6633.22,2062.02
2023-11-27,Home & Garden,Garden Tools,North,Retail,98,457.17,53763.19,23367.77
2023-11-27,Electronics,Smartwatch,East,Direct,47,145.78,6851.66,1248.98
2023-11-27,Beauty,Hair Dryer,South,Wholesale,18,279.56,4780.48,1396.11
2023-11-27,Beauty,Fragrance,South,Wholesale,21,114.61,2286.47,832.51
2023-11-27,Clothing,T-Shirt,South,Retail,1,33.7,32.02,11.33
2023-11-27,Clothing,T-Shirt,North,Wholesale,99,145.85,17326.98,4431.71
2023-11-27,Electronics,Smartphone,West,Retail,27,130.48,3875.26,603.25
2023-11-27,Sports,Bike Helmet,Central,Wholesale,47,359.01,16873.47,5023.52
2023-11-27,Electronics,Smartwatch,West,Retail,50,94.77,5212.35,1082.36
2023-11-27,Electronics,Headphones,Central,Retail,23,45.91,1055.93,344.0
2023-11-27,Clothing,Jeans,North,Retail,98,397.42,46736.59,13398.3
2023-11-27,Sports,Dumbbell Set,East,Retail,29,233.24,6763.96,2599.47
2023-11-27,Home & Garden,Lamp,West,Retail,63,113.84,7889.11,1223.57
2023-11-27,Home & Garden,Office Chair,West,Wholesale,35,132.39,5097.02,2179.29
2023-11-27,Sports,Running Shoes,East,Direct,79,41.37,3268.23,558.2
2023-11-28,Sports,Yoga Mat,North,Wholesale,15,84.89,1528.02,302.54
2023-11-28,Beauty,Fragrance,Central,Wholesale,21,15.33,321.93,128.71
2023-11-28,Beauty,Makeup Palette,Central,Retail,23,472.64,10870.72,2650.07
2023-11-28,Beauty,Fragrance,East,Retail,65,175.55,11410.75,4940.65
2023-11-28,Home & Garden,Garden Tools,South,Direct,45,84.16,3597.84,1255.4
2023-11-28,Home & Garden,Cookware Set,Central,Direct,4,90.97,363.88,147.86
2023-11-28,Sports,Running Shoes,South,Direct,39,224.74,8326.62,1375.24
2023-11-28,Beauty,Skin Care Kit,East,Wholesale,84,98.69,8289.96,2509.4
2023-11-28,Home & Garden,Office Chair,West,Wholesale,86,12.22,1156.01,266.67
2023-11-28,Clothing,Dress,Central,Wholesale,31,444.79,13788.49,6193.34
2023-11-28,Clothing,Jeans,South,Wholesale,9,182.47,1560.12,463.44
2023-11-28,Beauty,Fragrance,South,Direct,35,110.96,3689.42,1562.32
2023-11-28,Sports,Bike Helmet,West,Wholesale,76,224.95,18805.82,7447.73
2023-11-28,Home & Garden,Bedding Set,North,Wholesale,74,316.07,28067.02,9826.21
2023-11-28,Sports,Running Shoes,East,Direct,33,404.29,13341.57,3680.79
2023-11-28,Home & Garden,Cookware Set,Central,Retail,96,103.55,9940.8,3308.93
2023-11-28,Beauty,Skin Care Kit,East,Wholesale,21,249.39,5237.19,987.06
2023-11-28,Clothing,T-Shirt,Central,Direct,17,234.02,3978.34,793.82
2023-11-29,Clothing,T-Shirt,West,Direct,97,286.23,30540.74,9890.33
2023-11-29,Beauty,Hair Dryer,West,Direct,76,320.8,26818.88,10737.15
2023-11-29,Sports,Yoga Mat,Central,Wholesale,86,491.24,42246.64,12329.58
2023-11-29,Home & Garden,Office Chair,North,Direct,89,342.09,36535.21,12215.07
2023-11-29,Sports,Yoga Mat,North,Direct,92,123.47,13631.09,2926.51
2023-11-29,Electronics,Tablet,South,Wholesale,42,289.48,11550.25,4605.56
2023-11-29,Electronics,Headphones,Central,Direct,68,426.12,28976.16,
2023-11-29,Electronics,Headphones,Central,Retail,70,362.4,25368.0,7067.7
2023-11-29,Beauty,Hair Dryer,South,Wholesale,24,296.38,6757.46,1632.48
2023-11-29,Clothing,Jacket,West,Retail,98,488.13,52620.41,10209.54
2023-11-29,Clothing,Jeans,West,Retail,17,120.25,2248.68,837.22
2023-11-29,Clothing,Jacket,South,Direct,82,355.53,27695.79,6764.05
2023-11-29,Sports,Yoga Mat,Central,Retail,34,342.73,11652.82,3375.21
2023-11-29,Beauty,Skin Care Kit,East,Retail,58,455.06,26393.48,9454.82
2023-11-29,Electronics,Tablet,West,Wholesale,81,260.57,23216.79,9248.23
2023-11-29,Beauty,Face Serum,Central,Direct,60,250.65,15039.0,3891.7
2023-11-29,Home & Garden,Office Chair,South,Wholesale,41,433.43,16882.1,5722.96
2023-11-29,Beauty,Face Serum,South,Direct,27,85.94,2204.36,473.71
2023-11-30,Clothing,Sneakers,East,Retail,84,210.66,17695.44,2760.77
2023-11-30,Sports,Bike Helmet,West,Wholesale,59,476.4,30918.36,9425.36
2023-11-30,Sports,Tennis Racket,Central,Wholesale,65,479.13,31143.45,7645.44
2023-11-30,Home & Garden,Cookware Set,West,Retail,65,230.55,16484.33,6811.7
2023-11-30,Beauty,Skin Care Kit,East,Wholesale,62,435.11,26976.82,5243.32
2023-11-30,Home & Garden,Cookware Set,Central,Wholesale,99,438.73,43434.27,8983.94
2023-11-30,Beauty,Makeup Palette,West,Direct,33,390.49,14174.79,3462.63
2023-11-30,Electronics,Smartwatch,West,Direct,58,494.89,31573.98,4978.35
2023-11-30,Beauty,Face Serum,Central,Retail,44,73.65,3240.6,1024.99
2023-11-30,Sports,Dumbbell Set,Central,Wholesale,92,91.17,8387.64,3676.16
2023-11-30,Beauty,Makeup Palette,South,Direct,66,55.4,3473.58,1284.44
2023-11-30,Sports,Dumbbell Set,West,Wholesale,85,452.32,42291.92,18865.78
2023-11-30,Home & Garden,Office Chair,North,Wholesale,13,388.4,6059.04,2070.7
2023-11-30,Sports,Dumbbell Set,East,Wholesale,11,315.0,3465.0,1411.05
2023-11-30,Electronics,Tablet,West,Wholesale,30,201.57,6651.81,1926.8
2023-11-30,Clothing,Jeans,West,Retail,60,82.08,5417.28,1582.78
2023-11-30,Sports,Bike Helmet,South,Wholesale,13,469.43,5797.46,1964.31
2023-11-30,Clothing,Jeans,South,Retail,46,382.66,16722.24,7325.45
2023-12-01,Home & Garden,Office Chair,East,Direct,46,112.66,5182.36,1192.43
2023-12-01,Clothing,Sneakers,South,Wholesale,17,30.91,499.2,86.62
2023-12-01,Sports,Running Shoes,East,Retail,28,448.21,12549.88,2895.54
2023-12-01,Sports,Running Shoes,East,Wholesale,95,127.98,12158.1,1849.19
2023-12-01,Sports,Yoga Mat,East,Direct,15,44.49,667.35,115.84
2023-12-01,Clothing,Sneakers,East,Wholesale,92,51.47,4735.24,1563.74
2023-12-01,Clothing,Jeans,Central,Retail,46,415.35,19106.1,7794.18
2023-12-01,Beauty,Skin Care Kit,West,Wholesale,33,135.65,4924.1,1945.51
2023-12-01,Electronics,Headphones,West,Retail,85,153.34,14337.29,4572.05
2023-12-01,Clothing,Sneakers,North,Wholesale,98,499.84,58781.18,11255.03
2023-12-01,Sports,Yoga Mat,Central,Wholesale,30,75.03,2250.9,435.59
2023-12-01,Sports,Running Shoes,Central,Direct,90,392.87,35358.3,8746.32
2023-12-01,Sports,Yoga Mat,South,Retail,50,209.08,9931.3,1804.77
2023-12-01,Clothing,Sneakers,East,Direct,90,47.28,4255.2,936.28
2023-12-01,Electronics,Smartphone,South,Wholesale,68,341.33,22049.92,4320.43
2023-12-01,Electronics,Smartwatch,North,Retail,42,210.44,10606.18,4024.37
2023-12-01,Home & Garden,Office Chair,North,Wholesale,86,307.64,31748.45,4763.44
2023-12-01,Home & Garden,Bedding Set,North,Retail,22,143.85,3797.64,1612.5
2023-12-01,Clothing,Sneakers,South,Direct,2,26.44,50.24,22.14
2023-12-01,Beauty,Skin Care Kit,South,Direct,77,256.94,18795.16,6703.53
2023-12-01,Home & Garden,Bedding Set,South,Direct,5,98.32,467.02,177.63
2023-12-01,Home & Garden,Office Chair,East,Wholesale,3,34.59,103.77,20.24
2023-12-01,Beauty,Face Serum,West,Wholesale,2,63.87,140.51,61.25
2023-12-01,Home & Garden,Bedding Set,West,Direct,28,378.4,11654.72,2933.12
2023-12-02,Sports,Tennis Racket,Central,Direct,49,391.79,19197.71,6400.66
2023-12-02,Home & Garden,Garden Tools,West,Wholesale,51,374.75,21023.48,3269.4
2023-12-02,Sports,Yoga Mat,East,Direct,81,87.72,7105.32,2409.68
2023-12-02,Electronics,Smartphone,East,Direct,34,476.93,16215.62,
2023-12-02,Electronics,Headphones,East,Direct,46,451.43,20765.78,7677.87
2023-12-02,Sports,Bike Helmet,Central,Retail,99,96.65,9568.35,1777.48
2023-12-02,Clothing,T-Shirt,Central,Retail,34,388.17,13197.78,4698.4
2023-12-02,Sports,Bike Helmet,East,Retail,70,225.73,15801.1,4310.69
2023-12-02,Electronics,Tablet,North,Retail,81,241.59,23482.55,4984.93
2023-12-02,Home & Garden,Cookware Set,East,Retail,60,327.64,19658.4,4093.61
2023-12-02,Sports,Running Shoes,West,Wholesale,96,268.88,28393.73,7106.9
2023-12-02,Home & Garden,Lamp,East,Direct,7,447.92,3135.44,1191.96
2023-12-02,Sports,Bike Helmet,East,Direct,40,424.98,16999.2,2720.58
2023-12-02,Beauty,Fragrance,North,Retail,66,266.09,21074.33,4522.26
2023-12-02,Home & Garden,Office Chair,North,Wholesale,99,240.26,28542.89,5429.59
2023-12-02,Sports,Bike Helmet,West,Wholesale,15,82.21,1356.46,403.53
2023-12-02,Home & Garden,Garden Tools,North,Retail,77,265.09,24494.32,9387.1
2023-12-02,Sports,Yoga Mat,East,Wholesale,1,495.59,495.59,215.33
2023-12-02,Beauty,Hair Dryer,West,Wholesale,77,64.95,5501.27,2378.53
2023-12-02,Clothing,Jeans,Central,Retail,47,74.85,3517.95,1095.52
2023-12-03,Clothing,T-Shirt,Central,Wholesale,32,254.66,8149.12,2822.71
2023-12-03,Home & Garden,Garden Tools,East,Retail,36,422.99,15227.64,6204.81
2023-12-03,Electronics,Laptop,South,Wholesale,86,318.46,26018.18,5566.66
2023-12-03,Beauty,Fragrance,South,Direct,10,140.47,1334.46,372.34
2023-12-03,Sports,Bike Helmet,North,Direct,73,340.76,29850.58,10388.7
2023-12-03,Electronics,Smartwatch,South,Wholesale,47,236.62,10565.08,2346.63
2023-12-03,Electronics,Smartphone,West,Direct,56,370.59,22828.34,9736.52
2023-12-03,Clothing,T-Shirt,Central,Retail,57,250.15,14258.55,5513.63
2023-12-03,Home & Garden,Lamp,East,Wholesale,41,385.55,15807.55,4608.89
2023-12-03,Beauty,Fragrance,South,Retail,71,482.45,32541.25,5434.84
2023-12-03,Electronics,Headphones,Central,Wholesale,80,441.51,35320.8,15355.25
2023-12-03,Home & Garden,Garden Tools,Central,Wholesale,98,87.4,8565.2,1754.26
2023-12-03,Home & Garden,Cookware Set,Central,Wholesale,57,296.31,16889.67,3625.42
2023-12-03,Sports,Bike Helmet,West,Retail,13,60.38,863.43,326.18
2023-12-03,Clothing,T-Shirt,Central,Wholesale,30,293.6,8808.0,2988.18
2023-12-03,Home & Garden,Garden Tools,Central,Wholesale,56,144.61,8098.16,2633.47
2023-12-03,Sports,Yoga Mat,East,Direct,23,463.57,10662.11,4386.93
2023-12-03,Clothing,Jeans,South,Direct,90,76.3,6523.65,2083.08
2023-12-03,Electronics,Smartphone,North,Retail,51,259.62,15888.74,4031.22
2023-12-03,Clothing,Jacket,South,Retail,71,16.8,1133.16,176.53
2023-12-03,Electronics,Laptop,East,Direct,35,251.39,8798.65,2281.84
2023-12-03,Clothing,Jeans,North,Wholesale,13,214.59,3347.6,1478.67
2023-12-03,Beauty,Skin Care Kit,Central,Retail,72,54.2,3902.4,1096.37
2023-12-03,Home & Garden,Office Chair,West,Wholesale,41,345.15,15566.27,6085.27
2023-12-04,Home & Garden,Lamp,West,Wholesale,73,223.67,17960.7,4083.79
2023-12-04,Beauty,Fragrance,West,Wholesale,25,43.63,1199.83,332.27
2023-12-04,Clothing,T-Shirt,Central,Direct,14,237.81,3329.34,581.94
2023-12-04,Electronics,Laptop,West,Wholesale,59,189.88,12323.21,5135.7
2023-12-04,Electronics,Tablet,North,Direct,22,107.66,2842.22,1046.1
2023-12-04,Home & Garden,Garden Tools,West,Wholesale,52,86.88,4969.54,995.71
2023-12-04,Clothing,Dress,East,Retail,84,78.94,6630.96,1266.5
2023-12-04,Sports,Tennis Racket,North,Retail,71,328.04,27949.01,9943.14
2023-12-04,Electronics,Headphones,South,Retail,36,65.6,2243.52,710.42
2023-12-04,Beauty,Face Serum,North,Retail,91,316.73,34586.92,5941.8
2023-12-04,Home & Garden,Lamp,Central,Wholesale,78,223.25,17413.5,6651.13
2023-12-04,Electronics,Smartwatch,East,Retail,38,115.57,4391.66,1896.54
2023-12-04,Home & Garden,Garden Tools,Central,Retail,91,290.94,26475.54,10315.18
2023-12-04,Beauty,Fragrance,East,Wholesale,37,400.56,14820.72,5853.21
2023-12-04,Electronics,Headphones,East,Wholesale,92,463.85,42674.2,6901.32
2023-12-04,Home & Garden,Garden Tools,North,Retail,49,145.08,8530.7,1349.36
2023-12-04,Beauty,Hair Dryer,North,Direct,12,13.71,197.42,45.75
2023-12-04,Clothing,Sneakers,West,Direct,22,155.56,3764.55,912.72
2023-12-04,Home & Garden,Garden Tools,South,Retail,83,106.45,8393.58,2792.94
2023-12-04,Sports,Yoga Mat,West,Wholesale,81,221.51,19736.54,4419.05
2023-12-04,Electronics,Smartphone,East,Retail,35,391.74,13710.9,3643.79
2023-12-05,Home & Garden,Lamp,Central,Retail,79,123.15,9728.85,2136.99
2023-12-05,Home & Garden,Cookware Set,East,Direct,21,443.77,9319.17,3683.4
2023-12-05,Electronics,Smartwatch,Central,Wholesale,35,72.44,2535.4,453.25
2023-12-05,Beauty,Face Serum,East,Direct,95,416.58,39575.1,15249.01
2023-12-05,Home & Garden,Cookware Set,East,Wholesale,70,494.55,34618.5,14924.65
2023-12-05,Home & Garden,Cookware Set,Central,Direct,55,371.53,20434.15,9155.09
2023-12-05,Home & Garden,Garden Tools,West,Wholesale,94,372.08,38473.07,6736.93
2023-12-05,Electronics,Smartphone,West,Retail,50,447.88,24633.4,6207.1
2023-12-05,Beauty,Face Serum,Central,Wholesale,76,312.54,23753.04,5182.54
2023-12-05,Electronics,Headphones,South,Retail,49,176.82,8230.97,2997.89
2023-12-05,Electronics,Laptop,North,Direct,27,26.21,849.2,216.57
2023-12-05,Beauty,Skin Care Kit,North,Wholesale,59,415.45,29413.86,13073.01
2023-12-05,Home & Garden,Garden Tools,East,Direct,58,345.38,20032.04,4486.77
2023-12-05,Electronics,Laptop,North,Direct,30,127.01,4572.36,1829.19
2023-12-05,Sports,Bike Helmet,South,Retail,32,329.45,10015.28,3533.87
2023-12-05,Electronics,Headphones,North,Wholesale,55,460.96,30423.36,7885.31
2023-12-05,Sports,Running Shoes,East,Retail,6,40.42,242.52,59.5
2023-12-05,Clothing,T-Shirt,East,Wholesale,66,34.15,2253.9,429.83
2023-12-06,Home & Garden,Garden Tools,North,Direct,54,296.01,19181.45,7462.09
2023-12-06,Sports,Running Shoes,South,Wholesale,6,278.59,1587.96,671.88
2023-12-06,Clothing,Sneakers,South,Retail,83,162.93,12847.03,
2023-12-06,Sports,Dumbbell Set,West,Retail,29,292.74,9338.41,3501.42
2023-12-06,Beauty,Makeup Palette,East,Wholesale,39,325.68,12701.52,3617.43
2023-12-06,Home & Garden,Office Chair,West,Wholesale,79,417.56,36285.96,6112.7
2023-12-06,Home & Garden,Garden Tools,Central,Direct,37,278.24,10294.88,2503.32
2023-12-06,Clothing,Jacket,Central,Direct,12,426.2,5114.4,1463.19
2023-12-06,Clothing,Jeans,East,Wholesale,51,268.66,13701.66,5712.21
2023-12-06,Clothing,Jacket,South,Wholesale,69,135.36,8872.85,1658.02
2023-12-06,Home & Garden,Lamp,South,Wholesale,79,213.24,16003.66,2578.16
2023-12-06,Clothing,Sneakers,South,Wholesale,9,34.35,293.69,79.61
2023-12-06,Clothing,Dress,South,Wholesale,35,455.79,15155.02,5060.49
2023-12-06,Sports,Running Shoes,West,Direct,77,462.46,39170.36,7331.83
2023-12-06,Clothing,T-Shirt,South,Direct,22,452.35,9454.11,3826.01
2023-12-06,Home & Garden,Bedding Set,South,Direct,37,430.15,15119.77,3971.37
2023-12-06,Electronics,Headphones,West,Retail,8,430.45,3787.96,1359.63
2023-12-06,Beauty,Face Serum,North,Direct,94,472.0,53241.6,13135.13
2023-12-06,Beauty,Skin Care Kit,West,Direct,61,351.86,23609.81,4108.98
2023-12-06,Clothing,Jeans,East,Direct,68,341.01,23188.68,6377.25
2023-12-06,Sports,Running Shoes,Central,Retail,97,452.15,43858.55,6741.92
2023-12-06,Clothing,Sneakers,North,Retail,92,144.41,15942.86,5538.64
2023-12-06,Clothing,T-Shirt,South,Retail,11,453.04,4734.27,2047.01
2023-12-07,Sports,Bike Helmet,North,Wholesale,70,120.66,10135.44,2689.21
2023-12-07,Home & Garden,Cookware Set,South,Direct,14,340.69,4531.18,921.15
2023-12-07,Clothing,T-Shirt,South,Direct,38,11.28,407.21,160.14
2023-12-07,Sports,Running Shoes,East,Wholesale,46,163.21,7507.66,2667.31
2023-12-07,Clothing,T-Shirt,East,Wholesale,81,475.35,38503.35,6871.09
2023-12-07,Clothing,Jeans,West,Wholesale,88,239.81,23213.61,3679.36
2023-12-07,Home & Garden,Cookware Set,East,Retail,93,154.34,14353.62,3603.11
2023-12-07,Home & Garden,Cookware Set,West,Direct,53,276.81,16138.02,7087.43
2023-12-07,Electronics,Smartwatch,Central,Direct,45,384.96,17323.2,5529.16
2023-12-07,Sports,Running Shoes,Central,Wholesale,99,401.51,39749.49,17658.07
2023-12-07,Sports,Yoga Mat,West,Wholesale,41,463.75,20915.12,6470.86
2023-12-07,Clothing,Dress,North,Wholesale,36,308.45,13325.04,3797.94
2023-12-07,Sports,Dumbbell Set,East,Wholesale,4,170.52,682.08,265.46
2023-12-07,Clothing,T-Shirt,Central,Retail,44,112.22,4937.68,1664.29
2023-12-07,Home & Garden,Cookware Set,South,Direct,41,374.27,14577.82,2335.57
2023-12-07,Sports,Tennis Racket,South,Retail,61,68.75,3984.06,
2023-12-07,Home & Garden,Cookware Set,West,Direct,50,39.0,2145.0,707.26
2023-12-08,Clothing,Dress,South,Direct,25,399.6,9490.5,3014.15
2023-12-08,Home & Garden,Cookware Set,Central,Wholesale,4,495.23,1980.92,431.22
2023-12-08,Beauty,Face Serum,South,Direct,32,135.48,4118.59,1531.42
2023-12-08,Electronics,Tablet,South,Direct,98,289.4,26943.14,10081.64
2023-12-08,Sports,Dumbbell Set,North,Direct,20,479.72,11513.28,2857.75
2023-12-08,Sports,Dumbbell Set,Central,Retail,92,250.41,23037.72,6908.44
2023-12-08,Clothing,T-Shirt,West,Wholesale,18,458.36,9075.53,1576.05
2023-12-08,Sports,Running Shoes,East,Direct,33,194.92,6432.36,1384.9
2023-12-08,Clothing,Jacket,South,Direct,25,212.6,5049.25,1915.55
2023-12-08,Clothing,Jeans,Central,Wholesale,78,171.84,13403.52,4160.42
2023-12-08,Sports,Dumbbell Set,North,Direct,15,237.95,4283.1,1447.29
2023-12-08,Clothing,Dress,West,Direct,9,427.13,4228.59,1082.33
2023-12-08,Beauty,Skin Care Kit,East,Retail,84,211.23,17743.32,
2023-12-08,Home & Garden,Lamp,Central,Retail,66,392.97,25936.02,9885.58
2023-12-08,Home & Garden,Cookware Set,East,Retail,39,371.68,14495.52,3751.98
2023-12-08,Beauty,Face Serum,North,Direct,82,84.85,8349.24,3439.15
2023-12-08,Clothing,T-Shirt,West,Direct,48,223.48,11799.74,4396.54
2023-12-08,Electronics,Smartphone,Central,Retail,11,202.36,2225.96,396.06
2023-12-08,Sports,Bike Helmet,South,Direct,44,313.32,13096.78,5811.85
2023-12-08,Sports,Bike Helmet,Central,Direct,92,490.46,45122.32,8825.06
2023-12-08,Beauty,Skin Care Kit,Central,Wholesale,41,149.11,6113.51,1066.72
2023-12-08,Clothing,Dress,Central,Direct,38,40.72,1547.36,610.22
2023-12-09,Beauty,Makeup Palette,East,Direct,80,408.43,32674.4,10946.69
2023-12-09,Electronics,Headphones,South,Retail,61,74.09,4293.52,719.93
2023-12-09,Sports,Running Shoes,East,Retail,91,184.71,16808.61,4046.43
2023-12-09,Sports,Running Shoes,Central,Retail,1,200.44,200.44,36.45
2023-12-09,Sports,Yoga Mat,East,Retail,83,412.55,34241.65,
2023-12-09,Clothing,Jeans,East,Wholesale,87,389.27,33866.49,10271.98
2023-12-09,Electronics,Smartphone,Central,Direct,82,494.63,40559.66,6242.27
2023-12-09,Sports,Bike Helmet,West,Wholesale,26,276.51,7908.19,2944.8
2023-12-09,Electronics,Laptop,Central,Direct,94,330.98,31112.12,8261.11
2023-12-09,Clothing,Dress,West,Direct,5,50.2,276.1,105.5
2023-12-09,Electronics,Headphones,East,Direct,8,189.55,1516.4,590.73
2023-12-09,Electronics,Tablet,Central,Retail,37,295.75,10942.75,2712.53
2023-12-09,Sports,Dumbbell Set,East,Direct,28,74.08,2074.24,851.19
2023-12-09,Home & Garden,Bedding Set,Central,Wholesale,39,337.19,13150.41,2105.24
2023-12-09,Beauty,Face Serum,Central,Direct,68,131.34,8931.12,3453.19
2023-12-09,Sports,Bike Helmet,East,Direct,84,378.13,31762.92,10768.53
2023-12-09,Home & Garden,Lamp,North,Retail,57,330.37,22597.31,9390.24
2023-12-09,Home & Garden,Garden Tools,East,Wholesale,93,84.13,7824.09,3481.17
2023-12-09,Clothing,Jacket,North,Direct,84,72.11,7268.69,3171.34
2023-12-09,Beauty,Makeup Palette,South,Wholesale,94,230.81,20611.33,4633.2
2023-12-10,Electronics,Headphones,Central,Wholesale,62,295.3,18308.6,5681.35
2023-12-10,Electronics,Headphones,North,Wholesale,2,94.15,225.96,66.24
2023-12-10,Home & Garden,Cookware Set,South,Retail,4,170.49,647.86,139.89
2023-12-10,Clothing,Dress,West,Wholesale,51,202.51,11360.81,2453.55
2023-12-10,Beauty,Hair Dryer,East,Retail,3,354.41,1063.23,312.5
2023-12-10,Sports,Tennis Racket,South,Direct,83,467.54,36865.53,13013.96
2023-12-10,Home & Garden,Lamp,North,Wholesale,87,75.63,7895.77,3429.97
2023-12-10,Clothing,Sneakers,Central,Wholesale,29,190.31,5518.99,1991.01
2023-12-10,Clothing,Dress,West,Wholesale,15,395.48,6525.42,1789.81
2023-12-10,Home & Garden,Cookware Set,West,Direct,37,53.28,2168.5,452.96
2023-12-10,Electronics,Smartwatch,West,Retail,4,259.3,1140.92,311.55
2023-12-10,Beauty,Hair Dryer,Central,Retail,29,421.27,12216.83,5259.71
2023-12-10,Sports,Dumbbell Set,North,Retail,90,498.3,53816.4,9723.3
2023-12-11,Beauty,Hair Dryer,Central,Retail,50,215.15,10757.5,3579.0
2023-12-11,Beauty,Face Serum,East,Retail,58,314.27,18227.66,7108.26
2023-12-11,Electronics,Laptop,Central,Direct,90,311.42,28027.8,8751.83
2023-12-11,Sports,Dumbbell Set,South,Retail,8,157.47,1196.77,
2023-12-11,Clothing,Jeans,North,Direct,84,414.36,41767.49,15656.79
2023-12-11,Beauty,Makeup Palette,East,Retail,60,91.4,5484.0,973.13
2023-12-11,Home & Garden,Office Chair,North,Retail,57,195.45,13368.78,2088.93
2023-12-11,Beauty,Fragrance,West,Direct,32,167.65,5901.28,1818.98
2023-12-11,Electronics,Headphones,West,Direct,57,173.09,10852.74,1703.74
2023-12-11,Electronics,Laptop,South,Wholesale,31,84.2,2479.69,1103.9
2023-12-11,Home & Garden,Cookware Set,South,Retail,14,276.92,3683.04,762.87
2023-12-11,Home & Garden,Bedding Set,South,Direct,48,228.88,10436.93,1892.5
2023-12-12,Clothing,Jeans,West,Direct,58,170.89,10902.78,3792.28
2023-12-12,Electronics,Laptop,North,Retail,5,194.92,1169.52,487.72
2023-12-12,Sports,Running Shoes,South,Direct,24,151.91,3463.55,794.9
2023-12-12,Home & Garden,Lamp,Central,Direct,52,345.4,17960.8,4195.83
2023-12-12,Home & Garden,Office Chair,North,Direct,19,88.43,2016.2,893.43
2023-12-12,Home & Garden,Lamp,West,Direct,38,149.8,6261.64,2246.38
2023-12-12,Beauty,Skin Care Kit,East,Wholesale,13,471.88,6134.44,962.47
2023-12-12,Electronics,Smartwatch,West,Wholesale,37,483.36,19672.75,8564.16
2023-12-12,Electronics,Tablet,South,Wholesale,71,31.67,2136.14,479.91
2023-12-12,Clothing,Sneakers,West,Retail,11,136.69,1653.95,676.3
2023-12-12,Home & Garden,Cookware Set,Central,Direct,16,228.49,3655.84,1398.11
2023-12-12,Sports,Bike Helmet,West,Wholesale,8,362.37,3188.86,1284.58
2023-12-13,Electronics,Headphones,Central,Wholesale,9,153.49,1381.41,262.97
2023-12-13,Sports,Dumbbell Set,West,Wholesale,23,167.69,4242.56,1112.24
2023-12-13,Home & Garden,Bedding Set,West,Retail,87,154.49,14784.69,5516.46
2023-12-13,Clothing,Sneakers,Central,Wholesale,2,72.69,145.38,28.6
2023-12-13,Beauty,Hair Dryer,South,Wholesale,95,135.68,12245.12,4338.1
2023-12-13,Sports,Dumbbell Set,North,Retail,68,214.01,17463.22,6756.84
2023-12-13,Beauty,Hair Dryer,South,Retail,37,425.78,14966.17,5400.46
2023-12-13,Home & Garden,Cookware Set,East,Wholesale,74,77.64,5745.36,2289.7
2023-12-13,Sports,Running Shoes,East,Wholesale,28,57.57,1611.96,634.3
2023-12-13,Sports,Dumbbell Set,West,Wholesale,57,386.63,24241.7,10068.35
2023-12-13,Electronics,Smartwatch,South,Retail,7,411.18,2734.35,782.54
2023-12-13,Home & Garden,Cookware Set,West,Wholesale,72,448.26,35502.19,11286.97
2023-12-13,Home & Garden,Cookware Set,South,Retail,73,460.36,31925.97,13086.77
2023-12-13,Clothing,T-Shirt,East,Retail,68,259.32,17633.76,2665.17
2023-12-13,Beauty,Makeup Palette,East,Direct,72,376.94,27139.68,4339.12
2023-12-13,Sports,Dumbbell Set,Central,Retail,91,310.93,28294.63,4246.44
2023-12-13,Home & Garden,Lamp,South,Direct,21,126.99,2533.45,634.42
2023-12-13,Electronics,Smartwatch,North,Direct,70,358.8,30139.2,9400.56
2023-12-13,Clothing,Jeans,West,Retail,61,75.6,5072.76,2242.01
2023-12-13,Clothing,T-Shirt,Central,Direct,79,179.24,14159.96,2784.39
2023-12-13,Sports,Yoga Mat,East,Wholesale,29,42.78,1240.62,294.69
2023-12-13,Home & Garden,Garden Tools,South,Retail,51,51.67,2503.41,480.43
2023-12-13,Electronics,Smartwatch,South,Retail,7,411.18,2734.35,782.54
2023-12-14,Beauty,Fragrance,Central,Wholesale,50,126.42,6321.0,2435.43
2023-12-14,Home & Garden,Cookware Set,East,Direct,83,244.58,20300.14,3312.48
2023-12-14,Home & Garden,Garden Tools,West,Direct,10,55.19,607.09,261.13
2023-12-14,Clothing,Sneakers,East,Wholesale,51,360.41,18380.91,6873.67
2023-12-14,Electronics,Headphones,East,Retail,68,254.16,17282.88,3305.29
2023-12-14,Clothing,Jacket,South,Retail,25,167.26,3972.42,1744.96
2023-12-14,Sports,Yoga Mat,North,Retail,90,168.08,18152.64,
2023-12-14,Electronics,Smartwatch,Central,Direct,30,492.12,14763.6,3429.39
2023-12-14,Sports,Tennis Racket,West,Retail,33,461.09,16737.57,3451.6
2023-12-14,Electronics,Tablet,South,Retail,12,230.46,2627.24,614.05
2023-12-14,Electronics,Laptop,North,Retail,9,90.7,979.56,207.77
2023-12-14,Home & Garden,Office Chair,West,Retail,20,415.78,9147.16,
2023-12-14,Sports,Yoga Mat,South,Direct,31,481.98,14194.31,2484.59
2023-12-14,Beauty,Hair Dryer,North,Wholesale,91,391.37,42737.6,18419.27
2023-12-14,Clothing,Dress,South,Direct,51,44.69,2165.23,511.18
2023-12-14,Clothing,Jacket,North,Retail,70,239.78,20141.52,5517.23
2023-12-14,Beauty,Hair Dryer,East,Wholesale,64,369.56,23651.84,3566.97
2023-12-14,Home & Garden,Garden Tools,North,Retail,10,219.12,2629.44,944.3
2023-12-15,Clothing,Jacket,Central,Wholesale,89,416.98,37111.22,8270.41
2023-12-15,Clothing,T-Shirt,West,Direct,45,298.63,14782.19,5505.15
2023-12-15,Electronics,Smartphone,West,Retail,77,185.4,15703.38,3190.24
2023-12-15,Sports,Tennis Racket,West,Direct,28,334.28,10295.82,2501.35
2023-12-15,Electronics,Smartwatch,West,Direct,9,256.02,2534.6,732.38
2023-12-15,Beauty,Skin Care Kit,Central,Wholesale,97,352.97,34238.09,12402.82
2023-12-15,Home & Garden,Lamp,South,Direct,20,185.22,3519.18,648.72
2023-12-15,Sports,Running Shoes,Central,Direct,56,333.42,18671.52,4862.57
2023-12-15,Sports,Dumbbell Set,West,Wholesale,39,488.25,20945.93,6440.0
2023-12-15,Clothing,Jacket,East,Direct,25,448.08,11202.0,3786.19
2023-12-15,Electronics,Smartwatch,East,Retail,83,439.64,36490.12,15573.92
2023-12-15,Sports,Tennis Racket,North,Retail,47,141.87,8001.47,2036.53
2023-12-15,Clothing,Sneakers,South,Wholesale,64,356.07,21649.06,3456.27
2023-12-15,Clothing,Jeans,South,Wholesale,33,357.13,11196.03,2959.74
2023-12-15,Clothing,Dress,South,Direct,10,419.01,3980.6,
2023-12-15,Sports,Yoga Mat,West,Direct,18,302.91,5997.62,1943.14
2023-12-15,Beauty,Hair Dryer,East,Retail,79,475.48,37562.92,6112.07
2023-12-16,Beauty,Fragrance,East,Retail,6,487.4,2924.4,924.13
2023-12-16,Beauty,Makeup Palette,East,Wholesale,23,96.29,2214.67,725.87
2023-12-16,Sports,Dumbbell Set,East,Direct,71,227.97,16185.87,7135.75
2023-12-16,Electronics,Laptop,South,Direct,65,427.14,26375.89,7712.7
2023-12-16,Sports,Running Shoes,North,Wholesale,41,424.44,20882.45,5818.64
2023-12-16,Beauty,Face Serum,Central,Retail,40,205.62,8224.8,1373.5
2023-12-16,Electronics,Laptop,South,Direct,70,219.99,14629.34,6129.32
2023-12-16,Beauty,Face Serum,East,Retail,85,395.31,33601.35,13222.7
2023-12-16,Sports,Bike Helmet,Central,Retail,47,179.87,8453.89,
2023-12-16,Beauty,Face Serum,East,Wholesale,59,487.89,28785.51,10014.75
2023-12-16,Sports,Tennis Racket,East,Retail,6,374.02,2244.12,947.64
2023-12-16,Clothing,Jacket,South,Direct,62,38.19,2249.39,368.67
2023-12-16,Home & Garden,Lamp,South,Wholesale,19,227.1,4099.15,1539.54
2023-12-16,Sports,Yoga Mat,Central,Retail,88,465.12,40930.56,12439.53
2023-12-16,Sports,Running Shoes,South,Retail,34,255.0,8236.5,2343.59
2023-12-16,Home & Garden,Lamp,Central,Retail,56,150.83,8446.48,3354.78
2023-12-16,Clothing,Sneakers,East,Wholesale,3,32.25,96.75,16.89
2023-12-16,Beauty,Hair Dryer,North,Retail,25,495.37,14861.1,2673.35
2023-12-16,Sports,Tennis Racket,West,Wholesale,25,264.65,7277.88,1317.45
2023-12-16,Clothing,Jeans,West,Retail,63,125.29,8682.6,3636.43
2023-12-16,Beauty,Skin Care Kit,West,Wholesale,68,140.71,10525.11,3490.06
2023-12-17,Electronics,Tablet,East,Wholesale,71,74.2,5268.2,1245.45
2023-12-17,Electronics,Headphones,Central,Wholesale,17,55.53,944.01,368.83
2023-12-17,Beauty,Hair Dryer,South,Retail,41,410.61,15993.26,6871.51
2023-12-17,Home & Garden,Office Chair,North,Wholesale,28,219.92,7389.31,2231.16
2023-12-17,Electronics,Laptop,North,Retail,24,345.68,9955.58,2798.33
2023-12-17,Electronics,Laptop,Central,Wholesale,37,14.65,542.05,92.01
2023-12-17,Beauty,Face Serum,East,Direct,2,226.34,452.68,177.97
2023-12-17,Clothing,Jacket,East,Wholesale,73,157.85,11523.05,2702.76
2023-12-17,Home & Garden,Bedding Set,South,Retail,41,180.4,7026.58,1310.08
2023-12-17,Clothing,Dress,Central,Retail,80,341.12,27289.6,4647.03
2023-12-17,Sports,Running Shoes,East,Retail,69,339.59,23431.71,5870.5
2023-12-17,Home & Garden,Cookware Set,South,Direct,56,488.79,26003.63,4192.04
2023-12-17,Beauty,Face Serum,East,Direct,34,440.04,14961.36,5292.28
2023-12-17,Electronics,Smartphone,East,Direct,59,260.01,15340.59,4022.62
2023-12-17,Sports,Running Shoes,North,Direct,62,349.08,25971.55,4935.06
2023-12-17,Clothing,T-Shirt,East,Direct,56,100.08,5604.48,1481.32
2023-12-18,Clothing,Sneakers,Central,Direct,34,457.3,15548.2,4161.06
2023-12-18,Electronics,Smartphone,Central,Wholesale,9,267.06,2403.54,959.51
2023-12-18,Beauty,Fragrance,East,Direct,30,441.74,13252.2,2034.8
2023-12-18,Home & Garden,Cookware Set,North,Retail,21,431.37,10870.52,4107.58
2023-12-18,Sports,Running Shoes,South,Direct,45,461.4,19724.85,7338.65
2023-12-18,Home & Garden,Office Chair,South,Retail,11,335.51,3506.08,1085.17
2023-12-18,Clothing,Sneakers,North,Wholesale,41,246.18,12112.06,4622.85
2023-12-18,Electronics,Tablet,North,Direct,67,457.3,36766.92,12107.95
2023-12-18,Sports,Tennis Racket,South,Wholesale,26,164.62,4066.11,1209.95
2023-12-18,Electronics,Smartphone,Central,Wholesale,99,399.39,39539.61,14121.64
2023-12-18,Sports,Running Shoes,North,Direct,63,325.29,24591.92,6027.44
2023-12-18,Beauty,Hair Dryer,East,Direct,22,165.98,3651.56,1516.22
2023-12-18,Sports,Running Shoes,West,Wholesale,39,326.4,14002.56,3342.86
2023-12-18,Beauty,Face Serum,Central,Direct,66,220.08,14525.28,6097.91
2023-12-18,Beauty,Makeup Palette,Central,Wholesale,25,131.63,3290.75,984.15
2023-12-19,Home & Garden,Cookware Set,North,Wholesale,30,449.67,16188.12,4952.4
2023-12-19,Home & Garden,Bedding Set,North,Retail,85,264.95,27024.9,9103.05
2023-12-19,Clothing,Sneakers,North,Direct,17,366.61,7478.84,2607.18
2023-12-19,Clothing,T-Shirt,South,Direct,61,356.17,20640.05,8111.25
2023-12-19,Clothing,Sneakers,North,Wholesale,27,87.13,2823.01,1157.49
2023-12-19,Sports,Bike Helmet,South,Wholesale,82,100.32,7814.93,2153.95
2023-12-19,Beauty,Skin Care Kit,Central,Retail,62,169.43,10504.66,4531.38
2023-12-19,Home & Garden,Lamp,Central,Wholesale,64,188.51,12064.64,4384.67
2023-12-19,Clothing,Jacket,East,Wholesale,35,269.57,9434.95,3493.03
2023-12-19,Electronics,Smartwatch,Central,Direct,19,454.53,8636.07,1904.99
2023-12-19,Clothing,T-Shirt,West,Wholesale,60,63.7,4204.2,1351.86
2023-12-19,Electronics,Tablet,South,Direct,18,336.29,5750.56,1818.22
2023-12-19,Home & Garden,Bedding Set,East,Wholesale,75,167.89,12591.75,5141.1
2023-12-20,Beauty,Hair Dryer,West,Retail,65,306.66,21926.19,3941.31
2023-12-20,Beauty,Makeup Palette,East,Wholesale,40,103.38,4135.2,1339.21
2023-12-20,Beauty,Fragrance,South,Wholesale,3,472.2,1345.77,255.44
2023-12-20,Beauty,Makeup Palette,East,Retail,50,60.41,3020.5,1273.78
2023-12-20,Electronics,Headphones,South,Retail,89,389.37,32921.23,7298.44
2023-12-20,Beauty,Hair Dryer,North,Retail,99,399.15,47419.02,20812.38
2023-12-20,Home & Garden,Bedding Set,Central,Wholesale,84,431.19,36219.96,7022.69
2023-12-20,Sports,Tennis Racket,Central,Wholesale,51,132.02,6733.02,2988.95
2023-12-20,Electronics,Headphones,West,Retail,50,374.09,20574.95,6086.48
2023-12-20,Electronics,Laptop,South,Direct,30,108.43,3090.26,1179.32
2023-12-20,Sports,Tennis Racket,Central,Retail,88,299.89,26390.32,7537.74
2023-12-20,Home & Garden,Office Chair,South,Retail,58,125.02,6888.6,2801.06
2023-12-20,Home & Garden,Bedding Set,Central,Wholesale,8,141.18,1129.44,249.92
2023-12-21,Sports,Bike Helmet,West,Retail,71,243.24,18997.04,6478.46
2023-12-21,Sports,Tennis Racket,Central,Retail,37,81.48,3014.76,1053.98
2023-12-21,Beauty,Hair Dryer,North,Retail,89,75.9,8106.12,3307.16
2023-12-21,Sports,Yoga Mat,North,Wholesale,73,419.34,36734.18,10307.74
2023-12-21,Beauty,Hair Dryer,North,Direct,60,68.35,4921.2,1595.33
2023-12-21,Home & Garden,Cookware Set,Central,Retail,96,309.53,29714.88,12179.33
2023-12-21,Beauty,Skin Care Kit,North,Direct,8,448.63,4306.85,1793.61
2023-12-21,Home & Garden,Lamp,West,Wholesale,62,51.73,3527.99,882.64
2023-12-21,Electronics,Tablet,West,Wholesale,52,304.21,17400.81,3604.79
2023-12-21,Beauty,Hair Dryer,West,Wholesale,98,354.3,38193.54,7072.82
2023-12-21,Electronics,Headphones,West,Direct,92,286.15,28958.38,8828.81
2023-12-21,Electronics,Laptop,North,Retail,56,484.75,32575.2,13792.92
2023-12-21,Home & Garden,Bedding Set,East,Retail,25,307.38,7684.5,2990.38
2023-12-21,Beauty,Hair Dryer,East,Direct,59,403.84,23826.56,9360.48
2023-12-21,Sports,Tennis Racket,Central,Retail,75,177.02,13276.5,4285.18
2023-12-22,Electronics,Headphones,East,Wholesale,21,208.65,4381.65,1317.81
2023-12-22,Home & Garden,Lamp,East,Wholesale,77,274.0,21098.0,5213.23
2023-12-22,Sports,Bike Helmet,North,Direct,6,490.49,3531.53,873.07
2023-12-22,Home & Garden,Bedding Set,West,Retail,76,108.15,9041.34,1397.88
2023-12-22,Clothing,T-Shirt,South,Wholesale,89,37.49,3169.78,1015.01
2023-12-22,Electronics,Smartwatch,North,Retail,98,136.6,16064.16,7152.12
2023-12-22,Home & Garden,Bedding Set,West,Retail,23,453.26,11467.48,2085.8
2023-12-22,Home & Garden,Cookware Set,West,Direct,51,288.75,16198.88,4308.6
2023-12-22,Electronics,Tablet,South,Wholesale,86,110.76,9049.09,1368.76
2023-12-22,Electronics,Smartwatch,West,Wholesale,32,266.62,9385.02,2313.65
2023-12-22,Sports,Dumbbell Set,East,Wholesale,36,167.7,6037.2,1497.18
2023-12-22,Electronics,Laptop,East,Retail,66,485.07,32014.62,6315.37
2023-12-22,Sports,Dumbbell Set,North,Wholesale,43,476.23,24573.47,7145.99
2023-12-22,Electronics,Smartphone,North,Retail,72,180.84,15624.58,5461.88
2023-12-22,Sports,Running Shoes,Central,Direct,20,64.27,1285.4,250.7
2023-12-22,Electronics,Smartphone,South,Retail,95,300.45,27115.61,10325.07
2023-12-22,Electronics,Headphones,North,Retail,13,86.91,1355.8,
2023-12-22,Home & Garden,Office Chair,East,Direct,16,140.39,2246.24,766.31
2023-12-22,Clothing,Dress,East,Direct,64,213.86,13687.04,5723.17
2023-12-22,Beauty,Face Serum,Central,Direct,54,10.96,591.84,198.24
2023-12-22,Electronics,Smartwatch,East,Direct,65,389.21,25298.65,5109.32
2023-12-22,Electronics,Laptop,South,Wholesale,95,97.65,8812.91,2226.06
2023-12-22,Home & Garden,Cookware Set,East,Direct,21,431.75,9066.75,3518.18
2023-12-23,Clothing,Dress,East,Wholesale,71,166.06,11790.26,2269.24
2023-12-23,Sports,Running Shoes,South,Retail,59,385.85,21626.89,3370.42
2023-12-23,Electronics,Laptop,East,Retail,74,271.87,20118.38,8153.93
2023-12-23,Electronics,Smartwatch,South,Retail,88,357.35,29874.46,5948.54
2023-12-23,Home & Garden,Garden Tools,East,Retail,21,223.8,4699.8,813.5
2023-12-23,Beauty,Makeup Palette,Central,Direct,52,194.81,10130.12,1672.01
2023-12-23,Electronics,Smartwatch,Central,Direct,12,318.64,3823.68,
2023-12-23,Clothing,Dress,South,Direct,97,123.86,11413.7,4075.24
2023-12-23,Sports,Running Shoes,West,Wholesale,5,397.46,2186.03,583.8
2023-12-23,Beauty,Hair Dryer,North,Retail,50,209.51,12570.6,3290.83
2023-12-23,Electronics,Smartwatch,West,Direct,28,345.67,10646.64,2211.42
2023-12-23,Home & Garden,Cookware Set,Central,Wholesale,14,88.03,1232.42,221.47
2023-12-24,Electronics,Smartphone,East,Wholesale,59,312.51,18438.09,7266.85
2023-12-24,Beauty,Fragrance,North,Direct,36,395.51,17086.03,3820.2
2023-12-24,Beauty,Face Serum,Central,Wholesale,32,378.96,12126.72,2701.07
2023-12-24,Sports,Yoga Mat,North,Retail,64,66.84,5133.31,2120.42
2023-12-24,Home & Garden,Lamp,West,Direct,36,52.62,2083.75,741.29
2023-12-24,Home & Garden,Cookware Set,South,Retail,96,330.55,30146.16,6610.27
2023-12-24,Electronics,Laptop,East,Retail,53,281.65,14927.45,4039.65
2023-12-24,Sports,Yoga Mat,West,Direct,29,422.67,13483.17,2708.42
2023-12-24,Sports,Yoga Mat,West,Direct,30,13.34,440.22,190.67
2023-12-24,Sports,Tennis Racket,Central,Retail,84,346.43,29100.12,9957.67
2023-12-24,Electronics,Tablet,South,Retail,92,199.58,17443.29,6468.48
2023-12-24,Sports,Bike Helmet,West,Retail,12,111.51,1471.93,355.97
2023-12-24,Beauty,Face Serum,Central,Wholesale,71,228.24,16205.04,5561.22
2023-12-24,Electronics,Smartwatch,East,Wholesale,7,462.76,3239.32,1396.37
2023-12-24,Home & Garden,Cookware Set,North,Direct,36,426.63,18430.42,7772.26
2023-12-24,Sports,Running Shoes,North,Retail,56,475.19,31932.77,7633.75
2023-12-24,Beauty,Makeup Palette,North,Wholesale,73,42.03,3681.83,1551.84
2023-12-25,Beauty,Face Serum,North,Wholesale,62,364.8,27141.12,8995.47
2023-12-25,Beauty,Hair Dryer,East,Direct,65,495.26,32191.9,6021.15
2023-12-25,Sports,Dumbbell Set,South,Retail,59,154.52,8660.85,1583.93
2023-12-25,Electronics,Tablet,Central,Retail,48,291.25,13980.0,5835.69
2023-12-25,Beauty,Makeup Palette,East,Retail,41,379.66,15566.06,3972.17
2023-12-25,Clothing,Jacket,East,Retail,75,473.0,35475.0,9216.95
2023-12-25,Electronics,Headphones,South,Wholesale,81,402.39,30963.91,12578.99
2023-12-25,Home & Garden,Garden Tools,North,Wholesale,48,225.31,12977.86,4064.86
2023-12-25,Home & Garden,Garden Tools,North,Direct,68,198.95,16234.32,6699.77
2023-12-25,Home & Garden,Lamp,West,Wholesale,41,170.15,7673.77,3388.88
2023-12-25,Electronics,Headphones,South,Wholesale,38,54.05,1951.2,864.31
2023-12-25,Beauty,Skin Care Kit,Central,Direct,40,349.58,13983.2,2253.47
2023-12-25,Clothing,Jacket,North,Direct,57,354.32,24235.49,9384.51
2023-12-25,Home & Garden,Office Chair,Central,Direct,58,98.71,5725.18,2180.1
2023-12-25,Sports,Yoga Mat,West,Direct,44,244.28,11823.15,3579.65
2023-12-26,Electronics,Smartphone,North,Wholesale,65,326.6,25474.8,4120.36
2023-12-26,Beauty,Hair Dryer,West,Wholesale,74,279.58,22757.81,3911.25
2023-12-26,Sports,Running Shoes,North,Wholesale,22,356.53,9412.39,3027.01
2023-12-26,Beauty,Makeup Palette,South,Wholesale,97,197.52,18201.47,4175.49
2023-12-26,Sports,Tennis Racket,East,Wholesale,24,56.97,1367.28,350.77
2023-12-26,Sports,Tennis Racket,South,Direct,89,282.14,23854.94,6425.78
2023-12-26,Beauty,Makeup Palette,Central,Retail,12,133.91,1606.92,316.39
2023-12-26,Home & Garden,Office Chair,West,Direct,80,58.64,5160.32,
2023-12-26,Sports,Running Shoes,North,Retail,98,458.6,53931.36,19415.0
2023-12-26,Electronics,Smartwatch,Central,Retail,73,227.91,16637.43,2722.2
2023-12-26,Sports,Dumbbell Set,South,Direct,52,486.16,24016.3,4280.84
2023-12-26,Clothing,Dress,West,Retail,50,279.2,15356.0,5480.55
2023-12-26,Electronics,Smartphone,East,Wholesale,34,430.55,14638.7,2418.99
2023-12-26,Clothing,Sneakers,South,Direct,4,209.88,797.54,161.68
2023-12-26,Clothing,Dress,North,Direct,95,95.7,10909.8,2949.14
2023-12-27,Home & Garden,Garden Tools,South,Direct,82,443.81,34572.8,6106.17
2023-12-27,Electronics,Headphones,West,Direct,47,399.23,20640.19,5758.45
2023-12-27,Clothing,Dress,North,Retail,81,408.0,39657.6,11544.12
2023-12-27,Sports,Running Shoes,North,Direct,43,301.37,15550.69,5983.41
2023-12-27,Beauty,Face Serum,West,Wholesale,82,355.98,32109.4,13483.74
2023-12-27,Clothing,T-Shirt,North,Direct,73,331.2,29013.12,10066.53
2023-12-27,Sports,Running Shoes,North,Direct,27,336.15,10891.26,1663.34
2023-12-27,Sports,Running Shoes,East,Direct,34,228.87,7781.58,1639.55
2023-12-27,Sports,Tennis Racket,South,Direct,37,361.96,12722.89,4394.77
2023-12-27,Electronics,Laptop,South,Wholesale,41,291.2,11342.24,3382.3
2023-12-27,Home & Garden,Lamp,Central,Wholesale,91,358.67,32638.97,8422.99
2023-12-27,Electronics,Laptop,Central,Retail,87,284.87,24783.69,7854.67
2023-12-27,Beauty,Makeup Palette,West,Wholesale,42,220.69,10195.88,2918.43
2023-12-27,Home & Garden,Garden Tools,South,Retail,19,456.76,8244.52,1919.65
2023-12-27,Electronics,Smartwatch,South,Direct,27,446.27,11446.83,3528.62
2023-12-28,Home & Garden,Garden Tools,South,Retail,83,283.81,22378.42,3806.61
2023-12-28,Electronics,Headphones,South,Direct,17,436.52,7049.8,1712.59
2023-12-28,Home & Garden,Cookware Set,East,Wholesale,83,349.92,29043.36,8349.17
2023-12-28,Home & Garden,Office Chair,West,Retail,61,460.04,30868.68,10389.93
2023-12-28,Sports,Tennis Racket,East,Wholesale,38,399.41,15177.58,6131.25
2023-12-28,Electronics,Smartwatch,Central,Direct,81,242.62,19652.22,5165.77
2023-12-28,Electronics,Headphones,East,Wholesale,73,26.26,1916.98,612.22
2023-12-28,Sports,Dumbbell Set,East,Retail,78,102.9,8026.2,2098.25
2023-12-28,Beauty,Fragrance,Central,Direct,23,247.84,5700.32,2298.37
2023-12-28,Clothing,Jeans,East,Wholesale,8,326.04,2608.32,482.35
2023-12-28,Sports,Bike Helmet,South,Retail,73,78.41,5437.73,859.9
2023-12-28,Home & Garden,Cookware Set,North,Wholesale,71,59.48,5067.7,1840.21
2023-12-28,Beauty,Face Serum,East,Wholesale,10,199.95,1999.5,439.41
2023-12-28,Home & Garden,Cookware Set,East,Retail,2,329.06,658.12,153.15
2023-12-28,Sports,Yoga Mat,North,Direct,18,59.23,1279.37,521.13
2023-12-28,Sports,Yoga Mat,Central,Retail,9,172.3,1550.7,555.85
2023-12-28,Electronics,Headphones,Central,Direct,36,171.46,6172.56,2412.9
2023-12-28,Electronics,Headphones,East,Direct,37,80.52,2979.24,1003.83
2023-12-29,Electronics,Tablet,South,Direct,95,298.08,26901.72,6865.03
2023-12-29,Home & Garden,Lamp,North,Wholesale,41,24.37,1199.0,205.91
2023-12-29,Home & Garden,Lamp,Central,Direct,9,62.47,562.23,200.86
2023-12-29,Electronics,Laptop,East,Retail,19,238.71,4535.49,828.27
2023-12-29,Home & Garden,Office Chair,South,Wholesale,59,126.57,7094.25,2541.92
2023-12-29,Beauty,Skin Care Kit,West,Direct,97,356.69,38058.82,9213.24
2023-12-29,Sports,Dumbbell Set,West,Wholesale,79,28.88,2509.67,747.98
2023-12-29,Sports,Bike Helmet,North,Retail,60,210.24,15137.28,5974.84
2023-12-29,Beauty,Hair Dryer,South,Retail,84,484.21,38639.96,15934.59
2023-12-29,Sports,Running Shoes,North,Direct,33,152.82,6051.67,1166.74
2023-12-29,Beauty,Face Serum,South,Retail,41,264.69,10309.68,2417.82
2023-12-29,Sports,Tennis Racket,South,Wholesale,93,189.65,16755.58,3909.41
2023-12-29,Sports,Dumbbell Set,West,Direct,3,47.09,155.4,26.21
2023-12-29,Electronics,Smartphone,North,Retail,33,125.47,4968.61,1514.74
2023-12-29,Clothing,Jeans,North,Retail,10,130.74,1568.88,510.98
2023-12-29,Electronics,Laptop,North,Wholesale,24,50.92,1466.5,306.58
2023-12-29,Beauty,Face Serum,Central,Retail,85,496.18,42175.3,7315.22
2023-12-29,Sports,Dumbbell Set,East,Retail,21,483.94,10162.74,2646.18
2023-12-29,Sports,Dumbbell Set,West,Direct,3,47.09,155.4,26.21
2023-12-30,Sports,Bike Helmet,Central,Wholesale,98,127.76,12520.48,3666.35
2023-12-30,Beauty,Fragrance,West,Retail,12,132.54,1749.53,625.48
2023-12-30,Home & Garden,Lamp,South,Direct,23,334.68,7312.76,1267.8
2023-12-30,Beauty,Face Serum,South,Wholesale,2,67.2,127.68,22.69
2023-12-30,Sports,Bike Helmet,North,Wholesale,97,313.33,36471.61,15623.56
2023-12-30,Home & Garden,Bedding Set,West,Wholesale,36,263.46,10433.02,3874.99
2023-12-30,Sports,Running Shoes,East,Direct,71,396.44,28147.24,10218.8
2023-12-30,Clothing,Jeans,South,Retail,32,83.22,2529.89,930.19
2023-12-30,Home & Garden,Garden Tools,Central,Retail,66,48.12,3175.92,535.46
2023-12-30,Clothing,Jacket,South,Retail,10,204.45,1942.27,816.89
2023-12-30,Sports,Running Shoes,Central,Direct,51,435.08,22189.08,6635.67
2023-12-30,Electronics,Headphones,Central,Retail,44,65.89,2899.16,737.23
2023-12-30,Home & Garden,Garden Tools,West,Wholesale,56,371.07,22857.91,9791.9
2023-12-30,Beauty,Fragrance,South,Wholesale,45,392.53,16780.66,5375.7
2023-12-30,Electronics,Headphones,South,Retail,19,237.09,4279.47,1748.18
2023-12-30,Electronics,Laptop,West,Wholesale,11,223.77,2707.62,822.4
2023-12-30,Home & Garden,Lamp,South,Wholesale,76,387.37,27968.11,4338.97
2023-12-30,Sports,Tennis Racket,South,Wholesale,36,454.5,15543.9,2404.97
2023-12-30,Beauty,Fragrance,South,Retail,46,388.35,16970.9,2872.95
2023-12-30,Electronics,Headphones,South,Direct,84,299.44,23895.31,7498.74
2023-12-31,Electronics,Laptop,East,Direct,55,143.27,7879.85,1332.97
2023-12-31,Home & Garden,Cookware Set,West,Direct,18,256.14,5071.57,1680.79
2023-12-31,Clothing,Jacket,South,Wholesale,9,144.21,1233.0,215.17
2023-12-31,Clothing,Dress,West,Wholesale,89,163.5,16006.65,6890.29
2023-12-31,Clothing,Jacket,East,Direct,29,41.22,1195.38,282.53
2023-12-31,Electronics,Tablet,North,Wholesale,59,475.48,33663.98,14061.68
2023-12-31,Electronics,Laptop,East,Wholesale,14,314.81,4407.34,1864.35
2023-12-31,Home & Garden,Cookware Set,West,Direct,34,37.68,1409.23,427.17
2023-12-31,Sports,Yoga Mat,North,Wholesale,66,25.67,2033.06,622.07
2023-12-31,Beauty,Skin Care Kit,South,Wholesale,45,281.85,12049.09,3054.3
2023-12-31,Sports,Yoga Mat,East,Wholesale,68,442.05,30059.4,12442.62
2023-12-31,Electronics,Tablet,West,Retail,56,383.65,23632.84,10622.32
